transaction_id,vendor_id,vendor_name,department,invoice_number,amount,posting_datetime,approved_by,is_planted_anomaly,anomaly_type
T102966,V1070,"Evans, Alvarado and Mcmillan",IT,INV-16051,57854.4,2025-01-01 07:15:00,Dennis T.,False,
T100920,V1055,Horton-Cross,Marketing,INV-20215,69430.17,2025-01-01 08:13:00,Joshua P.,False,
T103939,V1018,Clark PLC,Operations,INV-62190,2427.95,2025-01-01 09:39:00,Jeremy R.,False,
T104212,V1086,Garrison and Sons,Marketing,INV-71536,11378.91,2025-01-01 10:19:00,John M.,False,
T105181,V1011,Stanley LLC,HR,INV-55738,49847.49,2025-01-01 11:27:00,Crystal A.,False,
T100270,V1033,Koch-Decker,Legal,INV-81118,51445.02,2025-01-01 11:42:00,Robert W.,False,
T101648,V1043,"Young, Caldwell and Lewis",Procurement,INV-47287,25970.87,2025-01-01 11:46:00,Donna S.,False,
T104676,V1002,Johnson-Davis,Procurement,INV-91169,9971.92,2025-01-01 11:54:00,Carlos J.,False,
T101556,V1034,Allen PLC,Legal,INV-27865,141809.67,2025-01-01 12:33:00,Tammy B.,False,
T101883,V1112,Grant Inc,Operations,INV-57086,70101.93,2025-01-01 12:45:00,Sharon K.,False,
T101876,V1074,Davis Group,Facilities,INV-96623,10082.81,2025-01-01 12:48:00,Sheila A.,False,
T100989,V1062,Donovan-Harris,HR,INV-59319,21431.4,2025-01-01 12:48:00,Teresa R.,False,
T101427,V1087,Bailey-Hoover,Legal,INV-98940,7806.95,2025-01-01 12:57:00,Kimberly D.,False,
T104727,V1112,Grant Inc,Legal,INV-76127,24240.27,2025-01-01 12:57:00,Katherine G.,False,
T103839,V1126,Freeman LLC,Procurement,INV-16840,43241.01,2025-01-01 13:20:00,Michael C.,False,
T101060,V1034,Allen PLC,Operations,INV-61327,189659.66,2025-01-01 13:44:00,Kyle K.,False,
T105964,V1050,Ramos PLC,Marketing,INV-80995,172506.35,2025-01-01 13:51:00,Amy S.,False,
T103506,V1011,Stanley LLC,Operations,INV-25864,114599.64,2025-01-01 14:09:00,Melissa M.,False,
T102568,V1012,Delacruz Group,Marketing,INV-45822,30157.35,2025-01-01 15:03:00,Nathaniel E.,False,
T105484,V1121,Daniels-Perry,HR,INV-34410,59223.78,2025-01-01 15:25:00,Shelby B.,False,
T101068,V1035,Dennis Inc,Marketing,INV-67438,25876.41,2025-01-01 16:03:00,Michael H.,False,
T101797,V1134,"Williams, Crane and Walker",Procurement,INV-70933,95953.98,2025-01-01 16:07:00,Timothy S.,False,
T105792,V1129,"Ferguson, Meadows and Vargas",Operations,INV-39098,3936.08,2025-01-01 16:32:00,Amber J.,False,
T103923,V1104,Campbell Ltd,Facilities,INV-36267,33592.7,2025-01-01 16:42:00,Louis W.,False,
T102061,V1033,Koch-Decker,HR,INV-19266,44642.22,2025-01-01 17:55:00,Amy B.,False,
T100364,V1121,Daniels-Perry,Legal,INV-28964,80350.58,2025-01-02 07:17:00,Vickie W.,False,
T101972,V1012,Delacruz Group,HR,INV-73185,55157.42,2025-01-02 07:24:00,Amy M.,False,
T103100,V1139,Oconnell Inc,Operations,INV-38548,115572.11,2025-01-02 10:10:00,Julie S.,False,
T105240,V1076,Martin-Ramos,IT,INV-42192,35722.17,2025-01-02 10:42:00,Raymond H.,False,
T106003,V1069,"Riggs, Roman and Rice",Operations,INV-55698,39989.99,2025-01-02 12:07:00,Tami L.,True,duplicate_payment
T102521,V1069,"Riggs, Roman and Rice",Operations,INV-55698,39989.99,2025-01-02 12:07:00,Tami L.,False,
T105153,V1055,Horton-Cross,Procurement,INV-52909,90280.36,2025-01-02 12:09:00,Christopher S.,False,
T105449,V1080,Fleming Ltd,Operations,INV-28825,56223.43,2025-01-02 12:24:00,Dawn C.,False,
T103156,V1033,Koch-Decker,Facilities,INV-95964,113135.79,2025-01-02 12:55:00,Victoria G.,False,
T105940,V1035,Dennis Inc,Procurement,INV-78422,25573.52,2025-01-02 13:01:00,Kayla B.,False,
T100287,V1087,Bailey-Hoover,HR,INV-49132,5911.56,2025-01-02 14:18:00,Angela W.,False,
T103734,V1139,Oconnell Inc,Procurement,INV-74315,97347.34,2025-01-02 14:27:00,Caleb J.,False,
T104455,V1139,Oconnell Inc,Procurement,INV-60793,81821.76,2025-01-02 14:36:00,Matthew S.,False,
T105816,V1126,Freeman LLC,Marketing,INV-70519,21447.0,2025-01-02 14:55:00,Heidi T.,False,
T103170,V1086,Garrison and Sons,Legal,INV-12248,10966.69,2025-01-02 15:13:00,Kathleen J.,False,
T104545,V1051,"Kidd, Huff and Novak",Legal,INV-99863,17230.93,2025-01-02 16:27:00,Jeremy G.,False,
T103879,V1097,Alvarado-Martinez,IT,INV-83473,1566.77,2025-01-02 17:19:00,Jonathan M.,False,
T106093,V9999,Meridian Consulting Partners LLC,Operations,INV-74327,7861.03,2025-01-02 17:25:00,Marcus T.,True,fabricated_invoice_benford
T105633,V1116,Larsen LLC,Marketing,INV-71616,22381.92,2025-01-03 07:36:00,Lauren W.,False,
T101831,V1062,Donovan-Harris,Procurement,INV-87894,19628.91,2025-01-03 08:19:00,Stephen M.,False,
T102378,V1043,"Young, Caldwell and Lewis",Procurement,INV-96005,24404.89,2025-01-03 08:21:00,Jennifer A.,False,
T101269,V1137,Marshall LLC,HR,INV-16366,6047.25,2025-01-03 09:33:00,Ralph N.,False,
T102017,V1035,Dennis Inc,Facilities,INV-35153,35352.54,2025-01-03 09:35:00,Rachel P.,False,
T106102,V9999,Meridian Consulting Partners LLC,Operations,INV-80911,5355.81,2025-01-03 10:40:00,Marcus T.,True,fabricated_invoice_benford
T102347,V1137,Marshall LLC,Operations,INV-91219,14430.25,2025-01-03 12:16:00,Natalie E.,False,
T106020,V1122,Price-Carrillo,Facilities,INV-21660,9880.25,2025-01-03 13:03:00,Renee K.,True,just_below_threshold
T105255,V1104,Campbell Ltd,HR,INV-43903,79149.78,2025-01-03 13:16:00,Roger M.,False,
T101180,V1116,Larsen LLC,IT,INV-37444,17130.77,2025-01-03 13:28:00,Savannah F.,False,
T101306,V1000,"Rodriguez, Figueroa and Sanchez",Marketing,INV-30290,929.89,2025-01-03 14:21:00,Jessica J.,False,
T103336,V1033,Koch-Decker,Operations,INV-43357,58047.89,2025-01-03 15:10:00,Dennis N.,False,
T102494,V1001,Rhodes PLC,IT,INV-40945,188909.92,2025-01-03 15:29:00,Austin J.,False,
T105983,V1073,"Walters, Baker and Freeman",Operations,INV-58305,20632.12,2025-01-03 15:48:00,Steven C.,False,
T103374,V1116,Larsen LLC,Marketing,INV-47272,36039.66,2025-01-03 15:58:00,Marcus R.,False,
T103040,V1043,"Young, Caldwell and Lewis",Legal,INV-36013,75613.19,2025-01-03 17:22:00,Tina M.,False,
T100856,V1069,"Riggs, Roman and Rice",Facilities,INV-36972,71380.66,2025-01-03 17:45:00,Sheryl L.,False,
T105100,V1115,"Griffin, Moore and Hensley",Marketing,INV-15573,45295.71,2025-01-03 19:06:00,Catherine L.,False,
T103031,V1052,Martin Group,HR,INV-34400,78094.2,2025-01-03 19:22:00,James M.,False,
T105033,V1112,Grant Inc,Facilities,INV-15314,82271.1,2025-01-03 19:33:00,Mary H.,False,
T104228,V1069,"Riggs, Roman and Rice",Marketing,INV-73418,104158.04,2025-01-06 08:36:00,Andrew F.,False,
T103267,V1050,Ramos PLC,Legal,INV-88266,21498.58,2025-01-06 09:35:00,Colleen H.,False,
T103204,V1120,Mccarthy Inc,IT,INV-34607,14063.48,2025-01-06 09:48:00,Lisa W.,False,
T106095,V9999,Meridian Consulting Partners LLC,Operations,INV-74648,6632.25,2025-01-06 10:04:00,Marcus T.,True,fabricated_invoice_benford
T105415,V1001,Rhodes PLC,Legal,INV-31531,25465.88,2025-01-06 10:13:00,Calvin W.,False,
T102632,V1050,Ramos PLC,Marketing,INV-70844,232924.97,2025-01-06 10:29:00,Nicole M.,False,
T101801,V1080,Fleming Ltd,Facilities,INV-46913,125096.65,2025-01-06 11:40:00,Jonathan R.,False,
T105170,V1127,Price Ltd,Operations,INV-63626,27400.94,2025-01-06 11:58:00,Gloria J.,False,
T100836,V1094,"Lee, Williams and Graham",IT,INV-39098,20313.62,2025-01-06 12:06:00,Charles A.,False,
T103818,V1115,"Griffin, Moore and Hensley",Marketing,INV-33491,31085.02,2025-01-06 12:20:00,Eric M.,False,
T102340,V1080,Fleming Ltd,Facilities,INV-52368,31847.68,2025-01-06 12:30:00,Deanna B.,False,
T103952,V1075,Smith and Sons,HR,INV-97843,25304.48,2025-01-06 12:31:00,James G.,False,
T100670,V1121,Daniels-Perry,HR,INV-57127,47462.85,2025-01-06 13:16:00,Sandra B.,False,
T101066,V1119,Taylor and Sons,Facilities,INV-42707,7563.43,2025-01-06 13:16:00,Alexander T.,False,
T105945,V1011,Stanley LLC,Procurement,INV-48728,70431.09,2025-01-06 13:35:00,John T.,False,
T104753,V1107,Riggs PLC,Facilities,INV-87781,26277.26,2025-01-06 13:43:00,Lindsey H.,False,
T105297,V1043,"Young, Caldwell and Lewis",Facilities,INV-37355,49901.24,2025-01-06 13:58:00,Howard M.,False,
T100214,V1034,Allen PLC,Facilities,INV-21221,112532.79,2025-01-06 14:33:00,Chelsea H.,False,
T104266,V1073,"Walters, Baker and Freeman",Procurement,INV-78238,16578.22,2025-01-06 14:40:00,Brian G.,False,
T103384,V1094,"Lee, Williams and Graham",Procurement,INV-52317,9188.35,2025-01-06 15:08:00,Susan S.,False,
T103591,V1080,Fleming Ltd,Marketing,INV-80283,72292.96,2025-01-06 15:14:00,Joshua M.,False,
T104677,V1020,"Ellis, Baker and Wright",Procurement,INV-49773,7173.94,2025-01-06 15:17:00,Jessica H.,False,
T104784,V1043,"Young, Caldwell and Lewis",Procurement,INV-76872,153194.12,2025-01-06 15:23:00,Andrew R.,False,
T104736,V1012,Delacruz Group,Operations,INV-49349,41737.09,2025-01-06 15:44:00,Dalton C.,False,
T104524,V1115,"Griffin, Moore and Hensley",Operations,INV-12518,37962.87,2025-01-06 17:47:00,Holly S.,False,
T102660,V1080,Fleming Ltd,IT,INV-13934,46089.04,2025-01-06 18:04:00,Autumn A.,False,
T103854,V1012,Delacruz Group,Marketing,INV-57315,25641.62,2025-01-06 18:12:00,Steven M.,False,
T104539,V1050,Ramos PLC,Legal,INV-54713,109106.74,2025-01-07 07:47:00,George W.,False,
T105875,V1120,Mccarthy Inc,Legal,INV-45808,19218.39,2025-01-07 07:59:00,Diana B.,False,
T101768,V1062,Donovan-Harris,Marketing,INV-75358,27915.12,2025-01-07 08:29:00,Nathan L.,False,
T100232,V1134,"Williams, Crane and Walker",IT,INV-71524,26852.72,2025-01-07 09:36:00,Joshua D.,False,
T102157,V1086,Garrison and Sons,Operations,INV-46885,13953.99,2025-01-07 10:08:00,Jennifer L.,False,
T104941,V1050,Ramos PLC,Facilities,INV-64837,45690.57,2025-01-07 10:08:00,Janet B.,False,
T103804,V1121,Daniels-Perry,Operations,INV-25922,42863.13,2025-01-07 11:10:00,Elizabeth G.,False,
T103632,V1011,Stanley LLC,IT,INV-84506,85530.55,2025-01-07 12:07:00,Kathleen W.,False,
T101935,V1092,Johnson-Carlson,Legal,INV-68827,9460.3,2025-01-07 12:18:00,Joseph L.,False,
T103447,V1052,Martin Group,IT,INV-49470,83713.97,2025-01-07 12:52:00,Crystal D.,False,
T104076,V1104,Campbell Ltd,HR,INV-78697,98809.24,2025-01-07 12:53:00,Danielle M.,False,
T100202,V1080,Fleming Ltd,Marketing,INV-74251,39114.25,2025-01-07 12:54:00,Taylor J.,False,
T102850,V1043,"Young, Caldwell and Lewis",Legal,INV-22098,25774.83,2025-01-07 13:07:00,Brian S.,False,
T104785,V1080,Fleming Ltd,Operations,INV-97282,39062.59,2025-01-07 13:07:00,Scott W.,False,
T101287,V1118,Nelson LLC,Procurement,INV-13312,35391.01,2025-01-07 13:33:00,Ashley A.,False,
T103050,V1104,Campbell Ltd,HR,INV-40999,93535.66,2025-01-07 13:49:00,Laura A.,False,
T102414,V1001,Rhodes PLC,HR,INV-72537,241127.91,2025-01-07 14:10:00,Caitlin U.,False,
T102835,V1088,Johnson and Sons,Operations,INV-59054,40279.94,2025-01-07 14:55:00,Ryan E.,False,
T104670,V1112,Grant Inc,Legal,INV-33713,20867.63,2025-01-07 15:13:00,Sydney O.,False,
T104325,V1003,"Johnson, Gonzalez and Santos",Facilities,INV-12722,9603.89,2025-01-07 15:18:00,Michael C.,False,
T102637,V1118,Nelson LLC,HR,INV-18853,48244.41,2025-01-07 15:38:00,James C.,False,
T105901,V1104,Campbell Ltd,Operations,INV-17966,30821.0,2025-01-07 15:41:00,Tyler D.,False,
T102054,V1007,Davis Inc,HR,INV-63296,22854.67,2025-01-07 15:44:00,Heidi H.,False,
T102788,V1094,"Lee, Williams and Graham",Facilities,INV-70132,10965.84,2025-01-07 16:24:00,April S.,False,
T104369,V1033,Koch-Decker,IT,INV-60430,82814.09,2025-01-07 18:00:00,Mary M.,False,
T104565,V1035,Dennis Inc,HR,INV-21564,29151.73,2025-01-07 18:47:00,Amy G.,False,
T103437,V1050,Ramos PLC,Marketing,INV-66088,65689.17,2025-01-07 19:42:00,Renee C.,False,
T101839,V1033,Koch-Decker,Operations,INV-77378,71340.04,2025-01-08 07:39:00,Rodney B.,False,
T101994,V1067,Ibarra-Suarez,HR,INV-16548,25597.04,2025-01-08 08:11:00,Brandon W.,False,
T100734,V1048,Lee PLC,Facilities,INV-25376,4146.76,2025-01-08 08:13:00,Angela W.,False,
T100340,V1055,Horton-Cross,Operations,INV-26199,31582.83,2025-01-08 08:16:00,Katherine J.,False,
T105377,V1112,Grant Inc,Marketing,INV-65830,61290.87,2025-01-08 09:35:00,Lisa C.,False,
T103873,V1121,Daniels-Perry,Marketing,INV-64575,54964.88,2025-01-08 09:42:00,Jared B.,False,
T101688,V1139,Oconnell Inc,HR,INV-24585,40957.03,2025-01-08 10:21:00,Joshua H.,False,
T100278,V1073,"Walters, Baker and Freeman",Marketing,INV-22217,25583.54,2025-01-08 10:35:00,Brian F.,False,
T100367,V1033,Koch-Decker,Legal,INV-41186,80670.15,2025-01-08 11:22:00,Kim S.,False,
T104073,V1115,"Griffin, Moore and Hensley",Procurement,INV-54874,61025.18,2025-01-08 11:42:00,Kenneth A.,False,
T100299,V1003,"Johnson, Gonzalez and Santos",Facilities,INV-63736,7510.88,2025-01-08 11:46:00,Christopher M.,False,
T101921,V1087,Bailey-Hoover,Procurement,INV-89144,7773.55,2025-01-08 11:47:00,Casey T.,False,
T105939,V1112,Grant Inc,Facilities,INV-33033,40863.13,2025-01-08 12:11:00,Joanna R.,False,
T100946,V1080,Fleming Ltd,Facilities,INV-15220,30772.44,2025-01-08 12:16:00,Jennifer W.,False,
T104686,V1009,"Martinez, Nielsen and Miller",Procurement,INV-40776,10740.44,2025-01-08 13:07:00,Benjamin B.,False,
T105138,V1118,Nelson LLC,Legal,INV-79414,31627.45,2025-01-08 13:30:00,Valerie B.,False,
T103016,V1035,Dennis Inc,Facilities,INV-10955,34643.73,2025-01-08 13:39:00,Jose G.,False,
T103627,V1139,Oconnell Inc,Legal,INV-99469,135797.3,2025-01-08 14:17:00,Ashley K.,False,
T102331,V1121,Daniels-Perry,Operations,INV-67037,48752.69,2025-01-08 14:45:00,Heather T.,False,
T100662,V1073,"Walters, Baker and Freeman",IT,INV-48669,31730.96,2025-01-08 14:47:00,Thomas B.,False,
T101186,V1088,Johnson and Sons,IT,INV-79603,58661.18,2025-01-08 14:57:00,Stacy C.,False,
T102787,V1033,Koch-Decker,HR,INV-51450,81651.36,2025-01-08 15:25:00,Leon O.,False,
T106008,V1012,Delacruz Group,Operations,INV-49349,41737.09,2025-01-08 15:44:00,Dalton C.,True,duplicate_payment
T105432,V1034,Allen PLC,Facilities,INV-93763,59347.61,2025-01-08 15:53:00,Meredith P.,False,
T100074,V1134,"Williams, Crane and Walker",Legal,INV-40982,60458.9,2025-01-08 16:05:00,Justin H.,False,
T103279,V1121,Daniels-Perry,Legal,INV-57683,27041.88,2025-01-08 16:23:00,Wayne S.,False,
T103468,V1139,Oconnell Inc,Procurement,INV-38485,47730.78,2025-01-08 16:29:00,Melissa P.,False,
T105043,V1007,Davis Inc,Marketing,INV-20443,22137.07,2025-01-08 16:43:00,Angela S.,False,
T104581,V1011,Stanley LLC,Marketing,INV-29647,54493.34,2025-01-09 07:25:00,Shawn R.,False,
T105681,V1115,"Griffin, Moore and Hensley",IT,INV-63154,15628.04,2025-01-09 07:39:00,Carl F.,False,
T101649,V1001,Rhodes PLC,Facilities,INV-49562,37675.54,2025-01-09 09:33:00,Elijah K.,False,
T104732,V1121,Daniels-Perry,IT,INV-25869,28835.88,2025-01-09 10:01:00,Chad B.,False,
T105527,V1070,"Evans, Alvarado and Mcmillan",IT,INV-29619,35389.1,2025-01-09 10:39:00,Wendy M.,False,
T100911,V1033,Koch-Decker,Legal,INV-30707,78509.3,2025-01-09 11:07:00,Sarah Y.,False,
T102778,V1043,"Young, Caldwell and Lewis",Procurement,INV-11908,20308.97,2025-01-09 11:26:00,George W.,False,
T103291,V1050,Ramos PLC,Marketing,INV-23588,78751.12,2025-01-09 11:39:00,Justin W.,False,
T105251,V1069,"Riggs, Roman and Rice",Operations,INV-93393,82199.73,2025-01-09 11:49:00,Rebekah S.,False,
T102008,V1055,Horton-Cross,Marketing,INV-20580,60020.23,2025-01-09 11:56:00,Ashley M.,False,
T100759,V1001,Rhodes PLC,Operations,INV-82305,96927.27,2025-01-09 12:00:00,John M.,False,
T104851,V1011,Stanley LLC,Procurement,INV-84873,36170.91,2025-01-09 12:10:00,Kathryn B.,False,
T101337,V1033,Koch-Decker,HR,INV-25506,92826.87,2025-01-09 12:24:00,Jenna H.,False,
T103969,V1069,"Riggs, Roman and Rice",IT,INV-49017,49594.21,2025-01-09 12:28:00,Aaron W.,False,
T105347,V1034,Allen PLC,Marketing,INV-43455,40553.35,2025-01-09 12:45:00,Jeffrey L.,False,
T104915,V1136,"Hernandez, Martinez and Caldwell",Marketing,INV-93683,3584.06,2025-01-09 13:13:00,Tommy W.,False,
T105955,V1104,Campbell Ltd,Legal,INV-62989,26594.15,2025-01-09 13:29:00,Daniel B.,False,
T105106,V1139,Oconnell Inc,Facilities,INV-26601,75654.57,2025-01-09 13:30:00,Denise T.,False,
T102145,V1073,"Walters, Baker and Freeman",IT,INV-31344,34111.92,2025-01-09 13:54:00,Jack H.,False,
T105037,V1118,Nelson LLC,Legal,INV-93888,33410.69,2025-01-09 14:32:00,Hannah G.,False,
T104193,V1017,Underwood LLC,HR,INV-94850,2116.99,2025-01-09 15:17:00,Cassandra T.,False,
T103280,V1074,Davis Group,IT,INV-75809,21710.51,2025-01-09 15:19:00,Dominique S.,False,
T104891,V1062,Donovan-Harris,Facilities,INV-88988,48422.43,2025-01-09 15:51:00,Daniel B.,False,
T102163,V1127,Price Ltd,IT,INV-50838,9271.75,2025-01-09 16:30:00,John M.,False,
T104515,V1052,Martin Group,Operations,INV-64753,120516.6,2025-01-09 16:39:00,Sarah L.,False,
T102884,V1088,Johnson and Sons,IT,INV-15997,36258.94,2025-01-09 16:40:00,Madison H.,False,
T103414,V1011,Stanley LLC,Marketing,INV-34514,60423.42,2025-01-09 16:57:00,Mary S.,False,
T104151,V1112,Grant Inc,Marketing,INV-14205,28062.88,2025-01-09 17:36:00,Sean R.,False,
T104163,V1115,"Griffin, Moore and Hensley",Facilities,INV-52255,65826.07,2025-01-10 07:00:00,Amanda H.,False,
T101248,V1080,Fleming Ltd,Marketing,INV-64046,101464.19,2025-01-10 09:06:00,Adam M.,False,
T101967,V1069,"Riggs, Roman and Rice",Marketing,INV-29510,105964.92,2025-01-10 09:57:00,Andrew G.,False,
T102540,V1137,Marshall LLC,Legal,INV-36975,19304.5,2025-01-10 10:17:00,Margaret T.,False,
T101030,V1127,Price Ltd,Legal,INV-57069,16704.65,2025-01-10 10:24:00,Ruben M.,False,
T104122,V1055,Horton-Cross,HR,INV-36504,20795.47,2025-01-10 10:52:00,Patricia O.,False,
T100498,V1025,James-Ferrell,Facilities,INV-29597,32538.01,2025-01-10 11:16:00,Wendy C.,False,
T101699,V1069,"Riggs, Roman and Rice",Legal,INV-95119,60906.75,2025-01-10 11:18:00,Juan H.,False,
T104596,V1088,Johnson and Sons,IT,INV-64657,116447.82,2025-01-10 11:28:00,Samantha H.,False,
T101613,V1134,"Williams, Crane and Walker",Legal,INV-57720,124558.2,2025-01-10 12:39:00,David S.,False,
T102262,V1052,Martin Group,HR,INV-77662,84180.76,2025-01-10 12:40:00,Jacob W.,False,
T103993,V1009,"Martinez, Nielsen and Miller",IT,INV-38974,15263.84,2025-01-10 12:45:00,Anthony W.,False,
T101375,V1035,Dennis Inc,Operations,INV-92788,15857.94,2025-01-10 12:54:00,Christine K.,False,
T103064,V1050,Ramos PLC,Facilities,INV-21919,125316.96,2025-01-10 13:39:00,Cody R.,False,
T102413,V1055,Horton-Cross,Marketing,INV-25293,31229.44,2025-01-10 15:00:00,Tracey C.,False,
T101572,V1119,Taylor and Sons,Procurement,INV-80119,3295.22,2025-01-10 15:09:00,Candice A.,False,
T101412,V1139,Oconnell Inc,HR,INV-96736,183005.6,2025-01-10 15:56:00,Nicholas B.,False,
T101196,V1073,"Walters, Baker and Freeman",Facilities,INV-27197,34901.23,2025-01-10 16:14:00,Janet T.,False,
T101706,V1134,"Williams, Crane and Walker",HR,INV-56125,121703.56,2025-01-10 19:22:00,John A.,False,
T102433,V1001,Rhodes PLC,Operations,INV-51399,81671.81,2025-01-10 19:27:00,Joseph N.,False,
T104644,V1034,Allen PLC,HR,INV-39559,109132.98,2025-01-13 07:03:00,Andrew T.,False,
T104620,V1139,Oconnell Inc,HR,INV-94408,86978.93,2025-01-13 08:01:00,Christopher N.,False,
T102112,V1094,"Lee, Williams and Graham",Operations,INV-38883,25972.62,2025-01-13 09:25:00,Zoe M.,False,
T102545,V1112,Grant Inc,Operations,INV-51599,25391.56,2025-01-13 09:55:00,William M.,False,
T105841,V1001,Rhodes PLC,HR,INV-95370,61802.72,2025-01-13 10:38:00,Natasha B.,False,
T104576,V1120,Mccarthy Inc,Facilities,INV-51513,34377.77,2025-01-13 10:55:00,Sara T.,False,
T105630,V1002,Johnson-Davis,IT,INV-36062,16780.08,2025-01-13 11:05:00,Mark B.,False,
T104914,V1011,Stanley LLC,Marketing,INV-36044,85072.64,2025-01-13 11:20:00,Gabriel R.,False,
T103686,V1094,"Lee, Williams and Graham",Facilities,INV-19570,12536.34,2025-01-13 11:44:00,Robert F.,False,
T104871,V1050,Ramos PLC,Operations,INV-41991,79700.49,2025-01-13 12:43:00,Sara S.,False,
T101322,V1127,Price Ltd,Operations,INV-59146,13535.79,2025-01-13 12:58:00,Sean H.,False,
T105706,V1055,Horton-Cross,Operations,INV-67028,33908.43,2025-01-13 13:01:00,Kelly M.,False,
T103654,V1073,"Walters, Baker and Freeman",Operations,INV-57223,23331.58,2025-01-13 13:20:00,Vanessa S.,False,
T103214,V1134,"Williams, Crane and Walker",Legal,INV-60084,91246.19,2025-01-13 13:37:00,Marilyn T.,False,
T102614,V1052,Martin Group,Facilities,INV-65550,111424.73,2025-01-13 13:47:00,Blake R.,False,
T103508,V1113,Contreras-Travis,Operations,INV-68171,27376.02,2025-01-13 13:53:00,Kayla C.,False,
T104518,V1115,"Griffin, Moore and Hensley",IT,INV-31873,44811.86,2025-01-13 15:31:00,April R.,False,
T104930,V1011,Stanley LLC,Facilities,INV-92663,39752.84,2025-01-13 15:32:00,David O.,False,
T101984,V1012,Delacruz Group,Operations,INV-41258,21703.64,2025-01-13 15:46:00,Felicia C.,False,
T104777,V1116,Larsen LLC,Procurement,INV-84766,41743.84,2025-01-13 16:10:00,Barry Y.,False,
T102618,V1001,Rhodes PLC,Legal,INV-92090,40351.6,2025-01-13 16:37:00,Amber B.,False,
T100344,V1080,Fleming Ltd,Operations,INV-52992,81271.25,2025-01-13 17:39:00,Nicole D.,False,
T104398,V1043,"Young, Caldwell and Lewis",Procurement,INV-52141,24785.65,2025-01-13 19:31:00,David C.,False,
T103937,V1070,"Evans, Alvarado and Mcmillan",Operations,INV-33351,36682.09,2025-01-14 07:14:00,Stephanie M.,False,
T102635,V1093,Graham-Joyce,Operations,INV-53017,9198.32,2025-01-14 09:29:00,Fred R.,False,
T101157,V1073,"Walters, Baker and Freeman",Marketing,INV-48745,38826.59,2025-01-14 09:41:00,Sean H.,False,
T100194,V1134,"Williams, Crane and Walker",IT,INV-85470,35368.58,2025-01-14 09:59:00,Renee M.,False,
T104177,V1074,Davis Group,Legal,INV-37339,9233.84,2025-01-14 10:28:00,Julie W.,False,
T103618,V1001,Rhodes PLC,Operations,INV-54068,92641.27,2025-01-14 10:58:00,Marcus S.,False,
T102759,V1001,Rhodes PLC,HR,INV-98555,30700.2,2025-01-14 11:04:00,Tina C.,False,
T104205,V1094,"Lee, Williams and Graham",Procurement,INV-71669,20219.04,2025-01-14 11:21:00,Chris S.,False,
T100403,V1115,"Griffin, Moore and Hensley",HR,INV-45054,61479.4,2025-01-14 11:38:00,Scott H.,False,
T103177,V1134,"Williams, Crane and Walker",Marketing,INV-58717,132098.24,2025-01-14 11:44:00,George A.,False,
T103490,V1092,Johnson-Carlson,Marketing,INV-21590,17860.54,2025-01-14 11:49:00,Jerry W.,False,
T105224,V1104,Campbell Ltd,HR,INV-13172,49650.39,2025-01-14 11:49:00,Justin L.,False,
T102421,V1126,Freeman LLC,Marketing,INV-95016,10549.33,2025-01-14 12:13:00,Brian M.,False,
T101918,V1033,Koch-Decker,Marketing,INV-20814,102505.55,2025-01-14 12:18:00,Heather N.,False,
T104322,V1092,Johnson-Carlson,Facilities,INV-38701,24026.78,2025-01-14 12:31:00,Kurt F.,False,
T105474,V1080,Fleming Ltd,Operations,INV-69245,33129.75,2025-01-14 12:59:00,Elaine N.,False,
T105763,V1112,Grant Inc,Operations,INV-16137,29359.35,2025-01-14 13:16:00,Dawn P.,False,
T105327,V1092,Johnson-Carlson,Facilities,INV-99772,12354.94,2025-01-14 13:24:00,Randy L.,False,
T100491,V1088,Johnson and Sons,Procurement,INV-61964,33611.7,2025-01-14 14:26:00,April M.,False,
T105239,V1080,Fleming Ltd,Operations,INV-16403,55023.5,2025-01-14 15:02:00,Stephanie W.,False,
T105391,V1033,Koch-Decker,Procurement,INV-59177,168676.4,2025-01-14 15:03:00,Hannah R.,False,
T100799,V1050,Ramos PLC,IT,INV-82642,137575.35,2025-01-14 15:05:00,Susan S.,False,
T105669,V1034,Allen PLC,Marketing,INV-17053,145144.7,2025-01-14 15:09:00,Michele P.,False,
T104170,V1034,Allen PLC,Operations,INV-15171,134888.43,2025-01-14 15:34:00,Dennis R.,False,
T104060,V1121,Daniels-Perry,IT,INV-83864,65581.58,2025-01-14 16:14:00,Keith S.,False,
T105298,V1052,Martin Group,Procurement,INV-86820,122219.57,2025-01-14 16:51:00,Adam C.,False,
T105668,V1113,Contreras-Travis,Procurement,INV-30469,61349.35,2025-01-14 17:16:00,Erin R.,False,
T102235,V1139,Oconnell Inc,HR,INV-54729,66302.38,2025-01-14 18:48:00,Laura M.,False,
T103415,V1002,Johnson-Davis,HR,INV-79584,29866.02,2025-01-15 08:30:00,David H.,False,
T102337,V1113,Contreras-Travis,IT,INV-40865,29848.75,2025-01-15 09:18:00,Richard G.,False,
T100177,V1025,James-Ferrell,IT,INV-97670,13138.19,2025-01-15 10:24:00,Melissa R.,False,
T105854,V1127,Price Ltd,Facilities,INV-41787,23275.7,2025-01-15 10:27:00,Kelsey R.,False,
T101806,V1001,Rhodes PLC,Facilities,INV-35430,100413.73,2025-01-15 10:53:00,Jose M.,False,
T103202,V1053,Barrera-Martin,IT,INV-31333,68530.73,2025-01-15 11:15:00,Claudia M.,False,
T105590,V1121,Daniels-Perry,Facilities,INV-32615,29724.27,2025-01-15 11:20:00,April T.,False,
T102233,V1115,"Griffin, Moore and Hensley",Procurement,INV-26803,35776.42,2025-01-15 11:37:00,Kelly L.,False,
T102488,V1134,"Williams, Crane and Walker",Legal,INV-80770,98889.06,2025-01-15 11:56:00,James S.,False,
T101546,V1104,Campbell Ltd,HR,INV-56771,37806.82,2025-01-15 12:02:00,Kristen H.,False,
T101129,V1134,"Williams, Crane and Walker",Facilities,INV-36309,39527.12,2025-01-15 12:11:00,Shannon F.,False,
T104661,V1120,Mccarthy Inc,Operations,INV-95381,29066.98,2025-01-15 12:28:00,Michelle C.,False,
T102518,V1073,"Walters, Baker and Freeman",Facilities,INV-28630,26930.25,2025-01-15 12:50:00,Joann M.,False,
T102898,V1043,"Young, Caldwell and Lewis",IT,INV-60264,41490.33,2025-01-15 13:10:00,Anthony R.,False,
T100404,V1055,Horton-Cross,IT,INV-50499,41627.09,2025-01-15 13:11:00,Kimberly S.,False,
T104798,V1118,Nelson LLC,HR,INV-58979,35139.73,2025-01-15 14:12:00,Sarah M.,False,
T103749,V1025,James-Ferrell,IT,INV-76517,10832.42,2025-01-15 14:18:00,Linda S.,False,
T100854,V1091,Wilson LLC,Operations,INV-35863,10480.92,2025-01-15 15:47:00,Joshua E.,False,
T104345,V1115,"Griffin, Moore and Hensley",Operations,INV-74331,72409.14,2025-01-15 16:45:00,Laura M.,False,
T105810,V1034,Allen PLC,Operations,INV-64577,80250.2,2025-01-15 16:50:00,Stephanie H.,False,
T100308,V1034,Allen PLC,IT,INV-17355,42182.06,2025-01-15 17:02:00,Jason H.,False,
T101844,V1016,"Hawkins, Cohen and Cameron",HR,INV-16613,954.05,2025-01-15 19:30:00,Jennifer B.,False,
T102472,V1017,Underwood LLC,Facilities,INV-11303,5556.1,2025-01-16 07:28:00,Aaron J.,False,
T105487,V1001,Rhodes PLC,Legal,INV-57232,100674.16,2025-01-16 08:42:00,Joshua C.,False,
T103356,V1055,Horton-Cross,Facilities,INV-52294,63642.63,2025-01-16 09:07:00,Benjamin V.,False,
T102716,V1139,Oconnell Inc,Facilities,INV-85695,97184.13,2025-01-16 09:23:00,Keith W.,False,
T104685,V1033,Koch-Decker,Marketing,INV-32882,71329.06,2025-01-16 09:56:00,Bryan K.,False,
T103180,V1052,Martin Group,IT,INV-28517,76313.97,2025-01-16 10:09:00,Karen M.,False,
T100536,V1025,James-Ferrell,Legal,INV-89635,15704.11,2025-01-16 10:09:00,Ashley M.,False,
T104378,V1107,Riggs PLC,Procurement,INV-80462,9514.56,2025-01-16 11:39:00,Denise W.,False,
T105490,V1052,Martin Group,Procurement,INV-32009,62532.08,2025-01-16 11:43:00,Andrew S.,False,
T105225,V1050,Ramos PLC,IT,INV-31616,154719.99,2025-01-16 12:05:00,Monique C.,False,
T102212,V1001,Rhodes PLC,HR,INV-16927,112148.58,2025-01-16 12:06:00,Ashley H.,False,
T101134,V1088,Johnson and Sons,IT,INV-74066,40731.76,2025-01-16 13:15:00,Eddie D.,False,
T103453,V1093,Graham-Joyce,Operations,INV-66455,5157.62,2025-01-16 13:15:00,Gregory G.,False,
T105362,V1067,Ibarra-Suarez,Marketing,INV-32795,14466.31,2025-01-16 13:41:00,Gabriela W.,False,
T105385,V1034,Allen PLC,Facilities,INV-72707,53115.3,2025-01-16 13:53:00,Diane T.,False,
T104691,V1088,Johnson and Sons,Marketing,INV-66687,76122.61,2025-01-16 14:02:00,Dana H.,False,
T101011,V1134,"Williams, Crane and Walker",Legal,INV-69270,79557.12,2025-01-16 14:25:00,Jason M.,False,
T101344,V1025,James-Ferrell,Facilities,INV-79922,42099.89,2025-01-16 14:30:00,Anna W.,False,
T101376,V1034,Allen PLC,Operations,INV-85877,127474.59,2025-01-16 14:52:00,James W.,False,
T105223,V1052,Martin Group,Legal,INV-11511,52600.39,2025-01-16 15:02:00,Ricardo M.,False,
T105064,V1052,Martin Group,Legal,INV-61023,41261.89,2025-01-16 16:21:00,Frank E.,False,
T100375,V1121,Daniels-Perry,Marketing,INV-62640,57840.8,2025-01-16 17:03:00,Kyle D.,False,
T100188,V1025,James-Ferrell,Facilities,INV-12671,58103.77,2025-01-16 17:15:00,John C.,False,
T102870,V1050,Ramos PLC,Facilities,INV-72638,93285.46,2025-01-16 18:37:00,Linda W.,False,
T100964,V1012,Delacruz Group,Legal,INV-66272,34454.59,2025-01-16 19:21:00,Joan N.,False,
T105717,V1081,"Henson, Russell and Oliver",IT,INV-62819,5631.21,2025-01-17 07:03:00,Alexander M.,False,
T105006,V1050,Ramos PLC,Legal,INV-43053,170893.37,2025-01-17 07:53:00,Charles W.,False,
T100004,V1034,Allen PLC,Procurement,INV-38657,77510.14,2025-01-17 09:01:00,Brittany R.,False,
T104041,V1121,Daniels-Perry,HR,INV-63260,26854.06,2025-01-17 09:43:00,Breanna M.,False,
T101621,V1011,Stanley LLC,Procurement,INV-73618,56299.31,2025-01-17 10:12:00,Anthony M.,False,
T105680,V1052,Martin Group,Procurement,INV-26343,59510.25,2025-01-17 10:15:00,Jessica W.,False,
T101776,V1075,Smith and Sons,Operations,INV-89073,14126.11,2025-01-17 10:42:00,James B.,False,
T102512,V1011,Stanley LLC,Facilities,INV-83272,156703.0,2025-01-17 10:47:00,Colton C.,False,
T100704,V1011,Stanley LLC,HR,INV-64950,41445.5,2025-01-17 10:51:00,Nicholas M.,False,
T103043,V1121,Daniels-Perry,HR,INV-36082,26374.02,2025-01-17 11:10:00,Anthony S.,False,
T105905,V1062,Donovan-Harris,Operations,INV-40086,38069.39,2025-01-17 11:24:00,Rebecca K.,False,
T104002,V1001,Rhodes PLC,Legal,INV-84883,68412.21,2025-01-17 11:42:00,Laura M.,False,
T101061,V1139,Oconnell Inc,Operations,INV-51709,98201.52,2025-01-17 12:11:00,Stephanie A.,False,
T100623,V1062,Donovan-Harris,HR,INV-24404,19649.6,2025-01-17 12:36:00,Sandra D.,False,
T103187,V1127,Price Ltd,Legal,INV-32751,33172.66,2025-01-17 12:38:00,Zachary J.,False,
T103662,V1113,Contreras-Travis,HR,INV-29670,24381.08,2025-01-17 12:42:00,Ana P.,False,
T103334,V1001,Rhodes PLC,IT,INV-55453,43756.3,2025-01-17 13:07:00,Jason H.,False,
T102892,V1073,"Walters, Baker and Freeman",Marketing,INV-21415,84238.95,2025-01-17 13:08:00,Robert D.,False,
T105644,V1034,Allen PLC,Facilities,INV-54949,35912.71,2025-01-17 13:28:00,Wyatt R.,False,
T103617,V1069,"Riggs, Roman and Rice",Legal,INV-55587,77919.25,2025-01-17 13:34:00,Jesse R.,False,
T100693,V1052,Martin Group,Marketing,INV-33590,42944.44,2025-01-17 14:18:00,Andrew S.,False,
T105582,V1127,Price Ltd,Facilities,INV-91082,18630.6,2025-01-17 14:20:00,Cameron B.,False,
T104523,V1033,Koch-Decker,Legal,INV-91811,34808.44,2025-01-17 15:08:00,Joshua A.,False,
T102450,V1051,"Kidd, Huff and Novak",Procurement,INV-54267,8436.63,2025-01-17 15:51:00,Nicholas G.,False,
T102721,V1053,Barrera-Martin,Facilities,INV-30144,22320.92,2025-01-17 16:59:00,Timothy G.,False,
T103304,V1134,"Williams, Crane and Walker",Procurement,INV-30103,57355.37,2025-01-17 17:00:00,Angela J.,False,
T100886,V1001,Rhodes PLC,IT,INV-55688,81862.0,2025-01-17 18:28:00,Tanya M.,False,
T106080,V9999,Meridian Consulting Partners LLC,Operations,INV-38116,7347.86,2025-01-17 18:56:00,Marcus T.,True,fabricated_invoice_benford
T105888,V1080,Fleming Ltd,Marketing,INV-43353,44590.24,2025-01-17 19:43:00,Christopher M.,False,
T106061,V1087,Bailey-Hoover,Facilities,INV-23071,6088.25,2025-01-18 01:42:00,Leslie C.,True,weekend_after_hours
T101332,V1030,Harrell LLC,Procurement,INV-17113,6763.52,2025-01-20 07:05:00,Tammy F.,False,
T103725,V1011,Stanley LLC,Procurement,INV-78327,104272.18,2025-01-20 10:27:00,Tom S.,False,
T101185,V1118,Nelson LLC,Facilities,INV-58903,46528.42,2025-01-20 10:34:00,Ashley T.,False,
T100348,V1069,"Riggs, Roman and Rice",Marketing,INV-25220,119867.68,2025-01-20 11:19:00,Crystal H.,False,
T105729,V1139,Oconnell Inc,Operations,INV-49010,84919.4,2025-01-20 11:51:00,Jenna M.,False,
T105031,V1104,Campbell Ltd,Facilities,INV-97612,77031.42,2025-01-20 11:52:00,Christopher P.,False,
T103806,V1126,Freeman LLC,Marketing,INV-74904,10981.16,2025-01-20 11:56:00,Melissa S.,False,
T102839,V1027,"Potter, Mack and Peterson",Procurement,INV-60439,4741.51,2025-01-20 11:58:00,Terry H.,False,
T104746,V1120,Mccarthy Inc,Legal,INV-21380,49972.31,2025-01-20 12:31:00,Jacqueline D.,False,
T101455,V1121,Daniels-Perry,Marketing,INV-62513,33264.45,2025-01-20 12:46:00,Tina R.,False,
T104197,V1134,"Williams, Crane and Walker",Operations,INV-37502,50029.08,2025-01-20 13:03:00,Jonathan A.,False,
T103977,V1025,James-Ferrell,Operations,INV-93599,16297.04,2025-01-20 13:09:00,Michael B.,False,
T103864,V1050,Ramos PLC,Procurement,INV-90336,96532.13,2025-01-20 13:23:00,Kenneth M.,False,
T103736,V1104,Campbell Ltd,HR,INV-44481,60991.65,2025-01-20 14:26:00,Kathleen S.,False,
T101660,V1134,"Williams, Crane and Walker",Legal,INV-85534,111539.97,2025-01-20 14:46:00,Patricia G.,False,
T102806,V1120,Mccarthy Inc,HR,INV-88390,21598.33,2025-01-20 16:15:00,James A.,False,
T102701,V1107,Riggs PLC,Facilities,INV-53746,13876.07,2025-01-20 16:34:00,Vanessa F.,False,
T100475,V1139,Oconnell Inc,IT,INV-91006,170384.4,2025-01-20 18:42:00,Christina G.,False,
T104945,V1070,"Evans, Alvarado and Mcmillan",HR,INV-73263,16871.57,2025-01-20 19:16:00,John W.,False,
T104651,V1112,Grant Inc,Operations,INV-14719,59086.82,2025-01-21 07:12:00,Lauren M.,False,
T104983,V1115,"Griffin, Moore and Hensley",Procurement,INV-35198,43996.82,2025-01-21 07:39:00,Kimberly R.,False,
T101007,V1115,"Griffin, Moore and Hensley",Legal,INV-52964,28959.18,2025-01-21 09:13:00,Deborah W.,False,
T103235,V1134,"Williams, Crane and Walker",Legal,INV-47568,73033.6,2025-01-21 09:23:00,Christian R.,False,
T102069,V1091,Wilson LLC,IT,INV-32972,14476.4,2025-01-21 09:23:00,Gail J.,False,
T101392,V1080,Fleming Ltd,IT,INV-23529,31846.4,2025-01-21 09:41:00,Adam F.,False,
T102006,V1130,Day and Sons,Procurement,INV-92863,1463.51,2025-01-21 10:08:00,Jerry C.,False,
T104633,V1134,"Williams, Crane and Walker",Operations,INV-17321,42016.82,2025-01-21 11:56:00,James J.,False,
T100608,V1052,Martin Group,Procurement,INV-27961,48490.07,2025-01-21 12:02:00,Erica D.,False,
T103964,V1139,Oconnell Inc,Legal,INV-74175,157416.71,2025-01-21 12:07:00,George B.,False,
T101307,V1011,Stanley LLC,IT,INV-88234,87533.76,2025-01-21 12:09:00,Christopher A.,False,
T101979,V1053,Barrera-Martin,HR,INV-35035,32798.9,2025-01-21 12:24:00,Jessica A.,False,
T101218,V1073,"Walters, Baker and Freeman",IT,INV-57214,42021.16,2025-01-21 12:54:00,Luis F.,False,
T103976,V1001,Rhodes PLC,IT,INV-58863,182976.53,2025-01-21 13:04:00,Kenneth R.,False,
T100331,V1069,"Riggs, Roman and Rice",Legal,INV-67779,75931.19,2025-01-21 13:19:00,Christian H.,False,
T105550,V1104,Campbell Ltd,Facilities,INV-50218,61913.71,2025-01-21 14:02:00,James U.,False,
T102111,V1076,Martin-Ramos,HR,INV-82215,17862.54,2025-01-21 14:08:00,Jonathan H.,False,
T105623,V1086,Garrison and Sons,Procurement,INV-46455,16666.27,2025-01-21 14:12:00,Jennifer C.,False,
T101704,V1126,Freeman LLC,Operations,INV-49967,21480.37,2025-01-21 14:15:00,Timothy G.,False,
T104521,V1134,"Williams, Crane and Walker",HR,INV-96074,124837.01,2025-01-21 14:17:00,Patty J.,False,
T105238,V1050,Ramos PLC,Marketing,INV-71251,122447.26,2025-01-21 14:32:00,Timothy G.,False,
T105459,V1011,Stanley LLC,Operations,INV-80026,117413.57,2025-01-21 14:35:00,Katherine W.,False,
T101320,V1034,Allen PLC,IT,INV-59987,32532.2,2025-01-21 14:43:00,Sandra M.,False,
T103224,V1134,"Williams, Crane and Walker",HR,INV-99505,110887.04,2025-01-21 14:57:00,Elizabeth R.,False,
T102393,V1001,Rhodes PLC,IT,INV-70755,33203.1,2025-01-21 15:32:00,Shawn E.,False,
T101409,V1055,Horton-Cross,Operations,INV-29249,135339.49,2025-01-21 18:57:00,Jason J.,False,
T102171,V1051,"Kidd, Huff and Novak",Procurement,INV-14298,10962.98,2025-01-22 07:12:00,Rebecca F.,False,
T100775,V1115,"Griffin, Moore and Hensley",Facilities,INV-84289,34357.0,2025-01-22 07:14:00,Jennifer S.,False,
T102100,V1055,Horton-Cross,Operations,INV-26577,59319.64,2025-01-22 08:20:00,Jenna M.,False,
T103083,V1012,Delacruz Group,HR,INV-34960,18408.92,2025-01-22 08:37:00,Jennifer H.,False,
T102693,V1052,Martin Group,Operations,INV-91412,55665.07,2025-01-22 09:29:00,Sean H.,False,
T104425,V1033,Koch-Decker,Legal,INV-68868,58782.98,2025-01-22 11:44:00,Pamela R.,False,
T102566,V1134,"Williams, Crane and Walker",Legal,INV-70902,105983.71,2025-01-22 12:00:00,Ryan R.,False,
T100521,V1062,Donovan-Harris,IT,INV-77552,17574.07,2025-01-22 12:20:00,April T.,False,
T101594,V1116,Larsen LLC,Legal,INV-72294,28712.33,2025-01-22 12:37:00,William T.,False,
T104797,V1069,"Riggs, Roman and Rice",IT,INV-61724,212205.82,2025-01-22 12:55:00,Angela F.,False,
T105269,V1051,"Kidd, Huff and Novak",Marketing,INV-40025,22036.92,2025-01-22 13:11:00,Austin R.,False,
T104740,V1116,Larsen LLC,Marketing,INV-14131,16331.47,2025-01-22 13:43:00,Sarah J.,False,
T100576,V1050,Ramos PLC,Legal,INV-13718,64248.58,2025-01-22 13:52:00,Richard W.,False,
T102872,V1033,Koch-Decker,Facilities,INV-78463,31296.24,2025-01-22 14:06:00,Belinda V.,False,
T100112,V1012,Delacruz Group,IT,INV-15229,33377.19,2025-01-22 14:19:00,Keith G.,False,
T100533,V1112,Grant Inc,Legal,INV-56210,35316.1,2025-01-22 14:46:00,Michelle M.,False,
T101493,V1121,Daniels-Perry,Marketing,INV-58653,110297.38,2025-01-22 14:54:00,Lisa R.,False,
T104840,V1033,Koch-Decker,Procurement,INV-46353,39006.76,2025-01-22 14:54:00,Theresa M.,False,
T105324,V1127,Price Ltd,Legal,INV-17259,53271.81,2025-01-22 15:12:00,Veronica B.,False,
T105694,V1034,Allen PLC,Procurement,INV-77744,67113.98,2025-01-22 15:34:00,Abigail W.,False,
T101744,V1074,Davis Group,Facilities,INV-77987,19593.0,2025-01-22 15:56:00,Julia S.,False,
T105237,V1126,Freeman LLC,Marketing,INV-71456,37391.2,2025-01-22 16:20:00,Larry L.,False,
T104402,V1134,"Williams, Crane and Walker",Procurement,INV-50254,80346.62,2025-01-22 17:12:00,David O.,False,
T103087,V1066,Medina PLC,Facilities,INV-64815,468.45,2025-01-23 09:08:00,Kristi C.,False,
T105617,V1116,Larsen LLC,Legal,INV-82641,25399.3,2025-01-23 09:16:00,Summer B.,False,
T105176,V1087,Bailey-Hoover,HR,INV-46317,15251.39,2025-01-23 09:30:00,Tanya A.,False,
T103142,V1113,Contreras-Travis,Operations,INV-48894,17113.9,2025-01-23 10:06:00,Thomas M.,False,
T102972,V1137,Marshall LLC,Procurement,INV-34651,19471.4,2025-01-23 10:15:00,Andrew H.,False,
T105773,V1120,Mccarthy Inc,IT,INV-40059,12791.12,2025-01-23 10:37:00,Christina A.,False,
T102663,V1053,Barrera-Martin,Facilities,INV-35929,45083.74,2025-01-23 11:01:00,Tiffany H.,False,
T101684,V1050,Ramos PLC,Legal,INV-40603,70970.62,2025-01-23 11:59:00,Paul H.,False,
T102027,V1027,"Potter, Mack and Peterson",HR,INV-16875,1121.73,2025-01-23 12:06:00,Derek Z.,False,
T103134,V1137,Marshall LLC,Facilities,INV-20957,12423.06,2025-01-23 12:08:00,Taylor K.,False,
T101694,V1127,Price Ltd,Facilities,INV-17878,35303.37,2025-01-23 12:16:00,Richard R.,False,
T105689,V1112,Grant Inc,Procurement,INV-25533,78087.38,2025-01-23 12:35:00,Donald M.,False,
T100131,V1033,Koch-Decker,Marketing,INV-10221,34296.37,2025-01-23 12:45:00,Donna G.,False,
T101620,V1088,Johnson and Sons,Facilities,INV-33414,26575.58,2025-01-23 12:53:00,Patrick S.,False,
T106031,V1079,Parker Inc,Facilities,INV-70604,9740.17,2025-01-23 13:02:00,Renee K.,True,just_below_threshold
T102050,V1033,Koch-Decker,Marketing,INV-76088,71446.11,2025-01-23 13:02:00,Sarah W.,False,
T105026,V1126,Freeman LLC,IT,INV-12348,46761.57,2025-01-23 13:18:00,Thomas R.,False,
T104698,V1094,"Lee, Williams and Graham",Operations,INV-67061,28913.6,2025-01-23 13:55:00,Arthur T.,False,
T104418,V1033,Koch-Decker,Facilities,INV-88479,47751.45,2025-01-23 14:09:00,Jamie B.,False,
T105216,V1134,"Williams, Crane and Walker",Marketing,INV-36909,112080.78,2025-01-23 14:27:00,Adam M.,False,
T102354,V1134,"Williams, Crane and Walker",Marketing,INV-46831,107644.32,2025-01-23 15:08:00,Bryan S.,False,
T103877,V1074,Davis Group,Operations,INV-36041,5497.73,2025-01-23 16:17:00,Benjamin A.,False,
T100106,V1118,Nelson LLC,IT,INV-27146,20215.04,2025-01-23 17:00:00,Mallory S.,False,
T100294,V1011,Stanley LLC,HR,INV-71993,92020.06,2025-01-23 17:20:00,Joshua F.,False,
T105776,V1127,Price Ltd,Operations,INV-94191,33204.87,2025-01-23 17:31:00,Eric H.,False,
T100600,V1055,Horton-Cross,Procurement,INV-84747,42033.15,2025-01-24 07:25:00,James S.,False,
T105997,V1112,Grant Inc,Marketing,INV-76295,72252.27,2025-01-24 10:20:00,James M.,False,
T100979,V1033,Koch-Decker,Procurement,INV-70960,44601.11,2025-01-24 10:25:00,John B.,False,
T100017,V1050,Ramos PLC,Facilities,INV-47930,155208.08,2025-01-24 10:42:00,Samantha H.,False,
T105161,V1139,Oconnell Inc,IT,INV-56777,99908.89,2025-01-24 10:54:00,Lance G.,False,
T102002,V1053,Barrera-Martin,Facilities,INV-53975,90580.25,2025-01-24 11:37:00,Christina R.,False,
T101266,V1043,"Young, Caldwell and Lewis",HR,INV-98098,72023.92,2025-01-24 11:59:00,Tammy M.,False,
T104194,V1055,Horton-Cross,Legal,INV-42636,52884.05,2025-01-24 12:09:00,Ethan S.,False,
T102572,V1104,Campbell Ltd,HR,INV-80004,81319.08,2025-01-24 12:10:00,Juan R.,False,
T103592,V1126,Freeman LLC,Procurement,INV-42757,20439.97,2025-01-24 12:51:00,Mary L.,False,
T103538,V1055,Horton-Cross,Legal,INV-30863,126206.22,2025-01-24 14:01:00,Danielle T.,False,
T100418,V1094,"Lee, Williams and Graham",Marketing,INV-88554,47434.68,2025-01-24 14:14:00,Christopher W.,False,
T100230,V1118,Nelson LLC,Operations,INV-48290,54109.45,2025-01-24 15:03:00,Michael W.,False,
T100910,V1055,Horton-Cross,HR,INV-70238,58750.85,2025-01-24 15:06:00,Daniel M.,False,
T103369,V1139,Oconnell Inc,Marketing,INV-25631,59655.75,2025-01-24 15:17:00,Tara B.,False,
T105122,V1121,Daniels-Perry,Procurement,INV-99662,72656.03,2025-01-24 15:46:00,Anthony R.,False,
T101260,V1048,Lee PLC,Facilities,INV-74542,6174.23,2025-01-24 15:57:00,Anne H.,False,
T103691,V1094,"Lee, Williams and Graham",HR,INV-56525,27955.86,2025-01-24 17:04:00,Sarah M.,False,
T106049,V1129,"Ferguson, Meadows and Vargas",Marketing,INV-35396,2435.31,2025-01-25 23:47:00,Leslie S.,True,weekend_after_hours
T103065,V1095,"Mcdaniel, Bentley and Mclaughlin",Marketing,INV-78809,3343.93,2025-01-27 07:24:00,James G.,False,
T100234,V1081,"Henson, Russell and Oliver",Legal,INV-72616,5458.9,2025-01-27 08:16:00,Christopher L.,False,
T100978,V1092,Johnson-Carlson,Facilities,INV-77603,21351.45,2025-01-27 09:11:00,Dustin M.,False,
T103667,V1070,"Evans, Alvarado and Mcmillan",Marketing,INV-96402,7620.34,2025-01-27 09:38:00,Kevin R.,False,
T105746,V1104,Campbell Ltd,Marketing,INV-80851,115427.51,2025-01-27 10:32:00,Ethan H.,False,
T104922,V1011,Stanley LLC,Facilities,INV-93889,90128.28,2025-01-27 11:15:00,Bernard M.,False,
T104089,V1033,Koch-Decker,Legal,INV-93087,48362.85,2025-01-27 11:20:00,Jonathan S.,False,
T100486,V1134,"Williams, Crane and Walker",Marketing,INV-58655,82322.82,2025-01-27 11:41:00,Nathan W.,False,
T104627,V1075,Smith and Sons,IT,INV-82427,10872.61,2025-01-27 11:55:00,Zachary H.,False,
T105039,V1053,Barrera-Martin,Operations,INV-37972,32122.2,2025-01-27 12:31:00,Jason H.,False,
T102776,V1081,"Henson, Russell and Oliver",Procurement,INV-16378,9927.09,2025-01-27 12:38:00,Kathryn R.,False,
T101308,V1134,"Williams, Crane and Walker",HR,INV-90689,40985.98,2025-01-27 12:49:00,Robin R.,False,
T103309,V1012,Delacruz Group,Operations,INV-66243,10904.1,2025-01-27 12:51:00,Denise M.,False,
T104407,V1127,Price Ltd,Legal,INV-99674,54381.45,2025-01-27 12:52:00,Christopher H.,False,
T100729,V1069,"Riggs, Roman and Rice",Marketing,INV-98299,81104.69,2025-01-27 13:17:00,Nancy O.,False,
T100395,V1033,Koch-Decker,Operations,INV-50953,43271.07,2025-01-27 14:18:00,Jennifer W.,False,
T104836,V1107,Riggs PLC,HR,INV-74167,11423.77,2025-01-27 14:27:00,Maria B.,False,
T100186,V1086,Garrison and Sons,Facilities,INV-95215,16314.48,2025-01-27 15:22:00,Jerry P.,False,
T104957,V1104,Campbell Ltd,IT,INV-43769,40361.24,2025-01-27 15:37:00,Michael M.,False,
T104519,V1033,Koch-Decker,Facilities,INV-50191,169121.88,2025-01-27 15:41:00,Brendan W.,False,
T103108,V1011,Stanley LLC,Facilities,INV-37521,103640.06,2025-01-27 15:41:00,Timothy T.,False,
T101931,V1070,"Evans, Alvarado and Mcmillan",Marketing,INV-62264,37486.59,2025-01-27 16:10:00,Kristi J.,False,
T102427,V1052,Martin Group,Procurement,INV-23456,153417.21,2025-01-27 17:21:00,Keith S.,False,
T102607,V1121,Daniels-Perry,IT,INV-66694,54226.88,2025-01-27 18:54:00,Helen S.,False,
T103051,V1050,Ramos PLC,Legal,INV-54845,33170.56,2025-01-27 19:43:00,Michelle S.,False,
T101540,V1112,Grant Inc,Legal,INV-62037,93631.86,2025-01-28 08:01:00,Robert S.,False,
T105427,V1126,Freeman LLC,Marketing,INV-36855,12933.76,2025-01-28 08:15:00,Melanie M.,False,
T103754,V1101,Torres and Sons,Marketing,INV-38697,6767.65,2025-01-28 08:17:00,Karen W.,False,
T102649,V1088,Johnson and Sons,IT,INV-35612,42905.53,2025-01-28 08:27:00,Ashley V.,False,
T104351,V1062,Donovan-Harris,Legal,INV-56969,50182.61,2025-01-28 08:45:00,Raven B.,False,
T101356,V1033,Koch-Decker,Legal,INV-81939,40585.05,2025-01-28 08:54:00,Rebecca S.,False,
T102360,V1043,"Young, Caldwell and Lewis",Facilities,INV-17152,69346.97,2025-01-28 09:12:00,Jennifer S.,False,
T103604,V1134,"Williams, Crane and Walker",Marketing,INV-91509,25897.18,2025-01-28 10:22:00,Brandon B.,False,
T105342,V1033,Koch-Decker,HR,INV-58570,58953.4,2025-01-28 11:06:00,Maria H.,False,
T103496,V1121,Daniels-Perry,Procurement,INV-45412,27902.91,2025-01-28 12:05:00,Charles V.,False,
T103257,V1062,Donovan-Harris,Legal,INV-13007,18774.6,2025-01-28 12:13:00,Jodi S.,False,
T105879,V1012,Delacruz Group,Operations,INV-42929,30557.7,2025-01-28 12:13:00,Derek G.,False,
T105585,V1025,James-Ferrell,Legal,INV-33809,25094.91,2025-01-28 12:35:00,Lisa L.,False,
T100872,V1051,"Kidd, Huff and Novak",IT,INV-11256,18979.02,2025-01-28 12:55:00,James O.,False,
T101078,V1054,Baker-Bowers,IT,INV-36941,7553.8,2025-01-28 13:06:00,Garrett M.,False,
T103887,V1139,Oconnell Inc,HR,INV-47627,40002.02,2025-01-28 13:24:00,Tracy E.,False,
T102299,V1009,"Martinez, Nielsen and Miller",Legal,INV-98027,17101.95,2025-01-28 13:44:00,Brent R.,False,
T101253,V1093,Graham-Joyce,Facilities,INV-69566,6137.52,2025-01-28 13:52:00,Darrell G.,False,
T105914,V1113,Contreras-Travis,Operations,INV-37559,21292.48,2025-01-28 13:52:00,Shelby V.,False,
T101665,V1121,Daniels-Perry,Operations,INV-15397,28370.76,2025-01-28 14:19:00,Kayla L.,False,
T105209,V1137,Marshall LLC,Facilities,INV-80651,18099.95,2025-01-28 14:33:00,Michael F.,False,
T102024,V1069,"Riggs, Roman and Rice",IT,INV-47363,37715.2,2025-01-28 14:41:00,Shaun M.,False,
T102035,V1033,Koch-Decker,Marketing,INV-28997,34698.07,2025-01-28 14:56:00,Joseph P.,False,
T104492,V1033,Koch-Decker,Legal,INV-21789,219012.93,2025-01-28 15:21:00,Taylor C.,False,
T105395,V1007,Davis Inc,Marketing,INV-33224,49803.85,2025-01-28 15:29:00,Anthony B.,False,
T105701,V1043,"Young, Caldwell and Lewis",HR,INV-40040,30767.6,2025-01-28 15:29:00,Stefanie W.,False,
T103178,V1069,"Riggs, Roman and Rice",Procurement,INV-96867,54422.97,2025-01-28 15:44:00,Jennifer P.,False,
T102932,V1086,Garrison and Sons,HR,INV-49855,23791.24,2025-01-28 15:54:00,Austin S.,False,
T103263,V1011,Stanley LLC,Marketing,INV-54829,80416.45,2025-01-28 16:05:00,Dean T.,False,
T101930,V1001,Rhodes PLC,IT,INV-25203,55899.75,2025-01-28 16:41:00,Jeff F.,False,
T103002,V1011,Stanley LLC,HR,INV-93780,51092.02,2025-01-28 16:58:00,Leah M.,False,
T103921,V1104,Campbell Ltd,IT,INV-28541,67385.04,2025-01-28 18:05:00,Julian N.,False,
T102812,V1001,Rhodes PLC,HR,INV-42550,68599.68,2025-01-28 18:58:00,Michael E.,False,
T101579,V1112,Grant Inc,Legal,INV-61435,47735.35,2025-01-29 07:17:00,Amy P.,False,
T104120,V1118,Nelson LLC,IT,INV-94645,45340.34,2025-01-29 07:26:00,Melissa M.,False,
T100419,V1062,Donovan-Harris,Facilities,INV-49507,32147.92,2025-01-29 10:00:00,Lucas G.,False,
T100686,V1045,Davis Group,Facilities,INV-77272,9723.63,2025-01-29 10:29:00,Melissa R.,False,
T105392,V1139,Oconnell Inc,HR,INV-46601,75419.53,2025-01-29 10:39:00,Shannon S.,False,
T100445,V1007,Davis Inc,Operations,INV-19724,29931.85,2025-01-29 11:22:00,John S.,False,
T101812,V1112,Grant Inc,Operations,INV-49235,43526.21,2025-01-29 11:53:00,Sarah L.,False,
T102938,V1139,Oconnell Inc,IT,INV-72111,75960.27,2025-01-29 12:06:00,Amanda Y.,False,
T101410,V1050,Ramos PLC,IT,INV-33597,57728.25,2025-01-29 12:10:00,William M.,False,
T100710,V1094,"Lee, Williams and Graham",Operations,INV-47914,21485.89,2025-01-29 13:08:00,Katelyn G.,False,
T101289,V1052,Martin Group,IT,INV-31094,78881.87,2025-01-29 14:12:00,Daniel C.,False,
T101046,V1011,Stanley LLC,Operations,INV-38679,89346.92,2025-01-29 14:14:00,Gerald R.,False,
T102627,V1055,Horton-Cross,Operations,INV-92075,71229.57,2025-01-29 14:19:00,Amanda B.,False,
T104643,V1011,Stanley LLC,HR,INV-83096,68618.61,2025-01-29 14:41:00,David T.,False,
T102281,V1043,"Young, Caldwell and Lewis",Procurement,INV-51144,72629.03,2025-01-29 14:55:00,Bradley C.,False,
T105609,V1075,Smith and Sons,Facilities,INV-97388,6435.76,2025-01-29 15:21:00,Jeffrey B.,False,
T105840,V1080,Fleming Ltd,Marketing,INV-11006,78086.8,2025-01-29 15:24:00,Clifford S.,False,
T103867,V1094,"Lee, Williams and Graham",HR,INV-18169,35506.8,2025-01-29 15:28:00,Richard H.,False,
T100968,V1112,Grant Inc,Legal,INV-84302,153825.26,2025-01-29 15:31:00,Linda H.,False,
T101975,V1107,Riggs PLC,HR,INV-21883,16980.81,2025-01-29 15:40:00,Ethan S.,False,
T103582,V1043,"Young, Caldwell and Lewis",Legal,INV-35712,59853.31,2025-01-29 16:01:00,Danielle L.,False,
T102293,V1086,Garrison and Sons,Operations,INV-59113,9189.65,2025-01-29 16:31:00,Andrea N.,False,
T101988,V1118,Nelson LLC,Legal,INV-15611,11547.61,2025-01-29 17:21:00,Bradley P.,False,
T103509,V1126,Freeman LLC,Procurement,INV-49311,15018.17,2025-01-29 17:59:00,Michael S.,False,
T105081,V1076,Martin-Ramos,HR,INV-27946,25079.35,2025-01-29 18:19:00,Gregory E.,False,
T105388,V1088,Johnson and Sons,Legal,INV-60749,34835.42,2025-01-29 19:07:00,Heather E.,False,
T101130,V1107,Riggs PLC,Procurement,INV-69827,20719.5,2025-01-30 07:15:00,Melissa D.,False,
T103593,V1139,Oconnell Inc,Procurement,INV-26608,223659.69,2025-01-30 09:04:00,Gregory M.,False,
T102877,V1035,Dennis Inc,Legal,INV-53287,10759.94,2025-01-30 09:22:00,Kevin A.,False,
T102146,V1017,Underwood LLC,IT,INV-70429,3458.91,2025-01-30 10:09:00,Thomas M.,False,
T100957,V1030,Harrell LLC,Procurement,INV-66948,2837.94,2025-01-30 11:15:00,Jeffery C.,False,
T102648,V1070,"Evans, Alvarado and Mcmillan",Operations,INV-83328,23115.35,2025-01-30 11:15:00,Amy E.,False,
T101155,V1012,Delacruz Group,Legal,INV-88647,112738.18,2025-01-30 11:51:00,Ronald G.,False,
T100535,V1086,Garrison and Sons,HR,INV-93560,10310.33,2025-01-30 12:04:00,Joseph C.,False,
T100084,V1126,Freeman LLC,Procurement,INV-34356,18827.38,2025-01-30 12:32:00,Taylor T.,False,
T101789,V1012,Delacruz Group,Operations,INV-92441,13210.21,2025-01-30 13:06:00,Shawn P.,False,
T100048,V1034,Allen PLC,Operations,INV-20322,54739.27,2025-01-30 13:15:00,Jean M.,False,
T103029,V1056,"Higgins, Moore and Phillips",Procurement,INV-90678,115.88,2025-01-30 13:22:00,Daniel C.,False,
T101035,V1070,"Evans, Alvarado and Mcmillan",Marketing,INV-79393,8668.77,2025-01-30 14:51:00,Melanie L.,False,
T104342,V1120,Mccarthy Inc,IT,INV-72472,17916.47,2025-01-30 14:57:00,Kimberly A.,False,
T106009,V1080,Fleming Ltd,Marketing,INV-11006,78086.8,2025-01-30 15:24:00,Clifford S.,True,duplicate_payment
T103241,V1139,Oconnell Inc,Legal,INV-42088,72329.1,2025-01-30 16:47:00,Robert M.,False,
T105539,V1034,Allen PLC,Legal,INV-86489,52051.87,2025-01-30 17:20:00,Virginia H.,False,
T101517,V1118,Nelson LLC,Legal,INV-43330,37718.34,2025-01-31 07:13:00,Heather T.,False,
T102040,V1043,"Young, Caldwell and Lewis",Facilities,INV-24563,23712.58,2025-01-31 07:17:00,Timothy F.,False,
T100896,V1007,Davis Inc,Legal,INV-95969,29323.09,2025-01-31 07:17:00,Angela W.,False,
T104844,V1112,Grant Inc,Procurement,INV-54250,61699.0,2025-01-31 08:00:00,Edward G.,False,
T103401,V1051,"Kidd, Huff and Novak",Procurement,INV-97883,28381.34,2025-01-31 08:13:00,Cheryl R.,False,
T100752,V1038,"Campos, Vaughn and Marquez",Procurement,INV-19742,31065.07,2025-01-31 08:33:00,Jay C.,False,
T100651,V1081,"Henson, Russell and Oliver",Legal,INV-21725,3432.1,2025-01-31 08:58:00,Pamela A.,False,
T104150,V1007,Davis Inc,Operations,INV-58952,46092.27,2025-01-31 08:58:00,Dwayne H.,False,
T100757,V1094,"Lee, Williams and Graham",HR,INV-97392,23084.13,2025-01-31 09:39:00,Robin D.,False,
T103172,V1073,"Walters, Baker and Freeman",IT,INV-57298,25860.37,2025-01-31 09:58:00,Michael F.,False,
T104587,V1050,Ramos PLC,Procurement,INV-18769,67286.46,2025-01-31 10:22:00,Wayne M.,False,
T102344,V1121,Daniels-Perry,IT,INV-40781,55479.91,2025-01-31 11:03:00,Donna C.,False,
T101050,V1007,Davis Inc,Facilities,INV-86888,24517.36,2025-01-31 12:01:00,Stacy S.,False,
T101598,V1112,Grant Inc,IT,INV-94485,58516.04,2025-01-31 12:03:00,Kerri F.,False,
T100947,V1001,Rhodes PLC,Marketing,INV-76402,47512.79,2025-01-31 12:50:00,Gary C.,False,
T106069,V1113,Contreras-Travis,Facilities,INV-64746,20000.0,2025-01-31 13:00:00,Juan C.,True,round_dollar
T104609,V1127,Price Ltd,Facilities,INV-39272,30289.09,2025-01-31 13:30:00,Suzanne M.,False,
T100892,V1073,"Walters, Baker and Freeman",IT,INV-79767,20636.74,2025-01-31 13:36:00,Deborah R.,False,
T100692,V1088,Johnson and Sons,Procurement,INV-71875,47277.27,2025-01-31 13:59:00,Emily P.,False,
T103573,V1104,Campbell Ltd,Facilities,INV-81707,40464.8,2025-01-31 14:08:00,Amanda E.,False,
T104132,V1115,"Griffin, Moore and Hensley",Procurement,INV-93837,17933.12,2025-01-31 17:06:00,Sandra C.,False,
T100392,V1050,Ramos PLC,Operations,INV-83620,88678.31,2025-01-31 17:37:00,Carla M.,False,
T105111,V1054,Baker-Bowers,Facilities,INV-90380,6398.62,2025-01-31 19:27:00,James B.,False,
T102865,V1069,"Riggs, Roman and Rice",Facilities,INV-35150,83378.45,2025-01-31 19:47:00,Tara H.,False,
T102924,V1055,Horton-Cross,IT,INV-30014,55774.12,2025-01-31 19:51:00,Michelle B.,False,
T106048,V1058,Shaw-Farrell,Operations,INV-67071,256.2,2025-02-01 03:25:00,Lauren H.,True,weekend_after_hours
T104190,V1055,Horton-Cross,Legal,INV-95459,56384.6,2025-02-03 07:27:00,Scott N.,False,
T101785,V1007,Davis Inc,Marketing,INV-27635,31885.27,2025-02-03 08:18:00,Andrea B.,False,
T105684,V1046,Owens-Daniel,Marketing,INV-87348,538.03,2025-02-03 08:23:00,Tiffany G.,False,
T100379,V1118,Nelson LLC,IT,INV-91830,50564.21,2025-02-03 09:08:00,Mark A.,False,
T104946,V1080,Fleming Ltd,Marketing,INV-31706,37227.17,2025-02-03 09:14:00,Monica R.,False,
T102174,V1011,Stanley LLC,HR,INV-11346,67125.91,2025-02-03 09:19:00,Brenda S.,False,
T101816,V1126,Freeman LLC,IT,INV-14085,88763.31,2025-02-03 10:09:00,Mary K.,False,
T104344,V1116,Larsen LLC,IT,INV-84678,16939.63,2025-02-03 10:46:00,Stephanie B.,False,
T105733,V1011,Stanley LLC,Marketing,INV-87374,83486.65,2025-02-03 11:12:00,Michelle J.,False,
T102600,V1113,Contreras-Travis,Facilities,INV-18526,63035.28,2025-02-03 11:37:00,Steven T.,False,
T102904,V1069,"Riggs, Roman and Rice",IT,INV-59415,32860.58,2025-02-03 11:41:00,Andrea N.,False,
T104965,V1050,Ramos PLC,IT,INV-17458,39448.96,2025-02-03 12:49:00,Robert W.,False,
T104035,V1069,"Riggs, Roman and Rice",Procurement,INV-37132,123137.69,2025-02-03 12:57:00,Daniel C.,False,
T101127,V1075,Smith and Sons,HR,INV-76426,10450.78,2025-02-03 13:19:00,Lee M.,False,
T105052,V1026,"Valencia, Smith and Le",Legal,INV-45396,257.85,2025-02-03 13:49:00,Morgan B.,False,
T102129,V1115,"Griffin, Moore and Hensley",Operations,INV-59253,13421.1,2025-02-03 13:59:00,Carlos P.,False,
T101017,V1025,James-Ferrell,HR,INV-68121,22056.76,2025-02-03 14:12:00,Christopher S.,False,
T102081,V1055,Horton-Cross,Marketing,INV-21443,61314.31,2025-02-03 14:12:00,Dylan W.,False,
T105787,V1121,Daniels-Perry,Procurement,INV-30047,99171.07,2025-02-03 14:28:00,Rachel H.,False,
T104537,V1033,Koch-Decker,Operations,INV-41056,136141.86,2025-02-03 15:09:00,Ronnie S.,False,
T104386,V1120,Mccarthy Inc,Facilities,INV-57932,14358.83,2025-02-03 15:21:00,David T.,False,
T101857,V1035,Dennis Inc,Procurement,INV-56064,31885.09,2025-02-03 15:30:00,Jordan W.,False,
T104568,V1107,Riggs PLC,IT,INV-51820,13559.44,2025-02-03 15:36:00,Michael R.,False,
T105139,V1080,Fleming Ltd,Marketing,INV-55592,22998.91,2025-02-03 15:37:00,Michael S.,False,
T102628,V1033,Koch-Decker,HR,INV-17312,41281.18,2025-02-03 16:06:00,Rachel H.,False,
T102312,V1055,Horton-Cross,Marketing,INV-88920,52923.34,2025-02-03 17:22:00,Stacey T.,False,
T103427,V1069,"Riggs, Roman and Rice",Procurement,INV-46105,134547.42,2025-02-03 17:34:00,Lori H.,False,
T102558,V1107,Riggs PLC,Procurement,INV-63411,26473.96,2025-02-03 18:30:00,Joe W.,False,
T101945,V1051,"Kidd, Huff and Novak",Marketing,INV-22805,28757.52,2025-02-04 07:00:00,Susan M.,False,
T101802,V1001,Rhodes PLC,IT,INV-76412,69739.68,2025-02-04 08:19:00,Kristina R.,False,
T104904,V1074,Davis Group,Facilities,INV-10075,26348.97,2025-02-04 08:24:00,Jesse S.,False,
T100443,V1088,Johnson and Sons,Marketing,INV-92756,60106.61,2025-02-04 09:30:00,Nathaniel B.,False,
T102256,V1088,Johnson and Sons,Legal,INV-79607,54115.48,2025-02-04 10:36:00,Barbara R.,False,
T105720,V1033,Koch-Decker,Procurement,INV-16629,50494.29,2025-02-04 10:50:00,Joseph O.,False,
T104774,V1050,Ramos PLC,Procurement,INV-44442,153546.97,2025-02-04 11:04:00,Abigail T.,False,
T106116,V9999,Meridian Consulting Partners LLC,Operations,INV-78738,9724.83,2025-02-04 11:22:00,Marcus T.,True,fabricated_invoice_benford
T104780,V1034,Allen PLC,HR,INV-34315,47702.64,2025-02-04 11:50:00,Mary N.,False,
T100390,V1134,"Williams, Crane and Walker",Legal,INV-21188,46238.93,2025-02-04 12:05:00,Alisha S.,False,
T101067,V1055,Horton-Cross,IT,INV-24160,84066.97,2025-02-04 12:22:00,Alexander C.,False,
T101697,V1092,Johnson-Carlson,HR,INV-45561,15856.13,2025-02-04 13:24:00,Nicole G.,False,
T101784,V1069,"Riggs, Roman and Rice",Marketing,INV-82151,90405.77,2025-02-04 13:48:00,Jane C.,False,
T102213,V1139,Oconnell Inc,HR,INV-13506,48931.96,2025-02-04 14:31:00,Tammy C.,False,
T105902,V1070,"Evans, Alvarado and Mcmillan",Legal,INV-60728,50487.4,2025-02-04 14:38:00,Chloe W.,False,
T105911,V1047,"Garcia, Powell and Morgan",Marketing,INV-55264,3306.77,2025-02-04 14:53:00,Jonathan W.,False,
T102522,V1069,"Riggs, Roman and Rice",Procurement,INV-64732,106639.26,2025-02-04 14:55:00,Brandon T.,False,
T104607,V1127,Price Ltd,Marketing,INV-35320,39224.55,2025-02-04 15:28:00,Gina H.,False,
T100509,V1115,"Griffin, Moore and Hensley",Operations,INV-76496,66099.71,2025-02-04 15:33:00,Tonya A.,False,
T104257,V1104,Campbell Ltd,Legal,INV-63788,30582.52,2025-02-04 16:03:00,Teresa F.,False,
T105743,V1070,"Evans, Alvarado and Mcmillan",Legal,INV-44617,20428.03,2025-02-04 16:45:00,Joshua B.,False,
T103091,V1043,"Young, Caldwell and Lewis",Marketing,INV-78650,99923.31,2025-02-04 17:30:00,Shannon M.,False,
T103566,V1134,"Williams, Crane and Walker",Legal,INV-30691,63686.71,2025-02-04 17:55:00,Melissa P.,False,
T104927,V1069,"Riggs, Roman and Rice",IT,INV-35359,190238.65,2025-02-04 19:22:00,Sean M.,False,
T105909,V1007,Davis Inc,Legal,INV-61948,23901.69,2025-02-05 09:45:00,Richard M.,False,
T100096,V1139,Oconnell Inc,Facilities,INV-58434,86408.48,2025-02-05 10:56:00,Wendy G.,False,
T100823,V1053,Barrera-Martin,Legal,INV-63627,31957.46,2025-02-05 11:52:00,Jodi G.,False,
T100201,V1011,Stanley LLC,HR,INV-54725,81260.85,2025-02-05 13:32:00,Monica B.,False,
T100187,V1104,Campbell Ltd,HR,INV-15276,58855.93,2025-02-05 14:49:00,Jeffery L.,False,
T100285,V1121,Daniels-Perry,Legal,INV-64387,59752.03,2025-02-05 15:17:00,Eric O.,False,
T103410,V1139,Oconnell Inc,Marketing,INV-31521,144309.65,2025-02-05 15:17:00,Emma J.,False,
T104755,V1073,"Walters, Baker and Freeman",Facilities,INV-70709,22831.86,2025-02-05 15:32:00,Morgan W.,False,
T100085,V1020,"Ellis, Baker and Wright",Procurement,INV-98501,9307.92,2025-02-05 17:38:00,Richard N.,False,
T102730,V1115,"Griffin, Moore and Hensley",Marketing,INV-47200,59273.43,2025-02-05 17:58:00,Stephanie W.,False,
T104448,V1050,Ramos PLC,Facilities,INV-88860,90409.8,2025-02-05 18:53:00,Carolyn G.,False,
T101467,V1063,Baker and Sons,Procurement,INV-82036,611.03,2025-02-05 18:58:00,Jennifer W.,False,
T104043,V1054,Baker-Bowers,Marketing,INV-44082,7479.84,2025-02-06 07:50:00,Carolyn W.,False,
T101632,V1088,Johnson and Sons,IT,INV-20215,16733.19,2025-02-06 07:53:00,Jason F.,False,
T101580,V1053,Barrera-Martin,Marketing,INV-33803,29942.35,2025-02-06 08:34:00,Michael W.,False,
T104734,V1011,Stanley LLC,IT,INV-69323,38274.42,2025-02-06 09:04:00,Paige M.,False,
T100059,V1033,Koch-Decker,HR,INV-17716,25909.33,2025-02-06 09:45:00,Lisa A.,False,
T106018,V1007,Davis Inc,Legal,INV-61948,23901.69,2025-02-06 09:45:00,Richard M.,True,duplicate_payment
T101861,V1073,"Walters, Baker and Freeman",IT,INV-79828,39213.74,2025-02-06 09:50:00,Catherine R.,False,
T106042,V1069,"Riggs, Roman and Rice",Facilities,INV-43792,9966.0,2025-02-06 10:02:00,Renee K.,True,just_below_threshold
T102029,V1043,"Young, Caldwell and Lewis",Facilities,INV-68303,86664.98,2025-02-06 10:57:00,Jason E.,False,
T100254,V1011,Stanley LLC,Facilities,INV-50319,90774.8,2025-02-06 11:03:00,Jessica K.,False,
T104791,V1053,Barrera-Martin,HR,INV-26640,36962.66,2025-02-06 11:09:00,Maria B.,False,
T104262,V1001,Rhodes PLC,IT,INV-28407,84612.22,2025-02-06 11:14:00,Lee M.,False,
T102929,V1127,Price Ltd,HR,INV-47098,40745.96,2025-02-06 11:33:00,Dustin A.,False,
T104427,V1120,Mccarthy Inc,Procurement,INV-25109,12283.58,2025-02-06 11:40:00,Cassandra W.,False,
T104986,V1054,Baker-Bowers,Operations,INV-47282,9758.29,2025-02-06 11:53:00,Stephanie S.,False,
T102381,V1050,Ramos PLC,Operations,INV-59989,77410.34,2025-02-06 12:35:00,Timothy R.,False,
T101530,V1062,Donovan-Harris,Facilities,INV-55039,23554.46,2025-02-06 13:05:00,Jason K.,False,
T103129,V1034,Allen PLC,Facilities,INV-69640,75882.21,2025-02-06 13:27:00,Joseph W.,False,
T101334,V1025,James-Ferrell,Legal,INV-39837,14775.48,2025-02-06 13:36:00,Glen O.,False,
T100924,V1076,Martin-Ramos,Marketing,INV-21708,30070.84,2025-02-06 14:14:00,Daniel L.,False,
T100942,V1033,Koch-Decker,Procurement,INV-57329,152805.24,2025-02-06 15:33:00,Stephanie W.,False,
T100250,V1001,Rhodes PLC,Facilities,INV-44675,41437.59,2025-02-06 16:43:00,Daniel B.,False,
T100061,V1052,Martin Group,Facilities,INV-46500,67795.66,2025-02-06 19:32:00,Angela B.,False,
T101052,V1009,"Martinez, Nielsen and Miller",HR,INV-96787,19028.01,2025-02-07 07:23:00,Katie H.,False,
T101473,V1043,"Young, Caldwell and Lewis",IT,INV-54560,38125.02,2025-02-07 08:32:00,Edgar S.,False,
T104090,V1052,Martin Group,Marketing,INV-25257,87312.43,2025-02-07 09:12:00,Diane P.,False,
T105212,V1069,"Riggs, Roman and Rice",Operations,INV-82388,96556.91,2025-02-07 09:15:00,Kyle L.,False,
T103544,V1116,Larsen LLC,Legal,INV-59063,9588.59,2025-02-07 11:28:00,Kelly W.,False,
T100563,V1028,Chavez Ltd,Marketing,INV-99143,6086.25,2025-02-07 12:28:00,Justin S.,False,
T100317,V1050,Ramos PLC,IT,INV-87014,70570.97,2025-02-07 12:28:00,Ryan A.,False,
T105394,V1127,Price Ltd,HR,INV-52125,28211.18,2025-02-07 12:54:00,Donald B.,False,
T100093,V1112,Grant Inc,Marketing,INV-91416,78718.8,2025-02-07 13:00:00,Barbara H.,False,
T101966,V1055,Horton-Cross,Operations,INV-42846,41738.54,2025-02-07 13:04:00,Patricia Q.,False,
T105195,V1119,Taylor and Sons,Marketing,INV-24213,6220.98,2025-02-07 13:09:00,Carolyn O.,False,
T106023,V1007,Davis Inc,Facilities,INV-81073,9740.19,2025-02-07 13:24:00,Renee K.,True,just_below_threshold
T103179,V1134,"Williams, Crane and Walker",Legal,INV-87847,127290.4,2025-02-07 13:30:00,Crystal S.,False,
T105900,V1115,"Griffin, Moore and Hensley",Marketing,INV-56351,50679.08,2025-02-07 13:57:00,Luke K.,False,
T100945,V1043,"Young, Caldwell and Lewis",Operations,INV-18851,57646.7,2025-02-07 15:01:00,Robert V.,False,
T100562,V1030,Harrell LLC,IT,INV-94192,6053.36,2025-02-07 15:08:00,Megan C.,False,
T100827,V1080,Fleming Ltd,Operations,INV-72814,82171.9,2025-02-07 16:28:00,Charles J.,False,
T105866,V1118,Nelson LLC,IT,INV-23096,99692.06,2025-02-10 07:11:00,Sherry B.,False,
T105416,V1094,"Lee, Williams and Graham",Facilities,INV-10060,15066.71,2025-02-10 07:38:00,Jamie H.,False,
T104081,V1091,Wilson LLC,Procurement,INV-68541,13572.17,2025-02-10 07:51:00,Deborah C.,False,
T104997,V1011,Stanley LLC,Operations,INV-25429,61600.84,2025-02-10 09:03:00,Megan F.,False,
T103638,V1053,Barrera-Martin,Operations,INV-82279,50813.93,2025-02-10 11:17:00,Alexander S.,False,
T106070,V1096,Jones-Beck,Procurement,INV-54205,5000.0,2025-02-10 11:20:00,John W.,True,round_dollar
T103181,V1001,Rhodes PLC,Procurement,INV-11635,35563.95,2025-02-10 12:15:00,Kristin T.,False,
T100432,V1134,"Williams, Crane and Walker",Legal,INV-50668,70226.03,2025-02-10 12:25:00,Mary P.,False,
T100952,V1062,Donovan-Harris,Facilities,INV-30365,23663.08,2025-02-10 12:32:00,Tyler D.,False,
T103960,V1127,Price Ltd,Procurement,INV-54186,36451.94,2025-02-10 13:09:00,Kathryn M.,False,
T103561,V1055,Horton-Cross,Legal,INV-77796,115957.8,2025-02-10 14:08:00,Steven W.,False,
T103605,V1055,Horton-Cross,Facilities,INV-78287,181747.18,2025-02-10 14:13:00,James W.,False,
T100018,V1127,Price Ltd,Facilities,INV-23238,43309.74,2025-02-10 14:54:00,Steven P.,False,
T100530,V1007,Davis Inc,HR,INV-48750,11806.23,2025-02-10 15:20:00,George W.,False,
T101526,V1134,"Williams, Crane and Walker",Operations,INV-47555,82509.28,2025-02-10 15:24:00,Olivia H.,False,
T105818,V1086,Garrison and Sons,IT,INV-64224,13949.09,2025-02-10 15:28:00,William R.,False,
T104564,V1050,Ramos PLC,Legal,INV-68449,44797.04,2025-02-10 15:43:00,Joshua S.,False,
T101729,V1076,Martin-Ramos,Legal,INV-72469,21790.86,2025-02-10 15:44:00,Karen D.,False,
T102411,V1050,Ramos PLC,Operations,INV-43989,34268.51,2025-02-10 15:47:00,Joel W.,False,
T104553,V1002,Johnson-Davis,Facilities,INV-44506,8736.12,2025-02-10 16:11:00,April B.,False,
T100766,V1112,Grant Inc,Marketing,INV-70161,24197.97,2025-02-10 16:23:00,Lawrence W.,False,
T104003,V1007,Davis Inc,Marketing,INV-83574,42762.57,2025-02-10 17:40:00,Maurice S.,False,
T103318,V1034,Allen PLC,Marketing,INV-13314,107719.17,2025-02-10 18:36:00,Denise J.,False,
T100302,V1139,Oconnell Inc,IT,INV-98389,39894.59,2025-02-11 07:54:00,Mark P.,False,
T100493,V1116,Larsen LLC,Facilities,INV-13694,29350.7,2025-02-11 08:23:00,Jane L.,False,
T106029,V1108,Gibson Ltd,Facilities,INV-15717,9754.85,2025-02-11 08:47:00,Renee K.,True,just_below_threshold
T102308,V1104,Campbell Ltd,Legal,INV-74447,45897.52,2025-02-11 08:52:00,Christopher L.,False,
T102503,V1035,Dennis Inc,Procurement,INV-65690,19751.14,2025-02-11 09:05:00,Alexandra B.,False,
T105104,V1050,Ramos PLC,Facilities,INV-34265,78981.34,2025-02-11 10:21:00,Heather K.,False,
T102082,V1116,Larsen LLC,Facilities,INV-47797,22908.84,2025-02-11 10:25:00,Keith C.,False,
T100696,V1101,Torres and Sons,HR,INV-80687,12147.75,2025-02-11 10:43:00,Isabella W.,False,
T102680,V1104,Campbell Ltd,Marketing,INV-96966,61528.15,2025-02-11 10:50:00,Michael N.,False,
T104544,V1139,Oconnell Inc,Procurement,INV-22004,87412.03,2025-02-11 11:11:00,Erin R.,False,
T102066,V1034,Allen PLC,IT,INV-17184,56885.09,2025-02-11 11:39:00,Ann S.,False,
T101977,V1116,Larsen LLC,Marketing,INV-48005,28244.1,2025-02-11 11:53:00,Amber G.,False,
T102887,V1139,Oconnell Inc,Marketing,INV-72406,42361.39,2025-02-11 12:22:00,Rebecca M.,False,
T105221,V1062,Donovan-Harris,Legal,INV-52184,51201.76,2025-02-11 12:47:00,Sabrina H.,False,
T103802,V1104,Campbell Ltd,Procurement,INV-65797,89601.82,2025-02-11 12:58:00,Kelsey S.,False,
T100577,V1033,Koch-Decker,HR,INV-85598,57457.79,2025-02-11 14:02:00,Benjamin R.,False,
T105393,V1118,Nelson LLC,HR,INV-89499,60547.94,2025-02-11 15:18:00,Joshua J.,False,
T100680,V1020,"Ellis, Baker and Wright",Marketing,INV-79228,10217.99,2025-02-11 15:33:00,Caitlin C.,False,
T101178,V1007,Davis Inc,IT,INV-92710,117128.99,2025-02-11 16:31:00,Stacie J.,False,
T100378,V1113,Contreras-Travis,Operations,INV-29442,22895.28,2025-02-11 17:20:00,Angelica S.,False,
T105625,V1062,Donovan-Harris,Operations,INV-85215,27793.72,2025-02-11 17:52:00,John B.,False,
T100465,V1025,James-Ferrell,HR,INV-28537,23701.58,2025-02-11 18:37:00,Heather R.,False,
T100185,V1062,Donovan-Harris,Procurement,INV-80702,33528.51,2025-02-11 19:30:00,Rebecca P.,False,
T102318,V1050,Ramos PLC,Facilities,INV-42716,92013.65,2025-02-12 07:07:00,Daniel M.,False,
T104532,V1025,James-Ferrell,Marketing,INV-98055,12638.25,2025-02-12 07:58:00,Jocelyn P.,False,
T100916,V1104,Campbell Ltd,HR,INV-95054,66570.74,2025-02-12 08:23:00,Diane F.,False,
T105293,V1001,Rhodes PLC,Legal,INV-90199,78025.8,2025-02-12 08:58:00,Jason W.,False,
T103054,V1134,"Williams, Crane and Walker",Marketing,INV-42472,99574.41,2025-02-12 09:48:00,Carrie D.,False,
T104748,V1069,"Riggs, Roman and Rice",HR,INV-92745,129690.9,2025-02-12 10:15:00,Christina B.,False,
T100528,V1035,Dennis Inc,Marketing,INV-20345,42031.46,2025-02-12 10:46:00,Clarence D.,False,
T104437,V1069,"Riggs, Roman and Rice",HR,INV-18834,77291.05,2025-02-12 10:48:00,Jesse J.,False,
T102947,V1053,Barrera-Martin,Marketing,INV-94070,65674.09,2025-02-12 11:07:00,Joshua M.,False,
T105755,V1139,Oconnell Inc,Procurement,INV-80451,128498.54,2025-02-12 11:28:00,Richard H.,False,
T101671,V1054,Baker-Bowers,Operations,INV-16463,8330.33,2025-02-12 11:30:00,Dennis M.,False,
T100950,V1112,Grant Inc,Operations,INV-80471,96275.75,2025-02-12 11:40:00,Keith N.,False,
T102562,V1134,"Williams, Crane and Walker",HR,INV-75592,62629.39,2025-02-12 11:54:00,Jeremy Y.,False,
T102192,V1069,"Riggs, Roman and Rice",Marketing,INV-25167,118506.33,2025-02-12 12:20:00,Jessica W.,False,
T103866,V1011,Stanley LLC,Legal,INV-25653,93876.89,2025-02-12 12:26:00,Michelle M.,False,
T105213,V1086,Garrison and Sons,Operations,INV-80459,14796.03,2025-02-12 13:21:00,Michaela K.,False,
T105634,V1023,Campos Inc,HR,INV-87789,1026.46,2025-02-12 15:13:00,Laura P.,False,
T105751,V1069,"Riggs, Roman and Rice",IT,INV-99698,103482.38,2025-02-12 15:15:00,Michael M.,False,
T103323,V1134,"Williams, Crane and Walker",Facilities,INV-92239,52333.55,2025-02-12 15:59:00,Mary C.,False,
T103948,V1051,"Kidd, Huff and Novak",HR,INV-23291,8128.83,2025-02-12 18:22:00,Sarah T.,False,
T103791,V1120,Mccarthy Inc,Operations,INV-32184,15995.06,2025-02-12 19:06:00,Desiree G.,False,
T105194,V1088,Johnson and Sons,Facilities,INV-37759,79408.15,2025-02-13 08:48:00,John C.,False,
T101016,V1134,"Williams, Crane and Walker",Operations,INV-43924,79267.87,2025-02-13 09:37:00,Tim P.,False,
T106011,V1134,"Williams, Crane and Walker",Marketing,INV-42472,99574.41,2025-02-13 09:48:00,Carrie D.,True,duplicate_payment
T102466,V1001,Rhodes PLC,IT,INV-64396,61946.56,2025-02-13 10:17:00,Ryan M.,False,
T101760,V1069,"Riggs, Roman and Rice",HR,INV-60343,136811.83,2025-02-13 10:33:00,Stacy G.,False,
T103773,V1118,Nelson LLC,Procurement,INV-76127,65252.62,2025-02-13 11:04:00,Wendy A.,False,
T100791,V1104,Campbell Ltd,Operations,INV-48715,67142.31,2025-02-13 11:49:00,Jennifer N.,False,
T104533,V1088,Johnson and Sons,HR,INV-51761,31899.62,2025-02-13 11:51:00,Hailey J.,False,
T101982,V1028,Chavez Ltd,HR,INV-67407,14120.44,2025-02-13 12:56:00,Bryan C.,False,
T100831,V1134,"Williams, Crane and Walker",Legal,INV-42536,60542.72,2025-02-13 13:06:00,Shannon P.,False,
T105450,V1069,"Riggs, Roman and Rice",Legal,INV-32405,73527.88,2025-02-13 13:42:00,Cynthia C.,False,
T100865,V1073,"Walters, Baker and Freeman",Facilities,INV-51049,13874.96,2025-02-13 13:43:00,Heather M.,False,
T104509,V1050,Ramos PLC,IT,INV-19029,59544.97,2025-02-13 13:56:00,Michael W.,False,
T102200,V1011,Stanley LLC,Facilities,INV-61748,60031.02,2025-02-13 14:07:00,Shawn R.,False,
T105699,V1045,Davis Group,Operations,INV-15564,8210.41,2025-02-13 14:12:00,Nicole W.,False,
T105674,V1011,Stanley LLC,Marketing,INV-87438,83073.55,2025-02-13 14:27:00,Richard P.,False,
T103011,V1126,Freeman LLC,IT,INV-82634,17652.0,2025-02-13 14:47:00,Ryan G.,False,
T102964,V1118,Nelson LLC,Operations,INV-49135,53513.11,2025-02-13 16:07:00,Robert A.,False,
T102324,V1112,Grant Inc,IT,INV-33840,24517.95,2025-02-13 16:26:00,Kevin M.,False,
T102542,V1073,"Walters, Baker and Freeman",Operations,INV-89541,14809.1,2025-02-13 16:51:00,James D.,False,
T100411,V1055,Horton-Cross,Procurement,INV-30392,94982.1,2025-02-13 16:56:00,Christopher M.,False,
T103206,V1052,Martin Group,Operations,INV-15881,94995.86,2025-02-13 17:36:00,Christopher M.,False,
T100994,V1139,Oconnell Inc,Procurement,INV-76247,63251.81,2025-02-13 17:37:00,Justin K.,False,
T100049,V1007,Davis Inc,Marketing,INV-19071,131008.96,2025-02-13 18:46:00,Brandon B.,False,
T102624,V1038,"Campos, Vaughn and Marquez",Procurement,INV-59465,27286.34,2025-02-13 19:03:00,Brian W.,False,
T101107,V1121,Daniels-Perry,Operations,INV-62082,42404.72,2025-02-14 07:24:00,Katherine B.,False,
T105963,V1050,Ramos PLC,Procurement,INV-39464,66955.01,2025-02-14 07:45:00,Kathleen J.,False,
T106108,V9999,Meridian Consulting Partners LLC,Operations,INV-87780,9859.84,2025-02-14 08:10:00,Marcus T.,True,fabricated_invoice_benford
T100932,V1052,Martin Group,Procurement,INV-28351,84535.85,2025-02-14 08:57:00,Lawrence A.,False,
T102444,V1069,"Riggs, Roman and Rice",Marketing,INV-26920,88318.5,2025-02-14 09:42:00,Johnathan J.,False,
T103551,V1088,Johnson and Sons,Procurement,INV-92459,35035.81,2025-02-14 10:37:00,Jamie H.,False,
T101464,V1127,Price Ltd,Legal,INV-62354,94616.79,2025-02-14 11:17:00,Bryan P.,False,
T102963,V1067,Ibarra-Suarez,IT,INV-14588,31831.0,2025-02-14 13:35:00,David W.,False,
T104157,V1012,Delacruz Group,Marketing,INV-89958,133628.96,2025-02-14 13:36:00,Troy O.,False,
T105519,V1127,Price Ltd,IT,INV-37549,24281.99,2025-02-14 13:53:00,Michael G.,False,
T104538,V1134,"Williams, Crane and Walker",Procurement,INV-11264,75689.6,2025-02-14 13:55:00,Terri I.,False,
T100887,V1120,Mccarthy Inc,Legal,INV-25386,31681.56,2025-02-14 14:28:00,Lisa W.,False,
T100797,V1112,Grant Inc,Marketing,INV-68830,49810.31,2025-02-14 15:11:00,Johnny G.,False,
T101832,V1121,Daniels-Perry,Marketing,INV-16047,31950.16,2025-02-14 15:21:00,April S.,False,
T103290,V1115,"Griffin, Moore and Hensley",Legal,INV-23606,30876.89,2025-02-14 15:51:00,Tina W.,False,
T100550,V1092,Johnson-Carlson,HR,INV-51889,15480.06,2025-02-14 16:51:00,Donald W.,False,
T101790,V1001,Rhodes PLC,HR,INV-89269,114762.43,2025-02-14 19:30:00,Adam T.,False,
T106062,V1020,"Ellis, Baker and Wright",Legal,INV-76520,7335.05,2025-02-15 23:06:00,Sean M.,True,weekend_after_hours
T104315,V1113,Contreras-Travis,HR,INV-88377,21628.89,2025-02-17 07:05:00,Benjamin R.,False,
T103246,V1139,Oconnell Inc,Marketing,INV-71405,39830.56,2025-02-17 10:22:00,Antonio M.,False,
T100011,V1091,Wilson LLC,Procurement,INV-57052,18038.41,2025-02-17 10:24:00,Alexander F.,False,
T100391,V1069,"Riggs, Roman and Rice",Procurement,INV-58843,59104.2,2025-02-17 10:27:00,Nancy W.,False,
T103892,V1011,Stanley LLC,IT,INV-85850,88170.89,2025-02-17 10:31:00,Donald C.,False,
T102486,V1127,Price Ltd,Operations,INV-50927,17416.55,2025-02-17 10:32:00,Matthew R.,False,
T105174,V1127,Price Ltd,IT,INV-88423,63910.3,2025-02-17 10:51:00,Debbie F.,False,
T101949,V1034,Allen PLC,Operations,INV-96062,70664.42,2025-02-17 11:03:00,Kent W.,False,
T100915,V1050,Ramos PLC,IT,INV-42819,53858.91,2025-02-17 11:41:00,Crystal L.,False,
T105628,V1139,Oconnell Inc,Legal,INV-29557,37157.0,2025-02-17 12:01:00,Zachary H.,False,
T105961,V1112,Grant Inc,Procurement,INV-94843,44378.87,2025-02-17 12:04:00,Brian H.,False,
T105214,V1139,Oconnell Inc,IT,INV-53525,147186.28,2025-02-17 12:16:00,Jennifer M.,False,
T100105,V1134,"Williams, Crane and Walker",Marketing,INV-46265,64974.76,2025-02-17 12:40:00,Kendra H.,False,
T105433,V1053,Barrera-Martin,Marketing,INV-87200,59924.32,2025-02-17 12:56:00,Jennifer T.,False,
T104976,V1001,Rhodes PLC,Legal,INV-94930,68410.3,2025-02-17 13:59:00,Emily J.,False,
T100992,V1062,Donovan-Harris,Facilities,INV-78125,22616.92,2025-02-17 14:02:00,Tammy S.,False,
T103343,V1009,"Martinez, Nielsen and Miller",HR,INV-82285,11141.85,2025-02-17 14:22:00,Patricia C.,False,
T102382,V1113,Contreras-Travis,IT,INV-33332,23276.4,2025-02-17 14:25:00,Betty N.,False,
T101656,V1127,Price Ltd,Marketing,INV-84588,28189.67,2025-02-17 14:36:00,Sean H.,False,
T105572,V1055,Horton-Cross,Marketing,INV-11063,55948.31,2025-02-17 15:03:00,Frank C.,False,
T105317,V1094,"Lee, Williams and Graham",Procurement,INV-48528,22954.31,2025-02-17 15:16:00,Alyssa T.,False,
T100770,V1002,Johnson-Davis,Marketing,INV-59436,12811.35,2025-02-17 15:25:00,Kenneth G.,False,
T104209,V1127,Price Ltd,Procurement,INV-24733,49301.98,2025-02-17 15:26:00,Roger N.,False,
T100800,V1074,Davis Group,Operations,INV-52523,13163.06,2025-02-17 15:38:00,John T.,False,
T100470,V1011,Stanley LLC,HR,INV-65496,146960.95,2025-02-17 15:41:00,Curtis M.,False,
T102254,V1043,"Young, Caldwell and Lewis",Legal,INV-85784,34034.45,2025-02-17 15:45:00,Annette G.,False,
T105867,V1035,Dennis Inc,Legal,INV-75976,15237.14,2025-02-17 16:23:00,Cameron S.,False,
T101223,V1050,Ramos PLC,Legal,INV-54921,61438.74,2025-02-17 17:23:00,Michael B.,False,
T103010,V1119,Taylor and Sons,Operations,INV-17525,5710.64,2025-02-17 18:10:00,Christopher P.,False,
T105635,V1115,"Griffin, Moore and Hensley",Procurement,INV-29029,66497.44,2025-02-17 18:38:00,Alexis W.,False,
T100895,V1034,Allen PLC,Legal,INV-63948,42123.9,2025-02-18 08:08:00,Jeffrey B.,False,
T101237,V1038,"Campos, Vaughn and Marquez",HR,INV-42581,27901.67,2025-02-18 08:27:00,Matthew G.,False,
T102152,V1080,Fleming Ltd,Legal,INV-31906,50735.51,2025-02-18 10:38:00,Stephanie G.,False,
T103377,V1043,"Young, Caldwell and Lewis",Legal,INV-64405,167152.71,2025-02-18 10:53:00,Zachary W.,False,
T101653,V1050,Ramos PLC,Marketing,INV-56616,154124.52,2025-02-18 11:02:00,Danielle H.,False,
T102403,V1070,"Evans, Alvarado and Mcmillan",HR,INV-84511,16400.76,2025-02-18 11:29:00,Todd M.,False,
T102994,V1104,Campbell Ltd,IT,INV-84993,49903.08,2025-02-18 11:33:00,Taylor S.,False,
T100462,V1120,Mccarthy Inc,HR,INV-60667,77763.18,2025-02-18 11:35:00,Samuel R.,False,
T104368,V1115,"Griffin, Moore and Hensley",Procurement,INV-79352,47687.38,2025-02-18 12:10:00,Kathleen R.,False,
T100666,V1139,Oconnell Inc,Facilities,INV-72580,144499.04,2025-02-18 12:11:00,Ashley G.,False,
T101585,V1033,Koch-Decker,HR,INV-37321,52742.1,2025-02-18 12:33:00,Debra W.,False,
T101659,V1091,Wilson LLC,HR,INV-49373,14057.39,2025-02-18 12:38:00,Juan S.,False,
T105286,V1011,Stanley LLC,Operations,INV-69604,111250.49,2025-02-18 12:45:00,Jennifer N.,False,
T102255,V1033,Koch-Decker,IT,INV-45830,28086.86,2025-02-18 13:37:00,Angela S.,False,
T101220,V1115,"Griffin, Moore and Hensley",Legal,INV-16014,42092.21,2025-02-18 13:54:00,Elizabeth D.,False,
T106100,V9999,Meridian Consulting Partners LLC,Operations,INV-11996,7330.7,2025-02-18 14:04:00,Marcus T.,True,fabricated_invoice_benford
T101539,V1119,Taylor and Sons,Marketing,INV-81884,3038.56,2025-02-18 14:04:00,Amanda R.,False,
T103444,V1007,Davis Inc,IT,INV-53997,23171.49,2025-02-18 14:06:00,Adam S.,False,
T105426,V1086,Garrison and Sons,IT,INV-47324,12299.08,2025-02-18 15:27:00,Joseph N.,False,
T103229,V1121,Daniels-Perry,IT,INV-32245,50587.68,2025-02-18 17:29:00,Daniel B.,False,
T105295,V1103,"Kennedy, Santana and Flynn",Operations,INV-63372,2082.44,2025-02-18 17:29:00,Jacob M.,False,
T104749,V1011,Stanley LLC,Marketing,INV-54221,195029.74,2025-02-18 18:29:00,Michael C.,False,
T102372,V1011,Stanley LLC,IT,INV-13402,48177.72,2025-02-18 18:56:00,Heather C.,False,
T102617,V1052,Martin Group,Marketing,INV-66616,42052.15,2025-02-19 07:01:00,Devon R.,False,
T101619,V1126,Freeman LLC,HR,INV-18739,67559.14,2025-02-19 08:33:00,Juan M.,False,
T103275,V1104,Campbell Ltd,Facilities,INV-34596,57269.52,2025-02-19 10:02:00,Dawn M.,False,
T104361,V1047,"Garcia, Powell and Morgan",IT,INV-33253,3586.05,2025-02-19 10:19:00,Sarah P.,False,
T102175,V1034,Allen PLC,Procurement,INV-88878,241517.34,2025-02-19 10:50:00,Amy L.,False,
T100330,V1118,Nelson LLC,HR,INV-94717,134373.67,2025-02-19 10:57:00,Ryan M.,False,
T101094,V1007,Davis Inc,HR,INV-55061,9274.36,2025-02-19 11:05:00,Natalie C.,False,
T101995,V1034,Allen PLC,Operations,INV-32372,157670.57,2025-02-19 11:29:00,Jennifer S.,False,
T101165,V1095,"Mcdaniel, Bentley and Mclaughlin",Facilities,INV-43902,6180.39,2025-02-19 11:30:00,Andrew R.,False,
T102216,V1104,Campbell Ltd,Procurement,INV-96649,39234.5,2025-02-19 11:48:00,Priscilla W.,False,
T102388,V1092,Johnson-Carlson,IT,INV-77194,43729.3,2025-02-19 11:53:00,Crystal A.,False,
T105525,V1088,Johnson and Sons,Legal,INV-65869,47008.14,2025-02-19 12:15:00,Brian M.,False,
T104491,V1047,"Garcia, Powell and Morgan",Procurement,INV-21239,3534.39,2025-02-19 12:50:00,Jason S.,False,
T104731,V1115,"Griffin, Moore and Hensley",Facilities,INV-13080,50658.86,2025-02-19 12:52:00,Lindsey R.,False,
T101325,V1012,Delacruz Group,Legal,INV-80513,20128.09,2025-02-19 13:10:00,Jonathan R.,False,
T103743,V1052,Martin Group,Procurement,INV-47653,120572.87,2025-02-19 13:14:00,Katherine M.,False,
T103700,V1011,Stanley LLC,IT,INV-74656,38614.49,2025-02-19 13:14:00,Anthony W.,False,
T100349,V1055,Horton-Cross,Operations,INV-27781,19073.18,2025-02-19 13:15:00,Brittany B.,False,
T100605,V1069,"Riggs, Roman and Rice",IT,INV-54444,112922.92,2025-02-19 13:25:00,Timothy B.,False,
T102156,V1126,Freeman LLC,Operations,INV-56088,26865.01,2025-02-19 13:34:00,Cathy H.,False,
T105049,V1001,Rhodes PLC,IT,INV-50565,41734.7,2025-02-19 13:48:00,Daniel M.,False,
T104679,V1126,Freeman LLC,IT,INV-38220,27565.7,2025-02-19 14:03:00,Erin M.,False,
T105989,V1093,Graham-Joyce,HR,INV-94538,7410.26,2025-02-19 15:34:00,Jessica M.,False,
T104503,V1115,"Griffin, Moore and Hensley",Procurement,INV-27773,28575.67,2025-02-19 15:48:00,Gina L.,False,
T103711,V1069,"Riggs, Roman and Rice",Operations,INV-76676,80897.85,2025-02-19 16:13:00,Vincent F.,False,
T104989,V1115,"Griffin, Moore and Hensley",Operations,INV-39332,29464.0,2025-02-19 16:31:00,Katie B.,False,
T105695,V1053,Barrera-Martin,HR,INV-97843,58771.82,2025-02-19 16:51:00,Kelsey G.,False,
T101086,V1002,Johnson-Davis,Facilities,INV-32391,6607.79,2025-02-19 17:01:00,Linda K.,False,
T103212,V1104,Campbell Ltd,Marketing,INV-76005,50656.93,2025-02-19 17:21:00,Andrew Z.,False,
T104374,V1002,Johnson-Davis,HR,INV-30273,29024.37,2025-02-19 19:55:00,Teresa A.,False,
T101359,V1007,Davis Inc,HR,INV-86099,35183.73,2025-02-20 07:12:00,Matthew R.,False,
T101940,V1048,Lee PLC,HR,INV-86569,2581.44,2025-02-20 07:16:00,Paul P.,False,
T102247,V1137,Marshall LLC,Marketing,INV-23114,36710.54,2025-02-20 08:51:00,Sandra M.,False,
T104288,V1043,"Young, Caldwell and Lewis",Procurement,INV-25397,29985.5,2025-02-20 09:36:00,Katherine H.,False,
T105045,V1118,Nelson LLC,HR,INV-43841,16085.42,2025-02-20 10:08:00,Ronald J.,False,
T102461,V1034,Allen PLC,HR,INV-57675,83673.33,2025-02-20 10:09:00,Jonathan H.,False,
T100383,V1034,Allen PLC,HR,INV-24996,85850.86,2025-02-20 10:50:00,William S.,False,
T101432,V1133,King-Miller,Facilities,INV-43360,1820.95,2025-02-20 11:27:00,Jimmy S.,False,
T105378,V1076,Martin-Ramos,Legal,INV-99872,32895.32,2025-02-20 11:43:00,Jessica W.,False,
T102547,V1073,"Walters, Baker and Freeman",Facilities,INV-47401,15958.62,2025-02-20 12:34:00,Brian R.,False,
T100353,V1139,Oconnell Inc,Marketing,INV-90694,37799.6,2025-02-20 12:53:00,Tiffany D.,False,
T105954,V1093,Graham-Joyce,Procurement,INV-36025,14084.37,2025-02-20 13:02:00,Amy S.,False,
T104023,V1134,"Williams, Crane and Walker",Operations,INV-95603,58673.9,2025-02-20 13:24:00,Isabel B.,False,
T101828,V1075,Smith and Sons,Operations,INV-98698,12791.08,2025-02-20 13:52:00,Rodney A.,False,
T104391,V1034,Allen PLC,Operations,INV-21921,109741.39,2025-02-20 13:54:00,Robert T.,False,
T102700,V1118,Nelson LLC,Procurement,INV-57216,34006.15,2025-02-20 14:07:00,Douglas T.,False,
T104296,V1139,Oconnell Inc,Marketing,INV-13719,179364.98,2025-02-20 14:18:00,Tabitha P.,False,
T100356,V1035,Dennis Inc,IT,INV-81364,56373.88,2025-02-20 15:43:00,Joanne W.,False,
T100073,V1052,Martin Group,HR,INV-80855,47117.4,2025-02-20 16:03:00,Antonio R.,False,
T105965,V1094,"Lee, Williams and Graham",Operations,INV-87526,23404.34,2025-02-21 07:25:00,Madison A.,False,
T103213,V1060,Powell PLC,Legal,INV-29685,1727.82,2025-02-21 07:32:00,Amber G.,False,
T105329,V1062,Donovan-Harris,Legal,INV-38652,19350.89,2025-02-21 08:11:00,Michelle W.,False,
T104923,V1051,"Kidd, Huff and Novak",IT,INV-16962,25772.39,2025-02-21 08:18:00,Amanda L.,False,
T102878,V1121,Daniels-Perry,Marketing,INV-62665,53433.8,2025-02-21 09:00:00,Lawrence P.,False,
T104982,V1030,Harrell LLC,Operations,INV-20793,4483.53,2025-02-21 11:02:00,Nancy H.,False,
T104974,V1034,Allen PLC,Procurement,INV-11112,75037.6,2025-02-21 11:05:00,Melissa O.,False,
T101503,V1085,Moore-Haynes,IT,INV-90318,1077.68,2025-02-21 11:20:00,Julia O.,False,
T103978,V1033,Koch-Decker,Operations,INV-20323,204331.68,2025-02-21 11:24:00,Richard S.,False,
T103074,V1105,Davis-Crane,Facilities,INV-43064,529.16,2025-02-21 11:27:00,Deborah M.,False,
T104249,V1088,Johnson and Sons,Facilities,INV-93218,29260.09,2025-02-21 11:43:00,Victor G.,False,
T104859,V1011,Stanley LLC,Procurement,INV-63547,22993.33,2025-02-21 11:54:00,Logan L.,False,
T101037,V1007,Davis Inc,HR,INV-41608,42330.08,2025-02-21 12:15:00,Jacob M.,False,
T102634,V1035,Dennis Inc,HR,INV-98575,42764.03,2025-02-21 12:21:00,Susan J.,False,
T100307,V1053,Barrera-Martin,Facilities,INV-49251,75762.81,2025-02-21 12:28:00,Catherine P.,False,
T101449,V1069,"Riggs, Roman and Rice",Operations,INV-62502,79335.62,2025-02-21 13:13:00,Matthew W.,False,
T103780,V1067,Ibarra-Suarez,HR,INV-85523,25839.08,2025-02-21 13:16:00,Sarah N.,False,
T104189,V1107,Riggs PLC,IT,INV-50629,10726.73,2025-02-21 13:22:00,Theodore S.,False,
T100227,V1139,Oconnell Inc,Facilities,INV-48829,43207.93,2025-02-21 13:53:00,Hannah R.,False,
T101215,V1050,Ramos PLC,IT,INV-94454,85649.47,2025-02-21 14:57:00,Danielle G.,False,
T104208,V1024,Conner Group,IT,INV-39189,3437.6,2025-02-21 15:00:00,Brian W.,False,
T100474,V1069,"Riggs, Roman and Rice",Legal,INV-80748,66209.85,2025-02-21 15:32:00,Jessica B.,False,
T104092,V1076,Martin-Ramos,Operations,INV-38179,20727.26,2025-02-21 15:34:00,Jennifer W.,False,
T104281,V1126,Freeman LLC,Legal,INV-73641,15650.56,2025-02-21 15:45:00,Amy F.,False,
T104768,V1118,Nelson LLC,Facilities,INV-27301,68164.04,2025-02-21 17:10:00,John O.,False,
T103328,V1033,Koch-Decker,Legal,INV-12877,26116.69,2025-02-21 19:31:00,Natalie C.,False,
T105918,V1001,Rhodes PLC,HR,INV-99946,157068.95,2025-02-24 07:00:00,Jake M.,False,
T103203,V1095,"Mcdaniel, Bentley and Mclaughlin",Facilities,INV-88264,4000.46,2025-02-24 07:04:00,Scott R.,False,
T100810,V1116,Larsen LLC,IT,INV-10887,36261.97,2025-02-24 08:08:00,Samantha H.,False,
T103659,V1092,Johnson-Carlson,Facilities,INV-51039,12864.76,2025-02-24 08:38:00,Stephanie W.,False,
T103117,V1034,Allen PLC,HR,INV-60067,167752.42,2025-02-24 08:46:00,Kenneth G.,False,
T103407,V1086,Garrison and Sons,Facilities,INV-38676,14418.11,2025-02-24 08:58:00,Shawn M.,False,
T101860,V1050,Ramos PLC,Operations,INV-95124,38854.48,2025-02-24 09:20:00,Michael F.,False,
T105299,V1121,Daniels-Perry,Legal,INV-64397,43853.26,2025-02-24 09:21:00,Kimberly S.,False,
T104958,V1033,Koch-Decker,Facilities,INV-82746,134154.6,2025-02-24 10:52:00,Stephanie H.,False,
T101725,V1052,Martin Group,Facilities,INV-13433,79656.22,2025-02-24 11:08:00,Gabrielle S.,False,
T102786,V1001,Rhodes PLC,IT,INV-32756,62016.15,2025-02-24 11:22:00,Rick J.,False,
T105508,V1025,James-Ferrell,HR,INV-61277,23927.3,2025-02-24 11:35:00,Brittany A.,False,
T101113,V1113,Contreras-Travis,Legal,INV-23237,35619.0,2025-02-24 11:36:00,Jesse B.,False,
T104017,V1052,Martin Group,HR,INV-92984,36420.55,2025-02-24 11:42:00,Cristina H.,False,
T103413,V1070,"Evans, Alvarado and Mcmillan",Procurement,INV-41531,42851.72,2025-02-24 11:47:00,Jennifer W.,False,
T104856,V1139,Oconnell Inc,Facilities,INV-97970,74350.15,2025-02-24 12:00:00,David J.,False,
T105747,V1001,Rhodes PLC,Marketing,INV-17198,80566.73,2025-02-24 12:05:00,Michelle W.,False,
T101845,V1088,Johnson and Sons,Procurement,INV-21287,64347.8,2025-02-24 12:24:00,Angela C.,False,
T102291,V1035,Dennis Inc,Facilities,INV-45985,27283.67,2025-02-24 13:11:00,Susan C.,False,
T100203,V1034,Allen PLC,IT,INV-93307,74466.0,2025-02-24 13:27:00,Karen P.,False,
T102457,V1001,Rhodes PLC,Operations,INV-89908,79817.64,2025-02-24 13:50:00,Elizabeth C.,False,
T105102,V1053,Barrera-Martin,Facilities,INV-87444,90616.09,2025-02-24 14:16:00,Joshua T.,False,
T101262,V1012,Delacruz Group,Operations,INV-35679,57117.26,2025-02-24 15:16:00,Elizabeth M.,False,
T105149,V1012,Delacruz Group,IT,INV-43043,39662.51,2025-02-24 16:15:00,David O.,False,
T103497,V1043,"Young, Caldwell and Lewis",Operations,INV-22766,92658.0,2025-02-24 17:21:00,Kelly S.,False,
T106097,V9999,Meridian Consulting Partners LLC,Operations,INV-80416,8183.46,2025-02-24 19:29:00,Marcus T.,True,fabricated_invoice_benford
T103136,V1047,"Garcia, Powell and Morgan",HR,INV-54353,2071.6,2025-02-24 19:34:00,Gail D.,False,
T102402,V1080,Fleming Ltd,Marketing,INV-64135,25554.65,2025-02-25 07:32:00,Jo J.,False,
T104380,V1052,Martin Group,HR,INV-33647,101249.36,2025-02-25 10:22:00,Jessica R.,False,
T104837,V1043,"Young, Caldwell and Lewis",Marketing,INV-60709,24981.81,2025-02-25 10:30:00,Charles S.,False,
T104287,V1120,Mccarthy Inc,Legal,INV-94237,40312.73,2025-02-25 10:37:00,Jason J.,False,
T100643,V1050,Ramos PLC,HR,INV-86917,75170.98,2025-02-25 10:39:00,Sarah J.,False,
T103200,V1043,"Young, Caldwell and Lewis",Procurement,INV-57540,106333.06,2025-02-25 11:06:00,Dylan P.,False,
T101001,V1086,Garrison and Sons,Procurement,INV-31544,10278.54,2025-02-25 11:09:00,Victoria P.,False,
T103456,V1069,"Riggs, Roman and Rice",HR,INV-98971,41766.78,2025-02-25 11:17:00,Nicole M.,False,
T100398,V1073,"Walters, Baker and Freeman",Legal,INV-82910,29756.13,2025-02-25 11:22:00,Karen B.,False,
T102857,V1118,Nelson LLC,Operations,INV-55140,46737.63,2025-02-25 11:40:00,Robert S.,False,
T105275,V1001,Rhodes PLC,Facilities,INV-82887,135116.92,2025-02-25 12:23:00,Stephen W.,False,
T101778,V1050,Ramos PLC,Facilities,INV-31146,142024.42,2025-02-25 12:26:00,Christina C.,False,
T103038,V1034,Allen PLC,HR,INV-67587,87981.26,2025-02-25 12:28:00,Tyler D.,False,
T103248,V1051,"Kidd, Huff and Novak",Facilities,INV-24201,38671.8,2025-02-25 13:05:00,David P.,False,
T102083,V1050,Ramos PLC,IT,INV-24683,139683.0,2025-02-25 13:10:00,Linda T.,False,
T104728,V1116,Larsen LLC,Facilities,INV-19464,31043.27,2025-02-25 13:31:00,Bryan S.,False,
T101963,V1096,Jones-Beck,Operations,INV-66525,2959.0,2025-02-25 14:09:00,Daniel F.,False,
T100598,V1011,Stanley LLC,Facilities,INV-44664,132279.04,2025-02-25 14:27:00,James A.,False,
T102210,V1002,Johnson-Davis,IT,INV-74138,13100.84,2025-02-25 15:07:00,Evan M.,False,
T105310,V1087,Bailey-Hoover,IT,INV-39601,8572.8,2025-02-25 15:34:00,Edward D.,False,
T104841,V1033,Koch-Decker,Operations,INV-45181,39618.46,2025-02-25 15:35:00,Nicholas D.,False,
T103622,V1001,Rhodes PLC,Marketing,INV-98862,72593.15,2025-02-25 15:35:00,Claire W.,False,
T100128,V1050,Ramos PLC,Marketing,INV-55309,78549.48,2025-02-25 15:38:00,Kristin A.,False,
T105155,V1086,Garrison and Sons,IT,INV-65685,6033.94,2025-02-25 17:46:00,Gary S.,False,
T101884,V1007,Davis Inc,IT,INV-14087,34582.46,2025-02-26 07:55:00,Brian W.,False,
T103389,V1073,"Walters, Baker and Freeman",IT,INV-19835,14114.18,2025-02-26 08:03:00,Savannah P.,False,
T101953,V1094,"Lee, Williams and Graham",Facilities,INV-43205,28409.79,2025-02-26 08:44:00,Laura R.,False,
T105136,V1080,Fleming Ltd,IT,INV-28441,70173.42,2025-02-26 08:56:00,Emily Y.,False,
T105146,V1057,"Fitzgerald, Brown and Edwards",HR,INV-58605,428.86,2025-02-26 09:17:00,Robert R.,False,
T103758,V1104,Campbell Ltd,Operations,INV-53212,73924.21,2025-02-26 09:39:00,Danielle M.,False,
T100035,V1075,Smith and Sons,HR,INV-30969,17265.23,2025-02-26 10:09:00,Elizabeth W.,False,
T100503,V1115,"Griffin, Moore and Hensley",Marketing,INV-88215,45051.65,2025-02-26 10:53:00,Jenna G.,False,
T103441,V1070,"Evans, Alvarado and Mcmillan",Legal,INV-12279,27913.15,2025-02-26 11:02:00,Kayla B.,False,
T103048,V1134,"Williams, Crane and Walker",Legal,INV-12772,86960.33,2025-02-26 11:06:00,Shawn M.,False,
T103041,V1050,Ramos PLC,IT,INV-15276,106495.72,2025-02-26 11:12:00,Nathaniel H.,False,
T105829,V1118,Nelson LLC,Operations,INV-27664,42671.57,2025-02-26 12:07:00,Jessica R.,False,
T104239,V1134,"Williams, Crane and Walker",Operations,INV-48759,41905.91,2025-02-26 12:07:00,David C.,False,
T103186,V1055,Horton-Cross,Procurement,INV-94207,110458.18,2025-02-26 12:09:00,Kayla R.,False,
T105626,V1120,Mccarthy Inc,Procurement,INV-55467,16300.34,2025-02-26 12:29:00,Kevin P.,False,
T104039,V1069,"Riggs, Roman and Rice",Operations,INV-53418,198071.0,2025-02-26 12:51:00,Brianna J.,False,
T103718,V1089,Lin-Rasmussen,HR,INV-25720,2150.32,2025-02-26 15:45:00,Kaitlin H.,False,
T103133,V1127,Price Ltd,Procurement,INV-94473,33076.63,2025-02-26 15:52:00,Evan B.,False,
T102735,V1088,Johnson and Sons,Operations,INV-64842,68640.92,2025-02-26 16:08:00,Marcus S.,False,
T101213,V1009,"Martinez, Nielsen and Miller",Operations,INV-97690,7628.17,2025-02-26 18:53:00,Ian F.,False,
T102227,V1067,Ibarra-Suarez,HR,INV-74297,16944.5,2025-02-26 19:36:00,Melanie G.,False,
T104187,V1121,Daniels-Perry,Procurement,INV-10951,79678.7,2025-02-27 07:29:00,Terry T.,False,
T101686,V1062,Donovan-Harris,Procurement,INV-41856,39064.85,2025-02-27 07:47:00,Deborah G.,False,
T104272,V1075,Smith and Sons,Marketing,INV-65824,20641.16,2025-02-27 09:40:00,Michael M.,False,
T104716,V1134,"Williams, Crane and Walker",Operations,INV-15502,51926.36,2025-02-27 10:32:00,Eric R.,False,
T103970,V1052,Martin Group,HR,INV-14798,49930.06,2025-02-27 11:22:00,Phillip L.,False,
T105124,V1126,Freeman LLC,Procurement,INV-95439,31003.19,2025-02-27 11:36:00,Shawn T.,False,
T105300,V1011,Stanley LLC,Facilities,INV-88275,75611.11,2025-02-27 12:35:00,Joshua F.,False,
T101679,V1070,"Evans, Alvarado and Mcmillan",Marketing,INV-65514,35557.8,2025-02-27 12:42:00,Jessica C.,False,
T104094,V1007,Davis Inc,Marketing,INV-94230,29536.9,2025-02-27 12:46:00,Connie M.,False,
T100109,V1007,Davis Inc,HR,INV-29536,45170.42,2025-02-27 13:04:00,Cindy J.,False,
T103076,V1116,Larsen LLC,HR,INV-11790,35557.11,2025-02-27 13:06:00,Laurie E.,False,
T101753,V1052,Martin Group,Legal,INV-86735,182866.54,2025-02-27 13:11:00,Andrea G.,False,
T101823,V1033,Koch-Decker,Legal,INV-14901,39553.66,2025-02-27 13:23:00,Nicole A.,False,
T101111,V1118,Nelson LLC,Facilities,INV-29424,99264.23,2025-02-27 13:26:00,Teresa T.,False,
T102420,V1055,Horton-Cross,Procurement,INV-34670,153266.22,2025-02-27 13:52:00,Joseph W.,False,
T102170,V1069,"Riggs, Roman and Rice",Procurement,INV-73472,98130.83,2025-02-27 15:04:00,Samantha V.,False,
T104051,V1033,Koch-Decker,Facilities,INV-58033,72067.97,2025-02-27 15:46:00,Robert D.,False,
T105611,V1104,Campbell Ltd,Marketing,INV-52844,152089.41,2025-02-27 16:13:00,Steven P.,False,
T102908,V1139,Oconnell Inc,IT,INV-87620,75437.98,2025-02-27 17:05:00,Kenneth B.,False,
T103958,V1069,"Riggs, Roman and Rice",Facilities,INV-65583,354957.06,2025-02-27 17:50:00,Bobby W.,False,
T105942,V1043,"Young, Caldwell and Lewis",Procurement,INV-76574,34322.34,2025-02-28 07:02:00,Kayla H.,False,
T106113,V9999,Meridian Consulting Partners LLC,Operations,INV-55121,9125.96,2025-02-28 07:05:00,Marcus T.,True,fabricated_invoice_benford
T102661,V1052,Martin Group,IT,INV-67725,117250.4,2025-02-28 08:09:00,Mike H.,False,
T102073,V1134,"Williams, Crane and Walker",Marketing,INV-86037,33632.97,2025-02-28 08:41:00,Kayla J.,False,
T102274,V1034,Allen PLC,Facilities,INV-13631,37132.85,2025-02-28 09:09:00,Morgan C.,False,
T102451,V1011,Stanley LLC,Facilities,INV-25818,134598.0,2025-02-28 09:39:00,Deborah P.,False,
T103271,V1001,Rhodes PLC,HR,INV-63265,74311.8,2025-02-28 09:50:00,Joshua D.,False,
T100860,V1043,"Young, Caldwell and Lewis",HR,INV-74157,31068.75,2025-02-28 10:16:00,Meagan J.,False,
T103746,V1118,Nelson LLC,HR,INV-62178,91188.58,2025-02-28 10:22:00,John W.,False,
T100279,V1052,Martin Group,Procurement,INV-94896,102441.72,2025-02-28 10:29:00,Anna S.,False,
T101207,V1007,Davis Inc,Procurement,INV-75239,42267.11,2025-02-28 10:50:00,Elizabeth O.,False,
T100235,V1043,"Young, Caldwell and Lewis",Procurement,INV-62521,104525.77,2025-02-28 10:52:00,Danielle M.,False,
T106007,V1043,"Young, Caldwell and Lewis",Procurement,INV-62521,104525.77,2025-02-28 10:52:00,Danielle M.,True,duplicate_payment
T105833,V1055,Horton-Cross,Marketing,INV-20303,68999.12,2025-02-28 11:04:00,Thomas B.,False,
T101404,V1034,Allen PLC,HR,INV-72759,20400.69,2025-02-28 11:30:00,Dennis F.,False,
T101869,V1011,Stanley LLC,Operations,INV-70674,38362.52,2025-02-28 11:37:00,Sarah F.,False,
T101318,V1118,Nelson LLC,IT,INV-68414,78563.44,2025-02-28 11:42:00,James R.,False,
T100882,V1034,Allen PLC,Legal,INV-81186,121145.25,2025-02-28 12:17:00,Shane H.,False,
T101321,V1054,Baker-Bowers,IT,INV-80809,9850.94,2025-02-28 12:24:00,John B.,False,
T103340,V1121,Daniels-Perry,Facilities,INV-13866,59028.28,2025-02-28 12:57:00,Tracy L.,False,
T103426,V1088,Johnson and Sons,Procurement,INV-85396,40571.5,2025-02-28 14:03:00,Duane Y.,False,
T105089,V1033,Koch-Decker,IT,INV-53749,150745.14,2025-02-28 14:06:00,Javier N.,False,
T100428,V1052,Martin Group,Procurement,INV-52568,26288.75,2025-02-28 14:25:00,Rodney P.,False,
T104502,V1007,Davis Inc,Facilities,INV-68314,75922.86,2025-02-28 14:42:00,Casey H.,False,
T101804,V1107,Riggs PLC,IT,INV-54742,8375.94,2025-02-28 15:43:00,Robert G.,False,
T105742,V1052,Martin Group,Marketing,INV-11921,67464.53,2025-02-28 16:39:00,Michael S.,False,
T100370,V1087,Bailey-Hoover,Procurement,INV-72422,9043.58,2025-02-28 16:47:00,Angela H.,False,
T102241,V1055,Horton-Cross,Facilities,INV-12583,24509.47,2025-02-28 18:21:00,Carlos E.,False,
T101759,V1062,Donovan-Harris,Marketing,INV-93109,35818.21,2025-02-28 18:45:00,Jerry L.,False,
T101355,V1126,Freeman LLC,HR,INV-84356,61601.69,2025-02-28 19:11:00,Tyler P.,False,
T101997,V1069,"Riggs, Roman and Rice",Operations,INV-90691,164769.09,2025-02-28 19:31:00,Sarah C.,False,
T106060,V1107,Riggs PLC,HR,INV-50563,16057.06,2025-03-01 23:02:00,Cameron H.,True,weekend_after_hours
T101303,V1069,"Riggs, Roman and Rice",Procurement,INV-66165,143005.44,2025-03-03 07:24:00,Teresa P.,False,
T104379,V1113,Contreras-Travis,IT,INV-48198,28198.0,2025-03-03 07:51:00,James P.,False,
T103062,V1104,Campbell Ltd,Marketing,INV-15028,65262.39,2025-03-03 08:08:00,Sandra M.,False,
T104660,V1127,Price Ltd,IT,INV-69198,40780.17,2025-03-03 08:41:00,Eric M.,False,
T104684,V1118,Nelson LLC,HR,INV-99368,50939.33,2025-03-03 08:58:00,Teresa N.,False,
T102003,V1062,Donovan-Harris,Facilities,INV-64415,23437.85,2025-03-03 10:17:00,Jessica D.,False,
T104456,V1104,Campbell Ltd,Facilities,INV-92350,49094.15,2025-03-03 10:54:00,Terry G.,False,
T102554,V1121,Daniels-Perry,Facilities,INV-41407,31832.34,2025-03-03 11:03:00,Shawn G.,False,
T100056,V1086,Garrison and Sons,Facilities,INV-18392,7225.89,2025-03-03 11:15:00,Danny J.,False,
T105760,V1091,Wilson LLC,IT,INV-78412,7430.99,2025-03-03 11:28:00,Erik J.,False,
T101003,V1112,Grant Inc,IT,INV-37215,72388.38,2025-03-03 11:34:00,Nicole T.,False,
T103522,V1118,Nelson LLC,Marketing,INV-11444,101560.34,2025-03-03 11:36:00,Anthony T.,False,
T101005,V1134,"Williams, Crane and Walker",Facilities,INV-99922,48950.45,2025-03-03 12:05:00,Clarence W.,False,
T100223,V1121,Daniels-Perry,Facilities,INV-51359,79305.36,2025-03-03 12:46:00,Brenda B.,False,
T100224,V1116,Larsen LLC,Operations,INV-34267,21481.22,2025-03-03 12:47:00,Nicole P.,False,
T100960,V1051,"Kidd, Huff and Novak",HR,INV-27984,16840.43,2025-03-03 13:00:00,Antonio B.,False,
T105171,V1069,"Riggs, Roman and Rice",HR,INV-87152,78583.52,2025-03-03 13:17:00,Stephanie R.,False,
T104682,V1052,Martin Group,Facilities,INV-44435,59736.99,2025-03-03 13:19:00,Daniel G.,False,
T104357,V1035,Dennis Inc,Procurement,INV-22341,20916.84,2025-03-03 14:21:00,George A.,False,
T102286,V1073,"Walters, Baker and Freeman",HR,INV-86076,45124.25,2025-03-03 14:33:00,Danielle C.,False,
T104148,V1027,"Potter, Mack and Peterson",Marketing,INV-66011,5398.68,2025-03-03 14:41:00,Kristina H.,False,
T101173,V1091,Wilson LLC,HR,INV-60026,15038.28,2025-03-03 14:55:00,Michael S.,False,
T101491,V1055,Horton-Cross,Procurement,INV-98580,60427.06,2025-03-03 14:58:00,Diamond B.,False,
T101593,V1094,"Lee, Williams and Graham",Legal,INV-41862,11912.87,2025-03-03 15:25:00,Kaylee R.,False,
T104183,V1011,Stanley LLC,HR,INV-89278,67889.19,2025-03-03 15:31:00,Eric T.,False,
T105078,V1074,Davis Group,Legal,INV-14257,19220.82,2025-03-03 15:39:00,Ann M.,False,
T104075,V1034,Allen PLC,Facilities,INV-56727,26654.04,2025-03-03 15:41:00,Amanda C.,False,
T104615,V1052,Martin Group,HR,INV-17938,86840.36,2025-03-03 16:18:00,Rachel R.,False,
T105304,V1034,Allen PLC,Marketing,INV-10402,66869.19,2025-03-03 17:46:00,Cheryl C.,False,
T105120,V1073,"Walters, Baker and Freeman",Facilities,INV-27360,20168.54,2025-03-03 19:42:00,Janet H.,False,
T105690,V1104,Campbell Ltd,Facilities,INV-13492,22577.35,2025-03-04 07:02:00,Jessica W.,False,
T100157,V1050,Ramos PLC,Facilities,INV-70901,93218.57,2025-03-04 07:29:00,Jeremy D.,False,
T105253,V1137,Marshall LLC,Marketing,INV-43136,10343.17,2025-03-04 07:55:00,Megan B.,False,
T102204,V1067,Ibarra-Suarez,Legal,INV-65666,51094.53,2025-03-04 08:14:00,Jared L.,False,
T101786,V1025,James-Ferrell,Legal,INV-45968,30752.81,2025-03-04 08:44:00,Angie A.,False,
T103337,V1134,"Williams, Crane and Walker",Operations,INV-13873,117200.98,2025-03-04 09:12:00,Chelsea S.,False,
T100276,V1126,Freeman LLC,HR,INV-89806,20940.11,2025-03-04 11:01:00,Ryan G.,False,
T102755,V1118,Nelson LLC,Procurement,INV-23791,28646.01,2025-03-04 11:23:00,Kevin G.,False,
T103360,V1053,Barrera-Martin,IT,INV-11428,78908.83,2025-03-04 12:00:00,Joshua M.,False,
T100548,V1060,Powell PLC,Legal,INV-19706,2279.27,2025-03-04 12:08:00,Daniel A.,False,
T104182,V1118,Nelson LLC,Legal,INV-37477,49338.49,2025-03-04 12:10:00,Thomas W.,False,
T104839,V1075,Smith and Sons,Legal,INV-17143,15574.4,2025-03-04 12:23:00,Catherine W.,False,
T105054,V1011,Stanley LLC,Legal,INV-80070,121782.64,2025-03-04 12:32:00,Wendy C.,False,
T105421,V1134,"Williams, Crane and Walker",Facilities,INV-68653,33718.18,2025-03-04 13:12:00,Julie F.,False,
T101522,V1088,Johnson and Sons,Legal,INV-99074,33086.13,2025-03-04 13:22:00,Heather W.,False,
T103325,V1139,Oconnell Inc,Facilities,INV-47022,127962.96,2025-03-04 14:06:00,Chad D.,False,
T103499,V1126,Freeman LLC,Operations,INV-98396,57383.11,2025-03-04 14:47:00,Joshua P.,False,
T101019,V1093,Graham-Joyce,Marketing,INV-16637,7293.29,2025-03-04 15:02:00,Kevin R.,False,
T102302,V1118,Nelson LLC,Legal,INV-40983,33789.72,2025-03-04 15:34:00,Crystal V.,False,
T101973,V1120,Mccarthy Inc,Operations,INV-57044,12848.61,2025-03-04 15:36:00,Taylor D.,False,
T102078,V1001,Rhodes PLC,HR,INV-79717,65939.19,2025-03-04 16:30:00,Eric C.,False,
T105600,V1053,Barrera-Martin,HR,INV-94489,50103.75,2025-03-04 18:31:00,James P.,False,
T100567,V1104,Campbell Ltd,Facilities,INV-49862,45369.1,2025-03-05 07:33:00,Brett H.,False,
T100136,V1034,Allen PLC,IT,INV-76469,68733.65,2025-03-05 07:46:00,John R.,False,
T102769,V1094,"Lee, Williams and Graham",HR,INV-61229,26110.37,2025-03-05 08:34:00,James L.,False,
T102958,V1069,"Riggs, Roman and Rice",Legal,INV-37192,97154.54,2025-03-05 08:48:00,Danielle S.,False,
T105920,V1011,Stanley LLC,Operations,INV-69833,137397.16,2025-03-05 10:09:00,Heather W.,False,
T102869,V1127,Price Ltd,Procurement,INV-54846,43938.42,2025-03-05 12:17:00,Kenneth B.,False,
T102189,V1050,Ramos PLC,Procurement,INV-78121,47092.18,2025-03-05 12:29:00,Michelle M.,False,
T105722,V1053,Barrera-Martin,IT,INV-14895,64612.81,2025-03-05 12:58:00,Catherine C.,False,
T102366,V1088,Johnson and Sons,Procurement,INV-36703,93992.81,2025-03-05 13:22:00,David S.,False,
T103771,V1080,Fleming Ltd,Legal,INV-59526,67949.94,2025-03-05 13:52:00,Anthony J.,False,
T103298,V1011,Stanley LLC,Legal,INV-70810,27568.2,2025-03-05 14:22:00,Jonathan D.,False,
T100933,V1134,"Williams, Crane and Walker",HR,INV-60335,60798.43,2025-03-05 14:37:00,Daryl B.,False,
T102138,V1080,Fleming Ltd,HR,INV-47707,42606.53,2025-03-05 14:41:00,Anthony O.,False,
T104853,V1009,"Martinez, Nielsen and Miller",Facilities,INV-63267,13715.99,2025-03-05 15:06:00,Victoria C.,False,
T102493,V1038,"Campos, Vaughn and Marquez",IT,INV-85030,2804.5,2025-03-05 16:28:00,Samuel L.,False,
T103370,V1120,Mccarthy Inc,Facilities,INV-88830,17741.58,2025-03-05 16:28:00,Christina B.,False,
T105254,V1127,Price Ltd,Operations,INV-79375,63750.84,2025-03-05 17:56:00,Daniel W.,False,
T103281,V1094,"Lee, Williams and Graham",Marketing,INV-95054,8977.89,2025-03-05 18:44:00,Suzanne H.,False,
T104240,V1062,Donovan-Harris,IT,INV-50243,55121.39,2025-03-06 07:55:00,Cindy B.,False,
T105462,V1008,Munoz-Roman,Procurement,INV-53369,5492.99,2025-03-06 07:57:00,Harold H.,False,
T104238,V1127,Price Ltd,Facilities,INV-69956,47885.12,2025-03-06 09:06:00,Kayla W.,False,
T102419,V1116,Larsen LLC,Procurement,INV-35008,41934.8,2025-03-06 09:08:00,Meagan B.,False,
T103342,V1120,Mccarthy Inc,IT,INV-73120,34584.92,2025-03-06 09:17:00,Denise R.,False,
T101600,V1107,Riggs PLC,Facilities,INV-51515,28588.07,2025-03-06 10:31:00,Crystal L.,False,
T102915,V1043,"Young, Caldwell and Lewis",HR,INV-88855,52963.32,2025-03-06 11:33:00,Betty H.,False,
T103717,V1127,Price Ltd,Marketing,INV-48658,51738.75,2025-03-06 11:53:00,Joseph C.,False,
T105252,V1012,Delacruz Group,Procurement,INV-45102,26733.04,2025-03-06 12:04:00,Kimberly J.,False,
T105838,V1126,Freeman LLC,Operations,INV-85925,22422.29,2025-03-06 12:06:00,Michael H.,False,
T103393,V1073,"Walters, Baker and Freeman",Legal,INV-29398,19447.32,2025-03-06 12:20:00,Joel J.,False,
T101919,V1086,Garrison and Sons,Procurement,INV-46418,21705.11,2025-03-06 12:32:00,Deborah P.,False,
T101573,V1088,Johnson and Sons,Marketing,INV-11075,50693.92,2025-03-06 12:45:00,Colleen C.,False,
T102561,V1115,"Griffin, Moore and Hensley",Operations,INV-63313,62431.51,2025-03-06 13:19:00,Jerry R.,False,
T102485,V1086,Garrison and Sons,Operations,INV-47214,10899.47,2025-03-06 13:33:00,Michael C.,False,
T101536,V1118,Nelson LLC,Facilities,INV-96772,34109.29,2025-03-06 13:46:00,Anna A.,False,
T103676,V1118,Nelson LLC,Operations,INV-42105,72999.02,2025-03-06 13:59:00,Christopher K.,False,
T105570,V1121,Daniels-Perry,Operations,INV-28771,63002.35,2025-03-06 14:12:00,Tanya H.,False,
T102012,V1003,"Johnson, Gonzalez and Santos",Facilities,INV-93863,9594.31,2025-03-06 14:13:00,Jacqueline S.,False,
T101103,V1094,"Lee, Williams and Graham",Marketing,INV-20271,26611.04,2025-03-06 15:02:00,Edward R.,False,
T101891,V1055,Horton-Cross,Procurement,INV-19403,80384.78,2025-03-06 15:08:00,George J.,False,
T100897,V1107,Riggs PLC,Legal,INV-27392,35208.08,2025-03-06 15:44:00,Jeffrey B.,False,
T103193,V1094,"Lee, Williams and Graham",Facilities,INV-62481,12272.12,2025-03-06 15:47:00,Tina L.,False,
T103685,V1034,Allen PLC,Procurement,INV-66547,133648.19,2025-03-06 15:55:00,Nicholas S.,False,
T105998,V1115,"Griffin, Moore and Hensley",Legal,INV-85756,63928.04,2025-03-06 16:00:00,Pamela K.,False,
T103049,V1034,Allen PLC,IT,INV-75536,68461.84,2025-03-06 16:09:00,Zoe M.,False,
T103973,V1104,Campbell Ltd,Facilities,INV-92958,39287.41,2025-03-06 18:46:00,Savannah S.,False,
T102643,V1091,Wilson LLC,Operations,INV-67127,11174.03,2025-03-07 07:19:00,Laurie C.,False,
T104842,V1118,Nelson LLC,Procurement,INV-65478,40650.54,2025-03-07 07:50:00,Kelly J.,False,
T101018,V1069,"Riggs, Roman and Rice",Legal,INV-53456,83191.09,2025-03-07 08:05:00,Dakota R.,False,
T102601,V1052,Martin Group,Operations,INV-39879,87213.86,2025-03-07 09:16:00,Jacqueline L.,False,
T102717,V1134,"Williams, Crane and Walker",HR,INV-11268,89963.23,2025-03-07 09:19:00,Rebecca N.,False,
T105119,V1052,Martin Group,Facilities,INV-93993,51200.95,2025-03-07 09:36:00,Raymond F.,False,
T101497,V1139,Oconnell Inc,Operations,INV-65466,32023.88,2025-03-07 11:03:00,Connor H.,False,
T102626,V1053,Barrera-Martin,Legal,INV-67923,71291.53,2025-03-07 11:03:00,Maria H.,False,
T104171,V1038,"Campos, Vaughn and Marquez",IT,INV-19078,21971.52,2025-03-07 11:34:00,Rhonda W.,False,
T105662,V1107,Riggs PLC,HR,INV-86475,9933.65,2025-03-07 11:49:00,Julie F.,False,
T104626,V1076,Martin-Ramos,Procurement,INV-26241,49274.64,2025-03-07 12:20:00,Jennifer M.,False,
T100699,V1043,"Young, Caldwell and Lewis",Facilities,INV-10455,21372.54,2025-03-07 12:46:00,Justin W.,False,
T105323,V1034,Allen PLC,Legal,INV-12355,52678.53,2025-03-07 13:27:00,Justin M.,False,
T104426,V1035,Dennis Inc,HR,INV-39225,23741.72,2025-03-07 13:42:00,Johnny O.,False,
T104535,V1034,Allen PLC,Legal,INV-24031,126266.66,2025-03-07 13:51:00,Martin G.,False,
T105657,V1055,Horton-Cross,Legal,INV-87516,74353.81,2025-03-07 14:01:00,Tammy B.,False,
T103310,V1045,Davis Group,Marketing,INV-32769,6769.13,2025-03-07 14:40:00,Ashley G.,False,
T106140,V1134,"Williams, Crane and Walker",HR,INV-37244,886013.43,2025-03-07 15:02:00,Tonya S.,True,statistical_outlier
T103932,V1011,Stanley LLC,Legal,INV-27501,42889.59,2025-03-07 15:20:00,Danielle W.,False,
T104800,V1052,Martin Group,Operations,INV-76787,30027.85,2025-03-07 16:30:00,Rodney B.,False,
T103160,V1080,Fleming Ltd,Legal,INV-60465,31944.81,2025-03-07 17:11:00,Cassandra G.,False,
T103747,V1092,Johnson-Carlson,Marketing,INV-74117,30291.48,2025-03-07 19:49:00,Raymond B.,False,
T100725,V1069,"Riggs, Roman and Rice",Facilities,INV-43422,134838.56,2025-03-10 07:24:00,Victoria Y.,False,
T105307,V1052,Martin Group,Procurement,INV-19994,53024.32,2025-03-10 08:56:00,Amber A.,False,
T100995,V1118,Nelson LLC,Legal,INV-61688,35279.81,2025-03-10 09:40:00,David P.,False,
T103547,V1104,Campbell Ltd,Operations,INV-82937,55286.68,2025-03-10 10:40:00,Renee M.,False,
T102691,V1003,"Johnson, Gonzalez and Santos",Procurement,INV-48672,8924.32,2025-03-10 10:48:00,Paul S.,False,
T100100,V1088,Johnson and Sons,Procurement,INV-24029,30150.53,2025-03-10 11:16:00,Eugene J.,False,
T101730,V1033,Koch-Decker,Legal,INV-89260,119511.5,2025-03-10 11:32:00,Donna W.,False,
T101123,V1001,Rhodes PLC,HR,INV-68079,64839.04,2025-03-10 12:19:00,Shawn H.,False,
T104333,V1122,Price-Carrillo,Legal,INV-42361,1487.41,2025-03-10 13:20:00,Sharon B.,False,
T103042,V1055,Horton-Cross,Marketing,INV-53412,97171.54,2025-03-10 13:25:00,Daniel M.,False,
T104346,V1073,"Walters, Baker and Freeman",Facilities,INV-96743,63302.6,2025-03-10 14:25:00,Rebecca N.,False,
T105189,V1107,Riggs PLC,Procurement,INV-36760,33380.0,2025-03-10 15:02:00,Michael M.,False,
T102974,V1008,Munoz-Roman,Operations,INV-38316,4624.4,2025-03-10 15:38:00,Christopher F.,False,
T104783,V1118,Nelson LLC,HR,INV-61211,102291.66,2025-03-10 15:47:00,Melissa C.,False,
T105569,V1050,Ramos PLC,Legal,INV-18246,90022.74,2025-03-10 16:12:00,Brittany M.,False,
T101369,V1059,"Miller, Lopez and Larson",HR,INV-53458,652.94,2025-03-10 16:43:00,Jeffrey W.,False,
T105009,V1126,Freeman LLC,IT,INV-65358,19202.62,2025-03-10 16:52:00,Amber E.,False,
T105074,V1052,Martin Group,Procurement,INV-87941,34892.86,2025-03-10 16:53:00,James M.,False,
T100697,V1118,Nelson LLC,Legal,INV-55582,53585.84,2025-03-10 17:41:00,Brian S.,False,
T104135,V1069,"Riggs, Roman and Rice",HR,INV-19697,137616.71,2025-03-10 18:56:00,Vicki W.,False,
T100814,V1053,Barrera-Martin,IT,INV-89064,36994.25,2025-03-11 07:19:00,Juan D.,False,
T105876,V1065,Ellis PLC,Marketing,INV-44487,2860.14,2025-03-11 08:45:00,Anna P.,False,
T105581,V1053,Barrera-Martin,Facilities,INV-84870,27477.22,2025-03-11 09:24:00,Michael C.,False,
T104395,V1050,Ramos PLC,Legal,INV-35957,40207.72,2025-03-11 12:28:00,Evan E.,False,
T104898,V1080,Fleming Ltd,Procurement,INV-71481,55632.49,2025-03-11 13:10:00,Lori H.,False,
T100694,V1126,Freeman LLC,HR,INV-94656,6285.87,2025-03-11 13:49:00,Aaron R.,False,
T100873,V1069,"Riggs, Roman and Rice",Legal,INV-60324,44960.14,2025-03-11 14:12:00,Hector S.,False,
T101569,V1139,Oconnell Inc,Procurement,INV-93478,46388.31,2025-03-11 14:18:00,Meghan S.,False,
T101674,V1034,Allen PLC,Operations,INV-35966,41794.53,2025-03-11 15:30:00,Tamara H.,False,
T104254,V1139,Oconnell Inc,IT,INV-10046,78354.8,2025-03-11 15:46:00,Valerie G.,False,
T102901,V1115,"Griffin, Moore and Hensley",Operations,INV-93040,32467.37,2025-03-11 15:59:00,Rebecca H.,False,
T101128,V1011,Stanley LLC,Legal,INV-78719,35269.38,2025-03-11 16:49:00,Michael T.,False,
T102190,V1069,"Riggs, Roman and Rice",Legal,INV-57349,79982.52,2025-03-11 17:31:00,Duane H.,False,
T102147,V1134,"Williams, Crane and Walker",Facilities,INV-16932,153544.22,2025-03-11 19:22:00,Jeremy O.,False,
T104812,V1052,Martin Group,IT,INV-21925,82137.51,2025-03-12 07:30:00,Donna H.,False,
T101221,V1034,Allen PLC,HR,INV-32349,36749.21,2025-03-12 07:42:00,Matthew S.,False,
T103131,V1067,Ibarra-Suarez,Legal,INV-11545,13358.1,2025-03-12 08:46:00,Cindy L.,False,
T104360,V1139,Oconnell Inc,IT,INV-33984,59257.51,2025-03-12 08:54:00,Phillip W.,False,
T104709,V1055,Horton-Cross,IT,INV-94602,115817.73,2025-03-12 09:21:00,Ashley M.,False,
T103729,V1034,Allen PLC,Marketing,INV-38863,86906.32,2025-03-12 09:37:00,James B.,False,
T103176,V1054,Baker-Bowers,HR,INV-28753,2657.13,2025-03-12 10:07:00,Thomas M.,False,
T102526,V1065,Ellis PLC,HR,INV-70415,7614.83,2025-03-12 10:32:00,John P.,False,
T100868,V1086,Garrison and Sons,Marketing,INV-65448,19573.41,2025-03-12 10:36:00,Cynthia F.,False,
T106012,V1086,Garrison and Sons,Marketing,INV-65448,19573.41,2025-03-12 10:36:00,Cynthia F.,True,duplicate_payment
T100420,V1138,Obrien Ltd,IT,INV-47938,1613.91,2025-03-12 10:48:00,Jennifer R.,False,
T100166,V1120,Mccarthy Inc,Facilities,INV-60205,31306.17,2025-03-12 11:09:00,Chelsea R.,False,
T105928,V1136,"Hernandez, Martinez and Caldwell",Marketing,INV-40480,2923.38,2025-03-12 11:16:00,Justin M.,False,
T102072,V1035,Dennis Inc,Facilities,INV-80730,8572.85,2025-03-12 11:21:00,Melvin R.,False,
T102642,V1002,Johnson-Davis,Procurement,INV-17928,9246.49,2025-03-12 11:51:00,Jaime J.,False,
T103392,V1011,Stanley LLC,Marketing,INV-25715,108006.81,2025-03-12 12:37:00,Lorraine S.,False,
T105687,V1001,Rhodes PLC,Legal,INV-42912,43263.69,2025-03-12 12:53:00,John B.,False,
T102705,V1067,Ibarra-Suarez,Legal,INV-81188,12047.55,2025-03-12 12:54:00,Joshua T.,False,
T104176,V1035,Dennis Inc,Marketing,INV-26136,61683.03,2025-03-12 12:56:00,Jason W.,False,
T105087,V1033,Koch-Decker,Operations,INV-89024,167529.15,2025-03-12 12:59:00,Regina C.,False,
T101711,V1007,Davis Inc,HR,INV-60096,30375.23,2025-03-12 13:05:00,Richard C.,False,
T102462,V1088,Johnson and Sons,Legal,INV-36462,90075.93,2025-03-12 13:07:00,Gregory J.,False,
T105612,V1033,Koch-Decker,Operations,INV-78019,56389.1,2025-03-12 13:37:00,Rachael A.,False,
T104987,V1067,Ibarra-Suarez,Marketing,INV-89451,14853.35,2025-03-12 14:04:00,Nicholas D.,False,
T103840,V1118,Nelson LLC,Legal,INV-67630,46903.49,2025-03-12 14:32:00,Curtis F.,False,
T103678,V1121,Daniels-Perry,IT,INV-47602,30270.54,2025-03-12 14:38:00,Angela T.,False,
T103559,V1052,Martin Group,Procurement,INV-67524,56853.77,2025-03-12 14:51:00,John M.,False,
T105099,V1011,Stanley LLC,Procurement,INV-87110,84422.07,2025-03-12 15:04:00,Logan M.,False,
T100627,V1080,Fleming Ltd,Facilities,INV-83516,43072.48,2025-03-12 15:33:00,Daniel Y.,False,
T101894,V1012,Delacruz Group,Legal,INV-64507,38999.19,2025-03-12 15:41:00,Monica D.,False,
T102132,V1074,Davis Group,Facilities,INV-60039,13700.98,2025-03-12 16:12:00,Anthony F.,False,
T101447,V1025,James-Ferrell,Legal,INV-96413,52635.59,2025-03-12 16:54:00,Stephanie A.,False,
T100495,V1051,"Kidd, Huff and Novak",IT,INV-71925,24308.7,2025-03-12 17:02:00,Yolanda G.,False,
T104787,V1055,Horton-Cross,Facilities,INV-72965,44011.44,2025-03-12 17:20:00,Amanda G.,False,
T102668,V1012,Delacruz Group,HR,INV-24544,22820.24,2025-03-12 17:24:00,Sarah M.,False,
T105402,V1126,Freeman LLC,Marketing,INV-63955,34897.08,2025-03-13 07:46:00,Michele S.,False,
T101373,V1139,Oconnell Inc,Operations,INV-35746,52887.58,2025-03-13 07:57:00,David B.,False,
T105892,V1116,Larsen LLC,Facilities,INV-68648,38951.25,2025-03-13 08:12:00,Tammy C.,False,
T104121,V1069,"Riggs, Roman and Rice",Legal,INV-45940,117484.38,2025-03-13 08:29:00,Donald M.,False,
T101013,V1139,Oconnell Inc,Procurement,INV-18083,47755.2,2025-03-13 09:07:00,Sean S.,False,
T103903,V1080,Fleming Ltd,Operations,INV-52335,74720.86,2025-03-13 09:29:00,Debbie K.,False,
T104059,V1011,Stanley LLC,Operations,INV-47805,127524.89,2025-03-13 10:09:00,Joshua P.,False,
T103530,V1092,Johnson-Carlson,Legal,INV-96303,7053.75,2025-03-13 10:17:00,Antonio T.,False,
T101875,V1067,Ibarra-Suarez,Operations,INV-93379,11404.81,2025-03-13 10:56:00,Pam N.,False,
T105313,V1134,"Williams, Crane and Walker",Marketing,INV-35520,40804.16,2025-03-13 11:48:00,Richard G.,False,
T105745,V1139,Oconnell Inc,Facilities,INV-71245,85147.87,2025-03-13 12:01:00,Cynthia M.,False,
T105984,V1033,Koch-Decker,Legal,INV-70422,47910.92,2025-03-13 12:04:00,Stephanie F.,False,
T103234,V1034,Allen PLC,Operations,INV-73997,72397.73,2025-03-13 12:07:00,David L.,False,
T103920,V1052,Martin Group,HR,INV-53666,82063.3,2025-03-13 12:08:00,Michael A.,False,
T103173,V1126,Freeman LLC,Marketing,INV-28892,51065.0,2025-03-13 12:18:00,David H.,False,
T102879,V1020,"Ellis, Baker and Wright",Operations,INV-26108,9038.47,2025-03-13 13:01:00,John R.,False,
T105640,V1055,Horton-Cross,Procurement,INV-89408,66369.39,2025-03-13 13:03:00,Tara S.,False,
T104258,V1115,"Griffin, Moore and Hensley",Marketing,INV-31004,37829.25,2025-03-13 13:09:00,Michael M.,False,
T102285,V1116,Larsen LLC,Procurement,INV-84838,16821.24,2025-03-13 13:15:00,Andrew B.,False,
T100611,V1034,Allen PLC,Operations,INV-51750,71186.07,2025-03-13 13:20:00,Susan R.,False,
T101400,V1051,"Kidd, Huff and Novak",Facilities,INV-40145,7533.06,2025-03-13 13:28:00,Cameron W.,False,
T102766,V1055,Horton-Cross,Legal,INV-46587,162811.56,2025-03-13 13:30:00,Kevin S.,False,
T104917,V1088,Johnson and Sons,Legal,INV-49580,55073.15,2025-03-13 14:41:00,Jordan O.,False,
T103808,V1069,"Riggs, Roman and Rice",Legal,INV-81707,68764.28,2025-03-13 14:47:00,Jeffery F.,False,
T104142,V1134,"Williams, Crane and Walker",Legal,INV-18913,52495.53,2025-03-13 14:49:00,Ronald B.,False,
T101261,V1104,Campbell Ltd,HR,INV-63636,50350.43,2025-03-13 14:52:00,Heather D.,False,
T103491,V1025,James-Ferrell,IT,INV-41804,56009.05,2025-03-13 15:39:00,William R.,False,
T100891,V1052,Martin Group,Facilities,INV-37124,57362.6,2025-03-13 15:50:00,Anna N.,False,
T102164,V1001,Rhodes PLC,Marketing,INV-88335,70557.82,2025-03-13 15:52:00,Tonya W.,False,
T103553,V1134,"Williams, Crane and Walker",Procurement,INV-57128,100545.09,2025-03-13 16:57:00,Elizabeth M.,False,
T105217,V1033,Koch-Decker,Legal,INV-38902,103768.54,2025-03-13 17:51:00,Cory P.,False,
T101385,V1030,Harrell LLC,Facilities,INV-33480,7778.98,2025-03-13 18:28:00,Lawrence B.,False,
T103183,V1118,Nelson LLC,Operations,INV-49257,18467.22,2025-03-13 19:47:00,Rachael C.,False,
T104387,V1011,Stanley LLC,Legal,INV-74325,101558.51,2025-03-14 07:15:00,Jose W.,False,
T102973,V1055,Horton-Cross,Legal,INV-38208,47720.25,2025-03-14 07:19:00,Cheryl P.,False,
T102553,V1043,"Young, Caldwell and Lewis",IT,INV-43807,32470.25,2025-03-14 10:26:00,Christina W.,False,
T101751,V1052,Martin Group,Legal,INV-94685,23361.69,2025-03-14 10:29:00,Cheryl B.,False,
T106040,V1094,"Lee, Williams and Graham",Facilities,INV-36500,9821.96,2025-03-14 10:30:00,Renee K.,True,just_below_threshold
T103514,V1127,Price Ltd,HR,INV-96175,24488.63,2025-03-14 10:52:00,Jeremy C.,False,
T105430,V1012,Delacruz Group,Marketing,INV-75491,21394.89,2025-03-14 10:57:00,John R.,False,
T104938,V1011,Stanley LLC,Facilities,INV-22214,156779.26,2025-03-14 11:48:00,Emily J.,False,
T105789,V1053,Barrera-Martin,IT,INV-86021,78187.45,2025-03-14 12:10:00,Michael S.,False,
T101353,V1011,Stanley LLC,Facilities,INV-38939,47782.91,2025-03-14 12:10:00,Richard F.,False,
T102353,V1092,Johnson-Carlson,Procurement,INV-51060,20586.06,2025-03-14 12:16:00,Melanie P.,False,
T103813,V1112,Grant Inc,Operations,INV-99787,10939.84,2025-03-14 12:18:00,Haley H.,False,
T100843,V1043,"Young, Caldwell and Lewis",IT,INV-54966,125371.93,2025-03-14 12:22:00,Angela H.,False,
T101992,V1034,Allen PLC,HR,INV-12498,130699.65,2025-03-14 12:31:00,Paul B.,False,
T105370,V1113,Contreras-Travis,HR,INV-84221,30305.99,2025-03-14 12:57:00,April H.,False,
T106111,V9999,Meridian Consulting Partners LLC,Operations,INV-58502,5883.86,2025-03-14 13:29:00,Marcus T.,True,fabricated_invoice_benford
T105993,V1073,"Walters, Baker and Freeman",Marketing,INV-53813,10229.6,2025-03-14 13:38:00,Philip H.,False,
T100337,V1033,Koch-Decker,Facilities,INV-98647,54650.38,2025-03-14 13:48:00,Debbie H.,False,
T105999,V1038,"Campos, Vaughn and Marquez",Legal,INV-58125,9797.81,2025-03-14 14:08:00,Sharon R.,False,
T104265,V1007,Davis Inc,IT,INV-52922,35159.99,2025-03-14 14:43:00,Brad M.,False,
T101051,V1086,Garrison and Sons,Procurement,INV-78982,16899.29,2025-03-14 14:49:00,Justin M.,False,
T103144,V1104,Campbell Ltd,Facilities,INV-13145,22400.25,2025-03-14 15:00:00,Hannah M.,False,
T101349,V1116,Larsen LLC,Procurement,INV-10659,21867.77,2025-03-14 15:07:00,Stephanie C.,False,
T101044,V1117,"Washington, Allen and Gonzales",Facilities,INV-74517,295.37,2025-03-14 16:36:00,Paul C.,False,
T100407,V1034,Allen PLC,HR,INV-14018,145482.66,2025-03-14 17:47:00,Monique W.,False,
T105219,V1063,Baker and Sons,Marketing,INV-19363,1691.23,2025-03-17 07:39:00,Thomas B.,False,
T105315,V1033,Koch-Decker,Facilities,INV-69151,30967.43,2025-03-17 08:04:00,Tommy M.,False,
T105878,V1051,"Kidd, Huff and Novak",Procurement,INV-31577,34039.96,2025-03-17 08:46:00,Dawn C.,False,
T102919,V1086,Garrison and Sons,IT,INV-29119,16306.36,2025-03-17 09:38:00,Marisa M.,False,
T105127,V1050,Ramos PLC,HR,INV-26153,45704.61,2025-03-17 09:46:00,Mike S.,False,
T101105,V1112,Grant Inc,Operations,INV-43801,123996.49,2025-03-17 09:53:00,Cynthia S.,False,
T103521,V1107,Riggs PLC,IT,INV-69910,26246.85,2025-03-17 10:01:00,Samuel F.,False,
T103451,V1062,Donovan-Harris,Legal,INV-38869,42484.65,2025-03-17 10:26:00,Grant A.,False,
T102424,V1034,Allen PLC,Marketing,INV-12859,40210.88,2025-03-17 10:30:00,Jesus V.,False,
T100622,V1104,Campbell Ltd,HR,INV-41745,46173.07,2025-03-17 10:52:00,Stephanie M.,False,
T100149,V1011,Stanley LLC,Procurement,INV-42092,64602.94,2025-03-17 11:01:00,Joseph H.,False,
T104998,V1118,Nelson LLC,Marketing,INV-26529,63526.32,2025-03-17 11:06:00,Alisha M.,False,
T103876,V1055,Horton-Cross,IT,INV-21005,43300.32,2025-03-17 11:46:00,Seth E.,False,
T102268,V1103,"Kennedy, Santana and Flynn",Facilities,INV-99824,1712.29,2025-03-17 12:15:00,Alicia T.,False,
T103157,V1052,Martin Group,Facilities,INV-61196,57439.55,2025-03-17 12:20:00,Kayla C.,False,
T105013,V1003,"Johnson, Gonzalez and Santos",Facilities,INV-41460,4714.39,2025-03-17 13:02:00,Ronald P.,False,
T101008,V1001,Rhodes PLC,HR,INV-42534,74484.64,2025-03-17 13:05:00,Connie B.,False,
T105355,V1137,Marshall LLC,Operations,INV-23493,12593.41,2025-03-17 13:21:00,William L.,False,
T102096,V1053,Barrera-Martin,IT,INV-69759,51777.82,2025-03-17 13:22:00,Roberta W.,False,
T104605,V1088,Johnson and Sons,IT,INV-20657,89693.34,2025-03-17 13:39:00,Cody R.,False,
T102481,V1086,Garrison and Sons,Marketing,INV-68482,13083.0,2025-03-17 13:44:00,David N.,False,
T104343,V1050,Ramos PLC,HR,INV-56453,84683.43,2025-03-17 14:04:00,Danny G.,False,
T103838,V1035,Dennis Inc,Facilities,INV-72320,51394.79,2025-03-17 14:09:00,James C.,False,
T102645,V1074,Davis Group,IT,INV-89079,12034.24,2025-03-17 14:30:00,Beth R.,False,
T103270,V1055,Horton-Cross,Legal,INV-51472,47143.56,2025-03-17 14:31:00,Ellen R.,False,
T105448,V1055,Horton-Cross,Legal,INV-12026,68022.2,2025-03-17 14:55:00,Jennifer R.,False,
T101775,V1074,Davis Group,HR,INV-55746,8527.66,2025-03-17 15:03:00,Sarah H.,False,
T105372,V1056,"Higgins, Moore and Phillips",Operations,INV-57018,195.01,2025-03-17 15:25:00,Susan W.,False,
T104622,V1003,"Johnson, Gonzalez and Santos",HR,INV-60072,2476.9,2025-03-17 15:28:00,Brooke S.,False,
T105234,V1012,Delacruz Group,HR,INV-85547,22029.42,2025-03-17 15:38:00,Bradley T.,False,
T102109,V1069,"Riggs, Roman and Rice",Operations,INV-67947,117201.04,2025-03-17 15:51:00,Wendy I.,False,
T102848,V1067,Ibarra-Suarez,Facilities,INV-88924,30518.19,2025-03-17 17:16:00,Oscar P.,False,
T104064,V1052,Martin Group,IT,INV-60361,64536.12,2025-03-17 17:38:00,William J.,False,
T104916,V1064,Bryant-Hickman,Legal,INV-87388,1025.84,2025-03-17 19:28:00,Gary C.,False,
T105651,V1062,Donovan-Harris,Legal,INV-46968,19177.97,2025-03-18 07:48:00,Anthony D.,False,
T100683,V1009,"Martinez, Nielsen and Miller",IT,INV-78202,5861.9,2025-03-18 08:10:00,Daniel P.,False,
T102677,V1055,Horton-Cross,Facilities,INV-16980,53426.91,2025-03-18 10:20:00,Billy G.,False,
T101838,V1113,Contreras-Travis,IT,INV-25002,30728.64,2025-03-18 11:10:00,Matthew W.,False,
T103465,V1033,Koch-Decker,IT,INV-91762,97916.05,2025-03-18 11:33:00,Louis J.,False,
T100764,V1043,"Young, Caldwell and Lewis",Facilities,INV-91235,77546.19,2025-03-18 12:15:00,Jennifer G.,False,
T101877,V1001,Rhodes PLC,Operations,INV-48207,131295.69,2025-03-18 12:28:00,Abigail C.,False,
T105737,V1001,Rhodes PLC,Marketing,INV-47572,96804.57,2025-03-18 13:13:00,Henry M.,False,
T105456,V1033,Koch-Decker,Procurement,INV-78529,47827.66,2025-03-18 13:46:00,Amanda P.,False,
T105244,V1091,Wilson LLC,IT,INV-77067,13585.99,2025-03-18 13:51:00,Lindsay M.,False,
T100289,V1050,Ramos PLC,Operations,INV-73483,57414.57,2025-03-18 14:28:00,Roy H.,False,
T104975,V1115,"Griffin, Moore and Hensley",Marketing,INV-74572,58878.62,2025-03-18 14:34:00,Anna M.,False,
T105656,V1121,Daniels-Perry,IT,INV-59227,42170.81,2025-03-18 14:38:00,Angela A.,False,
T103182,V1088,Johnson and Sons,Facilities,INV-71573,45213.13,2025-03-18 14:48:00,Roy H.,False,
T105714,V1112,Grant Inc,IT,INV-86696,43882.4,2025-03-18 15:05:00,Rebecca B.,False,
T106099,V9999,Meridian Consulting Partners LLC,Operations,INV-39009,9701.75,2025-03-18 15:14:00,Marcus T.,True,fabricated_invoice_benford
T105230,V1043,"Young, Caldwell and Lewis",IT,INV-59682,48366.76,2025-03-18 15:22:00,Michael M.,False,
T103819,V1062,Donovan-Harris,Procurement,INV-10734,20446.28,2025-03-18 15:30:00,Melanie M.,False,
T104999,V1007,Davis Inc,Procurement,INV-47024,41565.94,2025-03-18 15:46:00,Lacey W.,False,
T100720,V1050,Ramos PLC,Marketing,INV-34101,44717.38,2025-03-18 17:19:00,Sean P.,False,
T103658,V1033,Koch-Decker,Operations,INV-13346,35422.67,2025-03-18 18:58:00,Calvin V.,False,
T104977,V1139,Oconnell Inc,Procurement,INV-71762,74799.45,2025-03-19 08:03:00,Lisa C.,False,
T102805,V1034,Allen PLC,Facilities,INV-94153,64506.85,2025-03-19 09:24:00,Michael G.,False,
T103731,V1041,Chapman Inc,Legal,INV-34524,5779.09,2025-03-19 09:31:00,Robin R.,False,
T100986,V1122,Price-Carrillo,Marketing,INV-13133,591.44,2025-03-19 10:00:00,Shawn F.,False,
T100453,V1001,Rhodes PLC,Marketing,INV-23566,109537.48,2025-03-19 10:03:00,Sherry J.,False,
T105637,V1119,Taylor and Sons,Facilities,INV-30631,8017.94,2025-03-19 10:07:00,Randy S.,False,
T105236,V1092,Johnson-Carlson,Legal,INV-47876,7553.23,2025-03-19 10:11:00,Hector H.,False,
T104498,V1127,Price Ltd,Marketing,INV-25524,16003.07,2025-03-19 11:10:00,Daniel A.,False,
T104494,V1119,Taylor and Sons,IT,INV-18653,4837.55,2025-03-19 12:13:00,Lisa G.,False,
T101710,V1069,"Riggs, Roman and Rice",Marketing,INV-96105,100488.83,2025-03-19 12:21:00,Sandra B.,False,
T100625,V1011,Stanley LLC,HR,INV-36724,104928.26,2025-03-19 12:26:00,Maria N.,False,
T102468,V1055,Horton-Cross,Legal,INV-79422,57643.56,2025-03-19 12:48:00,Jonathon J.,False,
T100296,V1134,"Williams, Crane and Walker",Procurement,INV-26547,53924.64,2025-03-19 13:31:00,Howard T.,False,
T104635,V1121,Daniels-Perry,Operations,INV-31414,197914.04,2025-03-19 14:06:00,April W.,False,
T104487,V1127,Price Ltd,IT,INV-71417,37743.25,2025-03-19 14:26:00,Michael H.,False,
T103797,V1089,Lin-Rasmussen,IT,INV-84096,5512.22,2025-03-19 15:02:00,Ashley A.,False,
T104137,V1012,Delacruz Group,Facilities,INV-87307,54621.7,2025-03-19 15:55:00,Charles C.,False,
T104251,V1000,"Rodriguez, Figueroa and Sanchez",Operations,INV-65576,594.34,2025-03-19 16:34:00,Carlos R.,False,
T101175,V1080,Fleming Ltd,Facilities,INV-54914,15818.07,2025-03-19 17:08:00,John A.,False,
T103418,V1080,Fleming Ltd,Operations,INV-66472,23250.93,2025-03-19 17:25:00,Devin W.,False,
T103999,V1118,Nelson LLC,Legal,INV-75401,24756.65,2025-03-19 17:29:00,Ricardo B.,False,
T101969,V1050,Ramos PLC,IT,INV-61292,66962.22,2025-03-19 17:44:00,Benjamin M.,False,
T105934,V1033,Koch-Decker,HR,INV-96446,127414.85,2025-03-19 18:07:00,Austin M.,False,
T102516,V1001,Rhodes PLC,IT,INV-49967,139185.38,2025-03-20 07:07:00,Bryan H.,False,
T100540,V1011,Stanley LLC,Marketing,INV-58623,47524.5,2025-03-20 07:43:00,Lindsay S.,False,
T101890,V1069,"Riggs, Roman and Rice",Legal,INV-97826,83052.08,2025-03-20 08:18:00,David R.,False,
T104967,V1126,Freeman LLC,Marketing,INV-14010,40191.39,2025-03-20 08:26:00,Gregory H.,False,
T102984,V1062,Donovan-Harris,Legal,INV-66836,38525.69,2025-03-20 09:20:00,Lisa A.,False,
T104463,V1134,"Williams, Crane and Walker",Operations,INV-57203,75295.98,2025-03-20 09:29:00,Renee C.,False,
T100438,V1113,Contreras-Travis,Legal,INV-95918,26706.02,2025-03-20 09:48:00,Alexandra W.,False,
T101331,V1073,"Walters, Baker and Freeman",Marketing,INV-53478,35675.9,2025-03-20 10:01:00,William H.,False,
T103034,V1025,James-Ferrell,Procurement,INV-73886,18711.3,2025-03-20 10:26:00,Elizabeth L.,False,
T103317,V1001,Rhodes PLC,Operations,INV-81260,70135.3,2025-03-20 11:01:00,Susan O.,False,
T101083,V1007,Davis Inc,IT,INV-10500,41367.2,2025-03-20 11:03:00,Brandon C.,False,
T102099,V1093,Graham-Joyce,Facilities,INV-25324,14567.46,2025-03-20 11:10:00,Tina R.,False,
T101826,V1001,Rhodes PLC,IT,INV-73369,79364.12,2025-03-20 11:12:00,Raymond C.,False,
T103865,V1069,"Riggs, Roman and Rice",HR,INV-33187,260455.89,2025-03-20 11:45:00,Mark R.,False,
T101927,V1094,"Lee, Williams and Graham",Marketing,INV-64125,21456.9,2025-03-20 11:53:00,Julian M.,False,
T100574,V1120,Mccarthy Inc,HR,INV-91851,32358.57,2025-03-20 12:10:00,Angela D.,False,
T100826,V1009,"Martinez, Nielsen and Miller",Marketing,INV-59412,10127.63,2025-03-20 12:45:00,Connor H.,False,
T104575,V1035,Dennis Inc,HR,INV-60536,23118.74,2025-03-20 13:09:00,Daniel S.,False,
T104168,V1081,"Henson, Russell and Oliver",Legal,INV-29435,7409.53,2025-03-20 13:12:00,James J.,False,
T100189,V1055,Horton-Cross,Facilities,INV-72070,63907.59,2025-03-20 13:15:00,Katrina B.,False,
T100045,V1043,"Young, Caldwell and Lewis",Legal,INV-31174,43445.7,2025-03-20 13:23:00,Candice H.,False,
T100280,V1069,"Riggs, Roman and Rice",HR,INV-48254,70511.99,2025-03-20 13:31:00,Robert R.,False,
T101668,V1118,Nelson LLC,HR,INV-61495,47646.23,2025-03-20 14:03:00,Desiree H.,False,
T102137,V1050,Ramos PLC,IT,INV-93958,68334.4,2025-03-20 14:16:00,Jacob A.,False,
T102375,V1033,Koch-Decker,Procurement,INV-70323,81236.75,2025-03-20 15:01:00,Paul P.,False,
T103339,V1069,"Riggs, Roman and Rice",Legal,INV-57826,85861.01,2025-03-20 15:13:00,Angela H.,False,
T105083,V1007,Davis Inc,IT,INV-64005,96277.98,2025-03-20 15:17:00,Deanna R.,False,
T100793,V1045,Davis Group,HR,INV-93086,15786.47,2025-03-20 15:24:00,Heidi J.,False,
T101599,V1043,"Young, Caldwell and Lewis",Operations,INV-24076,60052.15,2025-03-20 15:44:00,Courtney C.,False,
T100476,V1112,Grant Inc,Facilities,INV-91885,80534.59,2025-03-20 16:10:00,Danielle M.,False,
T104445,V1104,Campbell Ltd,Operations,INV-18342,50060.52,2025-03-20 16:18:00,Brandon S.,False,
T102549,V1134,"Williams, Crane and Walker",Marketing,INV-98946,153002.82,2025-03-20 16:19:00,Rhonda J.,False,
T106043,V1003,"Johnson, Gonzalez and Santos",Facilities,INV-83594,9798.03,2025-03-20 17:22:00,Renee K.,True,just_below_threshold
T102386,V1127,Price Ltd,IT,INV-74336,44333.68,2025-03-20 18:07:00,Zachary M.,False,
T100744,V1007,Davis Inc,IT,INV-40149,26132.41,2025-03-20 19:12:00,Paul S.,False,
T104442,V1052,Martin Group,Legal,INV-42873,43632.83,2025-03-20 19:21:00,Audrey L.,False,
T100794,V1011,Stanley LLC,Marketing,INV-51507,220334.88,2025-03-20 19:47:00,Sheila W.,False,
T100101,V1062,Donovan-Harris,IT,INV-89276,51337.99,2025-03-21 07:17:00,Tyler B.,False,
T103122,V1094,"Lee, Williams and Graham",Facilities,INV-66872,8939.73,2025-03-21 07:28:00,Jessica D.,False,
T105051,V1011,Stanley LLC,Procurement,INV-10436,55454.95,2025-03-21 07:55:00,Alicia T.,False,
T103254,V1112,Grant Inc,Facilities,INV-93914,110834.61,2025-03-21 09:30:00,Kristen F.,False,
T103140,V1011,Stanley LLC,Procurement,INV-81241,65719.65,2025-03-21 10:15:00,Robert P.,False,
T104952,V1053,Barrera-Martin,HR,INV-87303,40738.2,2025-03-21 10:42:00,Jason H.,False,
T101654,V1118,Nelson LLC,IT,INV-58114,63540.39,2025-03-21 12:08:00,Michael F.,False,
T104486,V1011,Stanley LLC,Marketing,INV-85375,41153.25,2025-03-21 12:41:00,Katie D.,False,
T100397,V1075,Smith and Sons,Marketing,INV-39392,30936.15,2025-03-21 12:42:00,Tara B.,False,
T102827,V1067,Ibarra-Suarez,Legal,INV-73176,37204.02,2025-03-21 12:52:00,Lisa F.,False,
T103243,V1051,"Kidd, Huff and Novak",Procurement,INV-48097,18845.83,2025-03-21 12:54:00,Stephen F.,False,
T100010,V1001,Rhodes PLC,Legal,INV-54118,32765.79,2025-03-21 13:13:00,Casey H.,False,
T104899,V1115,"Griffin, Moore and Hensley",Facilities,INV-41709,41708.6,2025-03-21 13:54:00,Edwin S.,False,
T105361,V1050,Ramos PLC,HR,INV-25429,186977.1,2025-03-21 14:25:00,Becky S.,False,
T103035,V1069,"Riggs, Roman and Rice",HR,INV-42785,179640.62,2025-03-21 14:49:00,Whitney S.,False,
T105924,V1011,Stanley LLC,Legal,INV-88492,121283.97,2025-03-21 14:56:00,Kylie J.,False,
T100352,V1050,Ramos PLC,Marketing,INV-95841,64149.59,2025-03-21 14:56:00,Justin N.,False,
T104007,V1086,Garrison and Sons,Operations,INV-31854,30940.85,2025-03-21 15:39:00,Timothy C.,False,
T103474,V1081,"Henson, Russell and Oliver",HR,INV-45477,12371.47,2025-03-21 16:05:00,Krystal M.,False,
T103504,V1012,Delacruz Group,HR,INV-50749,13306.59,2025-03-21 16:19:00,Megan L.,False,
T105591,V1069,"Riggs, Roman and Rice",Operations,INV-90584,111906.96,2025-03-21 17:36:00,Terry W.,False,
T103230,V1012,Delacruz Group,IT,INV-85564,43091.99,2025-03-24 09:04:00,James O.,False,
T103657,V1104,Campbell Ltd,Procurement,INV-48125,71540.52,2025-03-24 09:23:00,Isaiah S.,False,
T104903,V1050,Ramos PLC,Operations,INV-15540,122721.84,2025-03-24 09:40:00,Joshua M.,False,
T101609,V1052,Martin Group,Operations,INV-30319,57985.44,2025-03-24 11:04:00,Chad U.,False,
T102767,V1052,Martin Group,Legal,INV-12367,46707.94,2025-03-24 11:10:00,Colin M.,False,
T100267,V1134,"Williams, Crane and Walker",Marketing,INV-74942,213933.62,2025-03-24 11:21:00,Diana R.,False,
T105671,V1113,Contreras-Travis,Facilities,INV-83076,27310.65,2025-03-24 11:30:00,Amber F.,False,
T101305,V1050,Ramos PLC,Legal,INV-43425,40065.47,2025-03-24 11:37:00,Kim F.,False,
T101210,V1003,"Johnson, Gonzalez and Santos",Operations,INV-75058,4980.49,2025-03-24 12:02:00,Aaron M.,False,
T103039,V1121,Daniels-Perry,IT,INV-66880,167197.0,2025-03-24 12:08:00,Mark M.,False,
T102437,V1074,Davis Group,HR,INV-35192,17751.67,2025-03-24 12:18:00,Emily T.,False,
T103950,V1007,Davis Inc,Facilities,INV-85324,78533.71,2025-03-24 12:20:00,Erica P.,False,
T102443,V1055,Horton-Cross,Facilities,INV-47022,34765.61,2025-03-24 12:39:00,Michael H.,False,
T102179,V1118,Nelson LLC,Operations,INV-90341,28308.99,2025-03-24 12:54:00,Christopher N.,False,
T101452,V1078,"Johnson, Wood and Tran",HR,INV-10693,1439.45,2025-03-24 13:24:00,Timothy F.,False,
T104354,V1001,Rhodes PLC,Facilities,INV-42610,45730.03,2025-03-24 13:46:00,Anthony G.,False,
T105861,V1115,"Griffin, Moore and Hensley",Facilities,INV-25520,56800.43,2025-03-24 13:54:00,Gary G.,False,
T102311,V1112,Grant Inc,IT,INV-76366,113126.01,2025-03-24 14:44:00,Katie R.,False,
T104561,V1050,Ramos PLC,Procurement,INV-18229,156403.37,2025-03-24 15:04:00,Ryan C.,False,
T104128,V1055,Horton-Cross,HR,INV-72872,43799.77,2025-03-24 18:20:00,Olivia P.,False,
T100193,V1116,Larsen LLC,Procurement,INV-85849,39452.92,2025-03-25 07:19:00,Michael A.,False,
T104202,V1050,Ramos PLC,Marketing,INV-36748,111203.25,2025-03-25 09:01:00,Richard B.,False,
T104964,V1001,Rhodes PLC,Marketing,INV-96885,208486.04,2025-03-25 09:39:00,Penny G.,False,
T103139,V1025,James-Ferrell,IT,INV-72771,24220.59,2025-03-25 10:19:00,Jennifer M.,False,
T100020,V1001,Rhodes PLC,IT,INV-37460,82372.6,2025-03-25 10:23:00,John M.,False,
T100612,V1001,Rhodes PLC,Operations,INV-49221,60953.55,2025-03-25 10:25:00,Kenneth D.,False,
T101139,V1011,Stanley LLC,Operations,INV-38091,42459.9,2025-03-25 10:54:00,Angela P.,False,
T101563,V1001,Rhodes PLC,HR,INV-94671,74633.14,2025-03-25 11:45:00,Jenny L.,False,
T104556,V1067,Ibarra-Suarez,HR,INV-87635,31855.96,2025-03-25 12:25:00,April B.,False,
T105401,V1080,Fleming Ltd,HR,INV-68854,66723.97,2025-03-25 13:03:00,David L.,False,
T105627,V1121,Daniels-Perry,Legal,INV-84778,66786.32,2025-03-25 13:13:00,Steven G.,False,
T102384,V1113,Contreras-Travis,Legal,INV-62742,74576.3,2025-03-25 13:24:00,Alicia V.,False,
T102125,V1050,Ramos PLC,HR,INV-65552,56702.61,2025-03-25 13:51:00,Rachel B.,False,
T104760,V1127,Price Ltd,IT,INV-88790,78506.87,2025-03-25 14:02:00,David S.,False,
T102655,V1088,Johnson and Sons,Marketing,INV-15530,24558.32,2025-03-25 14:06:00,Eugene N.,False,
T105061,V1123,Gates PLC,IT,INV-31016,185.09,2025-03-25 14:09:00,Thomas C.,False,
T101733,V1113,Contreras-Travis,Facilities,INV-14224,15039.55,2025-03-25 14:12:00,Ryan F.,False,
T101072,V1116,Larsen LLC,Procurement,INV-14379,24148.6,2025-03-25 14:28:00,David Y.,False,
T102509,V1011,Stanley LLC,Operations,INV-26662,43306.59,2025-03-25 15:09:00,John B.,False,
T103918,V1062,Donovan-Harris,Facilities,INV-49397,20011.8,2025-03-25 15:32:00,Nancy C.,False,
T101764,V1009,"Martinez, Nielsen and Miller",Facilities,INV-33444,29599.81,2025-03-25 15:55:00,Paul F.,False,
T104174,V1053,Barrera-Martin,IT,INV-40537,69419.08,2025-03-25 16:27:00,Mary A.,False,
T103127,V1033,Koch-Decker,Facilities,INV-61668,339307.91,2025-03-25 16:56:00,Bruce S.,False,
T103198,V1053,Barrera-Martin,Legal,INV-58690,28383.9,2025-03-26 07:03:00,Max W.,False,
T103707,V1101,Torres and Sons,IT,INV-45893,12278.3,2025-03-26 07:07:00,Janice M.,False,
T105744,V1101,Torres and Sons,Marketing,INV-96549,7570.8,2025-03-26 07:56:00,Mark L.,False,
T103817,V1033,Koch-Decker,HR,INV-72111,80887.68,2025-03-26 08:33:00,Brian P.,False,
T104972,V1033,Koch-Decker,Facilities,INV-88378,139555.0,2025-03-26 09:21:00,Grace J.,False,
T103097,V1115,"Griffin, Moore and Hensley",Legal,INV-76752,25122.8,2025-03-26 09:28:00,Randall S.,False,
T104673,V1009,"Martinez, Nielsen and Miller",Marketing,INV-72937,1744.22,2025-03-26 09:58:00,Jonathon W.,False,
T102225,V1104,Campbell Ltd,Marketing,INV-27627,148941.16,2025-03-26 10:31:00,Cassandra F.,False,
T105222,V1050,Ramos PLC,IT,INV-54260,125574.15,2025-03-26 10:43:00,Lucas M.,False,
T102532,V1115,"Griffin, Moore and Hensley",Procurement,INV-84972,74499.34,2025-03-26 10:45:00,Brittney C.,False,
T105576,V1113,Contreras-Travis,Marketing,INV-62956,26358.21,2025-03-26 10:49:00,Christopher H.,False,
T104855,V1134,"Williams, Crane and Walker",Facilities,INV-38880,50942.78,2025-03-26 10:57:00,Jessica R.,False,
T100568,V1118,Nelson LLC,IT,INV-39552,16478.67,2025-03-26 11:10:00,Michael R.,False,
T100178,V1112,Grant Inc,Marketing,INV-26728,63772.49,2025-03-26 11:53:00,Patrick H.,False,
T104794,V1070,"Evans, Alvarado and Mcmillan",HR,INV-64199,21849.19,2025-03-26 12:15:00,Christy G.,False,
T100477,V1012,Delacruz Group,Marketing,INV-15726,41518.34,2025-03-26 12:46:00,Brian L.,False,
T101242,V1053,Barrera-Martin,Legal,INV-74441,78089.54,2025-03-26 13:04:00,Terri O.,False,
T105348,V1052,Martin Group,Legal,INV-88361,47165.56,2025-03-26 13:25:00,Wesley M.,False,
T102005,V1075,Smith and Sons,Facilities,INV-86282,17741.7,2025-03-26 13:28:00,April G.,False,
T104981,V1053,Barrera-Martin,IT,INV-53272,67870.42,2025-03-26 13:57:00,Seth W.,False,
T100917,V1038,"Campos, Vaughn and Marquez",Marketing,INV-91999,19033.23,2025-03-26 14:03:00,Jo W.,False,
T100335,V1073,"Walters, Baker and Freeman",Legal,INV-73156,17528.29,2025-03-26 15:16:00,James P.,False,
T105500,V1007,Davis Inc,Procurement,INV-99714,56767.44,2025-03-26 16:16:00,John B.,False,
T105877,V1080,Fleming Ltd,Legal,INV-65704,97925.46,2025-03-26 16:40:00,Aimee S.,False,
T100929,V1113,Contreras-Travis,IT,INV-37925,45395.74,2025-03-26 19:28:00,Gerald N.,False,
T101818,V1011,Stanley LLC,Operations,INV-61061,87007.22,2025-03-26 19:36:00,Christian S.,False,
T101069,V1069,"Riggs, Roman and Rice",Marketing,INV-74629,127875.86,2025-03-27 07:56:00,Lynn G.,False,
T101929,V1126,Freeman LLC,Operations,INV-55229,7678.96,2025-03-27 09:13:00,Christopher S.,False,
T105504,V1052,Martin Group,Facilities,INV-62907,26827.76,2025-03-27 09:36:00,Justin R.,False,
T102868,V1139,Oconnell Inc,IT,INV-21233,127709.07,2025-03-27 10:05:00,Jason B.,False,
T103757,V1134,"Williams, Crane and Walker",Facilities,INV-91957,59679.55,2025-03-27 10:34:00,Donna S.,False,
T101592,V1075,Smith and Sons,IT,INV-86637,19759.49,2025-03-27 10:50:00,Angel B.,False,
T101913,V1069,"Riggs, Roman and Rice",HR,INV-88333,44090.65,2025-03-27 11:02:00,John E.,False,
T105542,V1055,Horton-Cross,Marketing,INV-54287,40291.43,2025-03-27 11:08:00,Kimberly S.,False,
T101102,V1034,Allen PLC,Legal,INV-35260,37878.06,2025-03-27 11:13:00,Amy F.,False,
T100806,V1121,Daniels-Perry,IT,INV-65194,62389.92,2025-03-27 11:27:00,Jacqueline M.,False,
T100192,V1053,Barrera-Martin,Operations,INV-25012,44685.96,2025-03-27 11:38:00,Kristina J.,False,
T102097,V1030,Harrell LLC,Facilities,INV-80165,9447.2,2025-03-27 11:39:00,Daniel C.,False,
T100532,V1074,Davis Group,Marketing,INV-56077,6043.24,2025-03-27 11:44:00,Sandra W.,False,
T102781,V1052,Martin Group,Facilities,INV-15768,39941.63,2025-03-27 11:46:00,Melissa W.,False,
T103683,V1011,Stanley LLC,Marketing,INV-44521,151189.41,2025-03-27 12:07:00,Sabrina S.,False,
T105938,V1120,Mccarthy Inc,Procurement,INV-15869,34256.43,2025-03-27 12:09:00,Ryan W.,False,
T102825,V1034,Allen PLC,Marketing,INV-65403,92158.4,2025-03-27 12:30:00,Kelly J.,False,
T102459,V1134,"Williams, Crane and Walker",Procurement,INV-36920,53034.94,2025-03-27 12:40:00,Joshua B.,False,
T105177,V1062,Donovan-Harris,Legal,INV-10833,53760.06,2025-03-27 12:42:00,Julia A.,False,
T101640,V1030,Harrell LLC,Facilities,INV-82085,9520.0,2025-03-27 12:50:00,Ana N.,False,
T101227,V1053,Barrera-Martin,Facilities,INV-17686,52315.49,2025-03-27 13:07:00,Nicole B.,False,
T100963,V1047,"Garcia, Powell and Morgan",Facilities,INV-45227,7141.56,2025-03-27 13:23:00,Lisa C.,False,
T100075,V1112,Grant Inc,Marketing,INV-73092,50178.22,2025-03-27 13:26:00,Charles H.,False,
T101535,V1011,Stanley LLC,Legal,INV-13027,126684.71,2025-03-27 14:11:00,Jennifer H.,False,
T103846,V1035,Dennis Inc,Legal,INV-46403,25644.51,2025-03-27 14:40:00,Zachary M.,False,
T105065,V1088,Johnson and Sons,Operations,INV-93556,85441.87,2025-03-27 15:12:00,Thomas S.,False,
T103805,V1139,Oconnell Inc,Marketing,INV-24898,29510.22,2025-03-27 15:12:00,Daniel S.,False,
T100969,V1115,"Griffin, Moore and Hensley",Facilities,INV-43438,33454.65,2025-03-27 15:23:00,Amanda C.,False,
T100870,V1011,Stanley LLC,IT,INV-28388,132319.99,2025-03-27 15:31:00,Juan H.,False,
T102425,V1033,Koch-Decker,Facilities,INV-68361,45668.21,2025-03-27 15:57:00,Peter B.,False,
T100877,V1070,"Evans, Alvarado and Mcmillan",Operations,INV-14044,35689.49,2025-03-27 16:05:00,Chad A.,False,
T101191,V1055,Horton-Cross,Legal,INV-15992,30974.16,2025-03-27 17:04:00,Timothy R.,False,
T104516,V1003,"Johnson, Gonzalez and Santos",Legal,INV-43123,3867.56,2025-03-28 07:23:00,Jaime T.,False,
T104310,V1118,Nelson LLC,Procurement,INV-24611,91118.54,2025-03-28 09:20:00,Laura C.,False,
T102004,V1069,"Riggs, Roman and Rice",IT,INV-82536,107814.5,2025-03-28 09:44:00,Christian L.,False,
T100749,V1002,Johnson-Davis,Legal,INV-56160,14203.31,2025-03-28 09:46:00,Cassidy W.,False,
T104867,V1022,Robinson-Bright,Marketing,INV-37149,1006.85,2025-03-28 09:50:00,Charles C.,False,
T102770,V1075,Smith and Sons,HR,INV-11469,64445.77,2025-03-28 10:04:00,Anthony T.,False,
T105107,V1134,"Williams, Crane and Walker",Legal,INV-99449,23329.94,2025-03-28 10:47:00,Michelle W.,False,
T102564,V1129,"Ferguson, Meadows and Vargas",Facilities,INV-80455,3732.32,2025-03-28 10:50:00,Patricia J.,False,
T102202,V1050,Ramos PLC,IT,INV-36094,60960.05,2025-03-28 11:04:00,Nicole R.,False,
T105046,V1034,Allen PLC,IT,INV-98055,51560.74,2025-03-28 12:42:00,David S.,False,
T103836,V1034,Allen PLC,Legal,INV-40386,61985.85,2025-03-28 13:00:00,Timothy M.,False,
T106115,V9999,Meridian Consulting Partners LLC,Operations,INV-94808,6431.02,2025-03-28 13:06:00,Marcus T.,True,fabricated_invoice_benford
T100750,V1034,Allen PLC,HR,INV-81636,63633.65,2025-03-28 14:08:00,Charles B.,False,
T105884,V1094,"Lee, Williams and Graham",IT,INV-77378,12213.78,2025-03-28 14:23:00,Paul J.,False,
T103712,V1112,Grant Inc,Operations,INV-15209,49508.35,2025-03-28 15:01:00,Olivia W.,False,
T102550,V1053,Barrera-Martin,Operations,INV-52636,54664.82,2025-03-28 15:03:00,Ernest L.,False,
T101181,V1075,Smith and Sons,Legal,INV-30766,13888.63,2025-03-28 15:36:00,Glenn Y.,False,
T103884,V1053,Barrera-Martin,Procurement,INV-38511,24846.25,2025-03-28 16:50:00,Brandon B.,False,
T101020,V1076,Martin-Ramos,Operations,INV-66774,12816.12,2025-03-28 18:59:00,Lisa B.,False,
T105357,V1069,"Riggs, Roman and Rice",Facilities,INV-24202,175460.08,2025-03-31 08:56:00,Jennifer A.,False,
T100716,V1121,Daniels-Perry,HR,INV-65994,66586.24,2025-03-31 09:40:00,Antonio K.,False,
T100517,V1033,Koch-Decker,Legal,INV-99742,34697.64,2025-03-31 09:53:00,Maria A.,False,
T105457,V1051,"Kidd, Huff and Novak",Operations,INV-28185,30670.09,2025-03-31 10:04:00,Erica G.,False,
T103021,V1134,"Williams, Crane and Walker",IT,INV-27474,67460.07,2025-03-31 10:04:00,Sandra F.,False,
T103458,V1139,Oconnell Inc,HR,INV-55723,90053.17,2025-03-31 10:16:00,Mike W.,False,
T102665,V1007,Davis Inc,Legal,INV-82680,27613.25,2025-03-31 10:21:00,Amanda M.,False,
T102992,V1091,Wilson LLC,HR,INV-50180,16994.39,2025-03-31 10:33:00,John A.,False,
T102131,V1121,Daniels-Perry,Marketing,INV-84437,88177.74,2025-03-31 10:35:00,Mary T.,False,
T100554,V1070,"Evans, Alvarado and Mcmillan",IT,INV-76683,26423.64,2025-03-31 10:50:00,Sarah G.,False,
T104034,V1034,Allen PLC,HR,INV-36186,44301.72,2025-03-31 11:30:00,Travis C.,False,
T105885,V1033,Koch-Decker,Facilities,INV-26175,108739.31,2025-03-31 12:19:00,Kristie M.,False,
T103546,V1073,"Walters, Baker and Freeman",Procurement,INV-68918,29730.92,2025-03-31 12:20:00,Alex M.,False,
T105608,V1062,Donovan-Harris,Procurement,INV-31245,79397.81,2025-03-31 12:28:00,Craig B.,False,
T101500,V1050,Ramos PLC,Procurement,INV-77922,29493.47,2025-03-31 12:29:00,Amy B.,False,
T101045,V1062,Donovan-Harris,Procurement,INV-21830,37619.1,2025-03-31 12:31:00,Robert P.,False,
T102014,V1134,"Williams, Crane and Walker",HR,INV-14931,84440.93,2025-03-31 12:39:00,Andrea W.,False,
T101372,V1112,Grant Inc,Operations,INV-20744,29079.42,2025-03-31 12:41:00,Brenda F.,False,
T104200,V1011,Stanley LLC,Operations,INV-29841,66924.86,2025-03-31 12:59:00,Christopher G.,False,
T102830,V1017,Underwood LLC,Marketing,INV-70771,1664.86,2025-03-31 13:16:00,David C.,False,
T100653,V1073,"Walters, Baker and Freeman",Legal,INV-33040,61364.42,2025-03-31 13:26:00,Lisa R.,False,
T100140,V1055,Horton-Cross,Operations,INV-49446,26108.82,2025-03-31 13:39:00,Vanessa S.,False,
T103528,V1034,Allen PLC,Facilities,INV-56119,161511.64,2025-03-31 13:41:00,Hannah E.,False,
T104443,V1052,Martin Group,Marketing,INV-36299,89352.01,2025-03-31 14:22:00,Evelyn G.,False,
T104465,V1088,Johnson and Sons,IT,INV-31013,62946.98,2025-03-31 14:24:00,Jeffrey P.,False,
T103972,V1075,Smith and Sons,Operations,INV-22395,17702.08,2025-03-31 15:05:00,Zachary B.,False,
T100312,V1088,Johnson and Sons,Operations,INV-60140,50618.85,2025-03-31 15:05:00,Jeffrey J.,False,
T105705,V1024,Conner Group,HR,INV-35762,770.42,2025-03-31 15:07:00,Michelle F.,False,
T104181,V1033,Koch-Decker,Operations,INV-77698,40179.48,2025-03-31 15:32:00,Daniel P.,False,
T105587,V1009,"Martinez, Nielsen and Miller",Marketing,INV-38189,15672.19,2025-03-31 16:04:00,Jessica M.,False,
T100422,V1059,"Miller, Lopez and Larson",Marketing,INV-79806,655.05,2025-03-31 16:08:00,Samantha K.,False,
T102449,V1092,Johnson-Carlson,Legal,INV-75991,26887.43,2025-03-31 17:52:00,Christopher J.,False,
T101922,V1091,Wilson LLC,Operations,INV-29809,22473.92,2025-03-31 17:58:00,Daniel G.,False,
T105862,V1009,"Martinez, Nielsen and Miller",IT,INV-33729,7315.71,2025-03-31 18:09:00,James M.,False,
T101395,V1088,Johnson and Sons,HR,INV-59613,40503.22,2025-03-31 19:24:00,Amanda S.,False,
T104889,V1134,"Williams, Crane and Walker",Operations,INV-71636,78341.55,2025-04-01 07:18:00,Matthew S.,False,
T101513,V1120,Mccarthy Inc,Marketing,INV-27625,53107.95,2025-04-01 09:26:00,Adam F.,False,
T103745,V1127,Price Ltd,IT,INV-96587,32975.85,2025-04-01 09:29:00,Matthew E.,False,
T105440,V1103,"Kennedy, Santana and Flynn",HR,INV-51738,1367.9,2025-04-01 09:34:00,Thomas G.,False,
T105491,V1107,Riggs PLC,HR,INV-54909,24574.72,2025-04-01 09:49:00,Patrick G.,False,
T101135,V1112,Grant Inc,Marketing,INV-86923,110173.33,2025-04-01 09:55:00,Tanya F.,False,
T102863,V1134,"Williams, Crane and Walker",Facilities,INV-27607,61840.37,2025-04-01 10:23:00,Lisa C.,False,
T100439,V1053,Barrera-Martin,HR,INV-74764,40157.4,2025-04-01 10:49:00,Stephanie S.,False,
T104978,V1051,"Kidd, Huff and Novak",Facilities,INV-48197,34961.71,2025-04-01 11:02:00,Jorge B.,False,
T101041,V1051,"Kidd, Huff and Novak",Operations,INV-51681,37660.98,2025-04-01 11:15:00,Danielle J.,False,
T103438,V1118,Nelson LLC,Procurement,INV-32377,58688.94,2025-04-01 11:16:00,Samantha F.,False,
T101871,V1080,Fleming Ltd,Marketing,INV-19123,34104.68,2025-04-01 11:19:00,Rebecca M.,False,
T101781,V1069,"Riggs, Roman and Rice",HR,INV-85886,146142.0,2025-04-01 11:29:00,Joshua R.,False,
T103285,V1052,Martin Group,Marketing,INV-58905,78045.22,2025-04-01 11:29:00,Luke C.,False,
T103286,V1007,Davis Inc,Operations,INV-31319,31699.27,2025-04-01 11:35:00,Travis P.,False,
T103125,V1104,Campbell Ltd,Operations,INV-74293,105922.71,2025-04-01 12:12:00,Savannah S.,False,
T105058,V1139,Oconnell Inc,Legal,INV-34811,198720.06,2025-04-01 12:24:00,Kelly C.,False,
T103259,V1136,"Hernandez, Martinez and Caldwell",Facilities,INV-19077,6112.47,2025-04-01 13:05:00,Bradley O.,False,
T104195,V1011,Stanley LLC,Procurement,INV-26770,49153.68,2025-04-01 13:36:00,Rodney V.,False,
T102023,V1075,Smith and Sons,HR,INV-15651,8251.1,2025-04-01 14:10:00,Julie W.,False,
T100816,V1052,Martin Group,IT,INV-48200,71325.42,2025-04-01 14:25:00,Melissa S.,False,
T101049,V1139,Oconnell Inc,Legal,INV-52413,194801.36,2025-04-01 14:58:00,Jason L.,False,
T101737,V1087,Bailey-Hoover,Marketing,INV-90879,13280.28,2025-04-01 14:59:00,Michael B.,False,
T105652,V1118,Nelson LLC,Procurement,INV-47283,33654.47,2025-04-01 15:06:00,Cody H.,False,
T104510,V1134,"Williams, Crane and Walker",Operations,INV-49335,41371.47,2025-04-01 15:08:00,Andrea G.,False,
T101179,V1121,Daniels-Perry,HR,INV-17603,19382.49,2025-04-01 15:20:00,Toni P.,False,
T102224,V1052,Martin Group,HR,INV-49720,43902.86,2025-04-01 15:35:00,Christopher R.,False,
T104764,V1134,"Williams, Crane and Walker",Marketing,INV-15750,44607.89,2025-04-01 15:49:00,Lisa H.,False,
T104038,V1052,Martin Group,Operations,INV-94066,59958.99,2025-04-01 16:29:00,Lisa P.,False,
T103699,V1073,"Walters, Baker and Freeman",HR,INV-87080,18183.42,2025-04-01 16:32:00,Michael M.,False,
T102667,V1051,"Kidd, Huff and Novak",IT,INV-23263,21706.95,2025-04-01 17:53:00,Kayla G.,False,
T103850,V1139,Oconnell Inc,Legal,INV-57931,185473.66,2025-04-02 08:01:00,Kevin C.,False,
T103704,V1062,Donovan-Harris,Procurement,INV-37614,39178.68,2025-04-02 09:09:00,Elaine M.,False,
T102037,V1051,"Kidd, Huff and Novak",IT,INV-27878,32343.53,2025-04-02 09:24:00,Kevin D.,False,
T102697,V1052,Martin Group,Facilities,INV-44815,23589.61,2025-04-02 09:28:00,Jessica H.,False,
T102350,V1069,"Riggs, Roman and Rice",Facilities,INV-76027,63726.06,2025-04-02 10:16:00,Jennifer H.,False,
T103634,V1118,Nelson LLC,Marketing,INV-12263,123561.55,2025-04-02 10:28:00,Carlos S.,False,
T100043,V1052,Martin Group,Procurement,INV-91959,71504.12,2025-04-02 10:32:00,Joanna H.,False,
T104893,V1053,Barrera-Martin,Procurement,INV-70625,42916.76,2025-04-02 10:34:00,Stephanie L.,False,
T101485,V1086,Garrison and Sons,IT,INV-56338,29390.42,2025-04-02 11:30:00,Tina M.,False,
T100698,V1069,"Riggs, Roman and Rice",Marketing,INV-79316,111140.63,2025-04-02 11:34:00,Valerie K.,False,
T102009,V1050,Ramos PLC,Procurement,INV-95426,262684.62,2025-04-02 11:59:00,Angela G.,False,
T103946,V1080,Fleming Ltd,Marketing,INV-99435,35848.34,2025-04-02 12:10:00,Lindsey S.,False,
T104409,V1050,Ramos PLC,IT,INV-99277,64929.76,2025-04-02 12:32:00,James D.,False,
T105053,V1003,"Johnson, Gonzalez and Santos",Legal,INV-69151,2744.79,2025-04-02 13:07:00,Albert W.,False,
T103888,V1073,"Walters, Baker and Freeman",Facilities,INV-84060,33549.01,2025-04-02 13:17:00,Renee S.,False,
T102214,V1127,Price Ltd,Operations,INV-99024,20874.57,2025-04-02 13:24:00,Michael J.,False,
T102939,V1003,"Johnson, Gonzalez and Santos",Procurement,INV-77559,9269.85,2025-04-02 14:03:00,Scott S.,False,
T100763,V1067,Ibarra-Suarez,Procurement,INV-78732,17127.92,2025-04-02 14:06:00,Steven L.,False,
T102772,V1011,Stanley LLC,HR,INV-14514,60720.67,2025-04-02 14:13:00,Bethany B.,False,
T103968,V1034,Allen PLC,IT,INV-64664,67723.33,2025-04-02 14:18:00,Timothy B.,False,
T100127,V1009,"Martinez, Nielsen and Miller",IT,INV-15014,7675.1,2025-04-02 14:37:00,Melissa M.,False,
T105844,V1094,"Lee, Williams and Graham",IT,INV-59327,13075.91,2025-04-02 15:03:00,Tracie S.,False,
T105547,V1025,James-Ferrell,Facilities,INV-49916,14717.5,2025-04-02 15:32:00,Edward F.,False,
T105649,V1120,Mccarthy Inc,HR,INV-97181,27354.45,2025-04-02 16:29:00,Kathryn B.,False,
T102139,V1053,Barrera-Martin,HR,INV-94513,28293.56,2025-04-02 16:31:00,Christina O.,False,
T101333,V1116,Larsen LLC,IT,INV-83149,38251.17,2025-04-02 16:50:00,Thomas A.,False,
T105503,V1069,"Riggs, Roman and Rice",IT,INV-60997,158992.04,2025-04-02 16:58:00,Amanda K.,False,
T102684,V1094,"Lee, Williams and Graham",HR,INV-59005,22297.31,2025-04-02 17:20:00,Christopher A.,False,
T101756,V1001,Rhodes PLC,Operations,INV-36467,78336.62,2025-04-02 19:29:00,Becky S.,False,
T104295,V1121,Daniels-Perry,HR,INV-53117,72842.82,2025-04-03 08:01:00,Patty P.,False,
T105451,V1112,Grant Inc,HR,INV-55783,33339.31,2025-04-03 08:14:00,Victoria K.,False,
T105015,V1070,"Evans, Alvarado and Mcmillan",Procurement,INV-11209,18290.96,2025-04-03 09:26:00,Cory C.,False,
T105606,V1033,Koch-Decker,Marketing,INV-89116,40332.77,2025-04-03 09:57:00,Amber F.,False,
T103126,V1086,Garrison and Sons,IT,INV-12758,17749.32,2025-04-03 10:41:00,Mikayla H.,False,
T104483,V1127,Price Ltd,Procurement,INV-37060,85240.48,2025-04-03 11:28:00,Timothy H.,False,
T103682,V1034,Allen PLC,Marketing,INV-12033,176978.01,2025-04-03 11:56:00,Jennifer G.,False,
T102551,V1113,Contreras-Travis,HR,INV-17667,32513.99,2025-04-03 12:01:00,Brian D.,False,
T100472,V1052,Martin Group,IT,INV-73736,56030.92,2025-04-03 12:13:00,Jennifer J.,False,
T103332,V1121,Daniels-Perry,Procurement,INV-33419,73759.78,2025-04-03 12:19:00,Jasmine N.,False,
T105765,V1088,Johnson and Sons,Facilities,INV-59840,32542.3,2025-04-03 12:53:00,Christine J.,False,
T105977,V1001,Rhodes PLC,Marketing,INV-20162,146402.32,2025-04-03 13:23:00,Ryan E.,False,
T102015,V1050,Ramos PLC,Marketing,INV-90222,59225.18,2025-04-03 13:45:00,Diane F.,False,
T104356,V1055,Horton-Cross,HR,INV-74877,50058.14,2025-04-03 14:01:00,Joyce S.,False,
T103060,V1086,Garrison and Sons,Legal,INV-87489,14933.88,2025-04-03 16:12:00,Eric E.,False,
T105643,V1043,"Young, Caldwell and Lewis",Procurement,INV-90938,68917.9,2025-04-03 17:02:00,Julie R.,False,
T101925,V1050,Ramos PLC,Operations,INV-14337,80556.15,2025-04-03 17:51:00,Edwin B.,False,
T104373,V1053,Barrera-Martin,Facilities,INV-55252,18529.17,2025-04-04 08:34:00,Christine S.,False,
T103004,V1012,Delacruz Group,IT,INV-71428,24538.48,2025-04-04 09:28:00,William J.,False,
T103882,V1134,"Williams, Crane and Walker",Procurement,INV-34334,63053.94,2025-04-04 10:46:00,George R.,False,
T105707,V1052,Martin Group,Operations,INV-79222,55498.36,2025-04-04 11:22:00,Christopher D.,False,
T104108,V1126,Freeman LLC,Legal,INV-24249,27752.54,2025-04-04 12:12:00,Ronald G.,False,
T102548,V1069,"Riggs, Roman and Rice",Legal,INV-21747,88755.87,2025-04-04 12:16:00,Edward A.,False,
T100519,V1045,Davis Group,Facilities,INV-18270,16288.16,2025-04-04 12:51:00,David S.,False,
T101416,V1086,Garrison and Sons,HR,INV-76952,6885.46,2025-04-04 13:39:00,Brandon W.,False,
T105152,V1034,Allen PLC,Marketing,INV-79248,145324.0,2025-04-04 13:40:00,Samantha W.,False,
T103071,V1116,Larsen LLC,Procurement,INV-16832,27630.82,2025-04-04 14:02:00,Teresa R.,False,
T101224,V1076,Martin-Ramos,Marketing,INV-62461,25598.83,2025-04-04 14:07:00,Jennifer W.,False,
T106068,V1025,James-Ferrell,IT,INV-84172,10000.0,2025-04-04 14:28:00,Courtney G.,True,round_dollar
T102864,V1011,Stanley LLC,Procurement,INV-69069,48922.27,2025-04-04 14:32:00,Garrett E.,False,
T105558,V1035,Dennis Inc,Procurement,INV-47212,40998.67,2025-04-04 14:43:00,Monica H.,False,
T101855,V1050,Ramos PLC,HR,INV-53296,58315.23,2025-04-04 14:44:00,Jonathan C.,False,
T103695,V1055,Horton-Cross,Legal,INV-87274,71586.93,2025-04-04 14:46:00,Cynthia R.,False,
T105782,V1034,Allen PLC,HR,INV-15920,52699.14,2025-04-04 15:18:00,Meredith W.,False,
T105956,V1088,Johnson and Sons,IT,INV-46562,135437.42,2025-04-04 16:00:00,April S.,False,
T104226,V1009,"Martinez, Nielsen and Miller",Facilities,INV-93182,13839.82,2025-04-04 17:00:00,Peggy G.,False,
T100182,V1107,Riggs PLC,IT,INV-59689,28542.1,2025-04-04 17:03:00,Michelle O.,False,
T104083,V1033,Koch-Decker,HR,INV-42124,54415.83,2025-04-04 17:44:00,Stacey H.,False,
T101487,V1055,Horton-Cross,HR,INV-34925,55873.3,2025-04-04 17:47:00,Barry D.,False,
T106071,V1097,Alvarado-Martinez,IT,INV-95809,12000.0,2025-04-04 17:58:00,Sonia B.,True,round_dollar
T104827,V1069,"Riggs, Roman and Rice",HR,INV-75136,90843.46,2025-04-04 18:56:00,Logan T.,False,
T106058,V1132,Murphy-Juarez,Operations,INV-14458,106.92,2025-04-05 01:46:00,Michael M.,True,weekend_after_hours
T106052,V1082,Hancock and Sons,Marketing,INV-92656,513.59,2025-04-05 02:20:00,Kathryn S.,True,weekend_after_hours
T106045,V1129,"Ferguson, Meadows and Vargas",IT,INV-37962,4996.73,2025-04-05 23:04:00,Gerald T.,True,weekend_after_hours
T100452,V1112,Grant Inc,Operations,INV-72341,46121.7,2025-04-07 07:20:00,Dennis B.,False,
T101263,V1076,Martin-Ramos,Legal,INV-61497,20827.28,2025-04-07 08:07:00,Robert A.,False,
T100731,V1051,"Kidd, Huff and Novak",Legal,INV-87015,34680.49,2025-04-07 08:51:00,Joshua H.,False,
T104833,V1115,"Griffin, Moore and Hensley",IT,INV-74887,34170.02,2025-04-07 08:51:00,Daniel H.,False,
T102161,V1035,Dennis Inc,Operations,INV-90403,14818.46,2025-04-07 09:50:00,Daniel B.,False,
T101195,V1080,Fleming Ltd,Legal,INV-62873,68734.71,2025-04-07 11:10:00,Brian H.,False,
T104372,V1069,"Riggs, Roman and Rice",Operations,INV-75300,64917.73,2025-04-07 11:40:00,Kayla H.,False,
T102714,V1011,Stanley LLC,Legal,INV-64747,178618.58,2025-04-07 12:27:00,Danielle F.,False,
T105110,V1033,Koch-Decker,Operations,INV-41183,75401.22,2025-04-07 12:31:00,Nancy K.,False,
T102909,V1035,Dennis Inc,Procurement,INV-85083,24692.51,2025-04-07 12:47:00,Stephanie M.,False,
T104388,V1007,Davis Inc,Marketing,INV-15451,35199.09,2025-04-07 12:50:00,Chris K.,False,
T102853,V1139,Oconnell Inc,Marketing,INV-31734,114486.65,2025-04-07 12:56:00,Misty W.,False,
T103941,V1113,Contreras-Travis,Facilities,INV-49575,44304.8,2025-04-07 13:02:00,Kaylee B.,False,
T105946,V1012,Delacruz Group,Marketing,INV-22181,52983.9,2025-04-07 13:23:00,Steven V.,False,
T103422,V1053,Barrera-Martin,Facilities,INV-87863,47923.03,2025-04-07 13:25:00,Amber T.,False,
T103403,V1069,"Riggs, Roman and Rice",Procurement,INV-54623,65655.65,2025-04-07 13:31:00,Brett H.,False,
T102196,V1053,Barrera-Martin,Procurement,INV-72347,35267.5,2025-04-07 13:54:00,Alexander J.,False,
T104788,V1050,Ramos PLC,Marketing,INV-72688,111730.62,2025-04-07 14:42:00,Anthony H.,False,
T101568,V1012,Delacruz Group,Procurement,INV-33908,48075.11,2025-04-07 14:54:00,Joseph M.,False,
T105258,V1035,Dennis Inc,HR,INV-18410,28922.95,2025-04-07 15:33:00,Jasmine S.,False,
T102336,V1003,"Johnson, Gonzalez and Santos",Facilities,INV-63546,7535.07,2025-04-07 17:26:00,Sean P.,False,
T101616,V1008,Munoz-Roman,HR,INV-75214,8353.36,2025-04-08 07:33:00,Melanie H.,False,
T104311,V1069,"Riggs, Roman and Rice",IT,INV-76338,102436.98,2025-04-08 08:37:00,Jose B.,False,
T103386,V1025,James-Ferrell,Legal,INV-58349,47202.15,2025-04-08 08:46:00,Bryan G.,False,
T100080,V1055,Horton-Cross,Facilities,INV-17665,35250.79,2025-04-08 09:18:00,Joseph T.,False,
T103853,V1043,"Young, Caldwell and Lewis",IT,INV-33462,47001.04,2025-04-08 09:24:00,Emily D.,False,
T101187,V1043,"Young, Caldwell and Lewis",HR,INV-10540,70708.53,2025-04-08 10:01:00,Lisa W.,False,
T105379,V1113,Contreras-Travis,Operations,INV-51116,41247.15,2025-04-08 10:51:00,Reginald H.,False,
T102673,V1118,Nelson LLC,Operations,INV-59570,23013.82,2025-04-08 12:12:00,Virginia E.,False,
T101747,V1020,"Ellis, Baker and Wright",Marketing,INV-62171,8894.78,2025-04-08 12:18:00,Linda O.,False,
T101079,V1011,Stanley LLC,HR,INV-82628,53360.96,2025-04-08 12:26:00,Kerri S.,False,
T100624,V1054,Baker-Bowers,Marketing,INV-51116,5823.68,2025-04-08 13:01:00,Julie L.,False,
T104158,V1050,Ramos PLC,Procurement,INV-99647,108266.85,2025-04-08 14:48:00,Teresa G.,False,
T102913,V1076,Martin-Ramos,Marketing,INV-65535,24433.17,2025-04-08 14:54:00,Ashley M.,False,
T104185,V1091,Wilson LLC,Procurement,INV-76441,15181.28,2025-04-08 15:13:00,Alexander G.,False,
T101983,V1121,Daniels-Perry,Procurement,INV-35309,102677.36,2025-04-08 16:08:00,Lori L.,False,
T102423,V1121,Daniels-Perry,IT,INV-70742,34948.43,2025-04-08 17:05:00,Stacy N.,False,
T101622,V1112,Grant Inc,Procurement,INV-84843,63653.74,2025-04-09 07:06:00,Jeffrey F.,False,
T105809,V1067,Ibarra-Suarez,IT,INV-45861,21885.52,2025-04-09 07:44:00,Bryce G.,False,
T104818,V1115,"Griffin, Moore and Hensley",IT,INV-77852,41607.7,2025-04-09 07:52:00,Christopher P.,False,
T102591,V1112,Grant Inc,Legal,INV-90405,50067.17,2025-04-09 11:05:00,Heather G.,False,
T101324,V1050,Ramos PLC,Operations,INV-20793,102232.86,2025-04-09 11:20:00,Max M.,False,
T104328,V1050,Ramos PLC,Facilities,INV-77970,141329.16,2025-04-09 11:26:00,Stephen B.,False,
T104548,V1035,Dennis Inc,Legal,INV-35860,19214.21,2025-04-09 12:30:00,Matthew H.,False,
T101635,V1062,Donovan-Harris,HR,INV-42605,35272.03,2025-04-09 12:33:00,Douglas W.,False,
T103981,V1092,Johnson-Carlson,IT,INV-49741,40012.16,2025-04-09 12:36:00,Robert G.,False,
T101581,V1075,Smith and Sons,Legal,INV-42778,17999.78,2025-04-09 12:57:00,Elizabeth R.,False,
T101948,V1033,Koch-Decker,Procurement,INV-91185,122903.58,2025-04-09 13:02:00,David O.,False,
T105632,V1116,Larsen LLC,Operations,INV-35733,15922.54,2025-04-09 13:03:00,Melissa A.,False,
T100139,V1069,"Riggs, Roman and Rice",HR,INV-59695,56174.0,2025-04-09 13:26:00,Robin J.,False,
T103308,V1053,Barrera-Martin,HR,INV-61552,39597.98,2025-04-09 13:39:00,Craig H.,False,
T102779,V1067,Ibarra-Suarez,HR,INV-18280,23214.5,2025-04-09 13:43:00,Adam S.,False,
T103875,V1116,Larsen LLC,Legal,INV-75735,29746.9,2025-04-09 13:52:00,Heather S.,False,
T102603,V1094,"Lee, Williams and Graham",HR,INV-13030,37548.24,2025-04-09 13:54:00,Jane S.,False,
T104032,V1052,Martin Group,Facilities,INV-70000,72193.66,2025-04-09 14:54:00,Joshua O.,False,
T100225,V1043,"Young, Caldwell and Lewis",HR,INV-73464,157023.82,2025-04-09 15:13:00,Martha G.,False,
T104531,V1088,Johnson and Sons,IT,INV-44953,20286.62,2025-04-09 15:31:00,Rebecca H.,False,
T100473,V1086,Garrison and Sons,Facilities,INV-30308,21289.19,2025-04-09 16:14:00,Scott W.,False,
T105005,V1087,Bailey-Hoover,Procurement,INV-16411,3178.42,2025-04-09 17:22:00,Nancy A.,False,
T103084,V1087,Bailey-Hoover,Marketing,INV-22928,5617.2,2025-04-09 17:45:00,Michael R.,False,
T104517,V1011,Stanley LLC,IT,INV-78214,64086.51,2025-04-09 18:32:00,Joshua L.,False,
T104113,V1127,Price Ltd,Marketing,INV-32515,18452.02,2025-04-09 19:49:00,Daniel S.,False,
T102613,V1001,Rhodes PLC,Procurement,INV-84949,99542.82,2025-04-10 07:21:00,Patrick M.,False,
T103589,V1069,"Riggs, Roman and Rice",Marketing,INV-17592,119200.29,2025-04-10 07:21:00,Diane R.,False,
T104095,V1073,"Walters, Baker and Freeman",Legal,INV-93221,33010.73,2025-04-10 07:37:00,Jamie R.,False,
T102151,V1112,Grant Inc,HR,INV-34018,51787.56,2025-04-10 07:49:00,James T.,False,
T102761,V1070,"Evans, Alvarado and Mcmillan",Procurement,INV-11407,19552.31,2025-04-10 10:25:00,Andrew W.,False,
T105968,V1134,"Williams, Crane and Walker",Marketing,INV-81858,87419.55,2025-04-10 10:27:00,Renee Y.,False,
T100152,V1139,Oconnell Inc,HR,INV-60328,73022.94,2025-04-10 10:45:00,Amanda F.,False,
T103669,V1113,Contreras-Travis,Operations,INV-48412,11402.83,2025-04-10 10:53:00,Michelle O.,False,
T103455,V1070,"Evans, Alvarado and Mcmillan",Marketing,INV-93720,30286.38,2025-04-10 10:58:00,Derrick P.,False,
T104243,V1116,Larsen LLC,Legal,INV-99204,38558.05,2025-04-10 11:09:00,Wendy L.,False,
T103210,V1104,Campbell Ltd,Legal,INV-61202,89814.44,2025-04-10 12:20:00,William C.,False,
T105063,V1112,Grant Inc,Legal,INV-92781,53288.47,2025-04-10 12:30:00,Wendy R.,False,
T103321,V1011,Stanley LLC,Legal,INV-42145,51971.22,2025-04-10 12:34:00,Erin K.,False,
T102662,V1127,Price Ltd,Operations,INV-57174,73701.43,2025-04-10 12:40:00,Jasmine W.,False,
T103855,V1070,"Evans, Alvarado and Mcmillan",Operations,INV-50683,23477.02,2025-04-10 13:00:00,Patrick C.,False,
T105410,V1050,Ramos PLC,Facilities,INV-69489,59153.43,2025-04-10 13:12:00,Walter M.,False,
T102118,V1104,Campbell Ltd,IT,INV-89058,156952.48,2025-04-10 13:31:00,Glenda B.,False,
T104616,V1055,Horton-Cross,Legal,INV-76077,46516.58,2025-04-10 13:33:00,Brian B.,False,
T105658,V1118,Nelson LLC,Legal,INV-58067,73895.19,2025-04-10 13:44:00,Ian W.,False,
T104261,V1081,"Henson, Russell and Oliver",Legal,INV-55928,4842.91,2025-04-10 14:15:00,William W.,False,
T104942,V1086,Garrison and Sons,Legal,INV-29876,13308.57,2025-04-10 14:26:00,James G.,False,
T102038,V1070,"Evans, Alvarado and Mcmillan",IT,INV-45349,19353.08,2025-04-10 14:40:00,Ashley R.,False,
T102021,V1055,Horton-Cross,Legal,INV-29558,48228.28,2025-04-10 15:07:00,John G.,False,
T105283,V1053,Barrera-Martin,Operations,INV-43779,48338.84,2025-04-10 15:53:00,Matthew W.,False,
T103475,V1043,"Young, Caldwell and Lewis",Operations,INV-20579,98458.17,2025-04-11 09:27:00,Gary H.,False,
T105891,V1001,Rhodes PLC,Procurement,INV-24601,62804.88,2025-04-11 09:54:00,Brandon J.,False,
T105873,V1074,Davis Group,Procurement,INV-32660,44972.98,2025-04-11 09:55:00,Karen G.,False,
T103368,V1092,Johnson-Carlson,Legal,INV-74740,8934.33,2025-04-11 11:03:00,Melanie J.,False,
T102834,V1069,"Riggs, Roman and Rice",Facilities,INV-10547,82551.22,2025-04-11 12:09:00,Nicole M.,False,
T100134,V1011,Stanley LLC,Marketing,INV-19171,76795.86,2025-04-11 12:23:00,Nicholas C.,False,
T102702,V1033,Koch-Decker,IT,INV-42771,70108.75,2025-04-11 12:43:00,Matthew F.,False,
T103548,V1011,Stanley LLC,Marketing,INV-67345,101770.57,2025-04-11 13:16:00,Veronica A.,False,
T104659,V1069,"Riggs, Roman and Rice",IT,INV-61463,94634.09,2025-04-11 13:20:00,Stephen S.,False,
T105160,V1091,Wilson LLC,Facilities,INV-52561,22723.0,2025-04-11 13:56:00,Julie R.,False,
T102116,V1112,Grant Inc,Procurement,INV-80570,59750.56,2025-04-11 14:01:00,Jessica M.,False,
T101512,V1069,"Riggs, Roman and Rice",Legal,INV-29601,116972.77,2025-04-11 14:09:00,William M.,False,
T105187,V1050,Ramos PLC,Facilities,INV-35905,58218.46,2025-04-11 14:52:00,Thomas R.,False,
T105203,V1043,"Young, Caldwell and Lewis",IT,INV-59220,153718.25,2025-04-11 15:25:00,Candice W.,False,
T104778,V1139,Oconnell Inc,HR,INV-81554,193465.99,2025-04-11 16:28:00,Scott D.,False,
T104216,V1118,Nelson LLC,Facilities,INV-77467,34551.06,2025-04-11 17:08:00,Sarah A.,False,
T104252,V1112,Grant Inc,Procurement,INV-62543,53977.44,2025-04-14 07:17:00,Michael J.,False,
T102039,V1104,Campbell Ltd,Facilities,INV-14206,215865.38,2025-04-14 07:21:00,Chris N.,False,
T101736,V1001,Rhodes PLC,Facilities,INV-18668,123099.16,2025-04-14 07:48:00,Timothy M.,False,
T102740,V1118,Nelson LLC,HR,INV-99762,80079.75,2025-04-14 09:32:00,Derrick C.,False,
T100913,V1116,Larsen LLC,Facilities,INV-95196,40947.37,2025-04-14 09:44:00,Mark S.,False,
T104695,V1055,Horton-Cross,IT,INV-13199,33355.58,2025-04-14 10:51:00,Allison T.,False,
T101048,V1053,Barrera-Martin,Facilities,INV-54663,60668.08,2025-04-14 10:51:00,Brenda S.,False,
T100520,V1120,Mccarthy Inc,Legal,INV-36144,34185.92,2025-04-14 11:02:00,Miranda G.,False,
T100641,V1126,Freeman LLC,Operations,INV-45537,17564.13,2025-04-14 11:52:00,Benjamin D.,False,
T103086,V1091,Wilson LLC,HR,INV-30142,13127.09,2025-04-14 12:34:00,Joy F.,False,
T103409,V1050,Ramos PLC,Marketing,INV-34635,74755.91,2025-04-14 12:49:00,Craig C.,False,
T101459,V1043,"Young, Caldwell and Lewis",HR,INV-77915,94809.24,2025-04-14 12:54:00,Kimberly C.,False,
T101767,V1134,"Williams, Crane and Walker",Operations,INV-43175,53181.67,2025-04-14 13:00:00,Christopher B.,False,
T101000,V1007,Davis Inc,Legal,INV-86638,29839.45,2025-04-14 13:08:00,Eric B.,False,
T103829,V1050,Ramos PLC,Operations,INV-29978,64529.78,2025-04-14 14:04:00,Justin L.,False,
T105019,V1104,Campbell Ltd,Facilities,INV-53583,124647.01,2025-04-14 14:13:00,Justin W.,False,
T104308,V1073,"Walters, Baker and Freeman",Legal,INV-73627,14520.43,2025-04-14 14:16:00,Peggy P.,False,
T105130,V1091,Wilson LLC,HR,INV-29125,14083.43,2025-04-14 14:54:00,Christopher F.,False,
T102777,V1121,Daniels-Perry,Facilities,INV-59105,18919.69,2025-04-14 14:59:00,Jennifer B.,False,
T105522,V1033,Koch-Decker,Facilities,INV-32742,57892.72,2025-04-14 15:06:00,Donald M.,False,
T104077,V1096,Jones-Beck,HR,INV-14304,2189.59,2025-04-14 15:23:00,Joshua A.,False,
T104658,V1073,"Walters, Baker and Freeman",Operations,INV-43590,30006.61,2025-04-14 16:48:00,Donald K.,False,
T102218,V1115,"Griffin, Moore and Hensley",HR,INV-75260,36471.68,2025-04-14 17:18:00,Calvin R.,False,
T101421,V1078,"Johnson, Wood and Tran",Legal,INV-76107,925.88,2025-04-14 17:33:00,Craig M.,False,
T101824,V1051,"Kidd, Huff and Novak",Procurement,INV-68166,27845.86,2025-04-14 18:58:00,Joshua W.,False,
T105969,V1011,Stanley LLC,Operations,INV-28458,186791.72,2025-04-14 19:18:00,Tracy W.,False,
T102563,V1001,Rhodes PLC,Facilities,INV-58929,88362.66,2025-04-15 07:50:00,Robert G.,False,
T100274,V1034,Allen PLC,Operations,INV-27172,87289.15,2025-04-15 08:17:00,Gloria W.,False,
T103121,V1120,Mccarthy Inc,HR,INV-61834,21425.11,2025-04-15 08:37:00,Tyler L.,False,
T102085,V1073,"Walters, Baker and Freeman",HR,INV-12974,30324.5,2025-04-15 09:33:00,Jody L.,False,
T104843,V1139,Oconnell Inc,HR,INV-84261,123354.44,2025-04-15 10:02:00,Micheal C.,False,
T104412,V1093,Graham-Joyce,Facilities,INV-84861,3304.71,2025-04-15 10:31:00,Ryan P.,False,
T104824,V1073,"Walters, Baker and Freeman",Marketing,INV-86251,35199.68,2025-04-15 11:51:00,Diana H.,False,
T103315,V1118,Nelson LLC,Procurement,INV-13360,40861.89,2025-04-15 12:05:00,Susan P.,False,
T104663,V1033,Koch-Decker,Procurement,INV-15460,189005.52,2025-04-15 12:11:00,William T.,False,
T100726,V1080,Fleming Ltd,HR,INV-20363,38470.51,2025-04-15 12:21:00,Sabrina J.,False,
T100584,V1055,Horton-Cross,Operations,INV-28830,101396.33,2025-04-15 12:21:00,William B.,False,
T105931,V1069,"Riggs, Roman and Rice",Operations,INV-95026,124563.83,2025-04-15 12:53:00,Nicole H.,False,
T100736,V1139,Oconnell Inc,Facilities,INV-82362,83153.72,2025-04-15 13:25:00,Patrick W.,False,
T102724,V1034,Allen PLC,Procurement,INV-80056,64436.88,2025-04-15 13:25:00,Nathaniel Q.,False,
T104921,V1043,"Young, Caldwell and Lewis",Facilities,INV-64499,18409.64,2025-04-15 13:29:00,Gary G.,False,
T101691,V1050,Ramos PLC,Operations,INV-43902,40472.78,2025-04-15 13:34:00,Briana V.,False,
T101291,V1003,"Johnson, Gonzalez and Santos",Operations,INV-14234,6482.87,2025-04-15 13:48:00,Nicole H.,False,
T102980,V1011,Stanley LLC,HR,INV-45310,33769.63,2025-04-15 14:04:00,Alicia A.,False,
T103814,V1011,Stanley LLC,Operations,INV-58660,36984.55,2025-04-15 14:51:00,Melanie B.,False,
T104421,V1121,Daniels-Perry,HR,INV-45732,21977.92,2025-04-15 14:56:00,Lucas R.,False,
T100090,V1011,Stanley LLC,HR,INV-51180,94894.77,2025-04-15 17:42:00,Emily V.,False,
T105048,V1051,"Kidd, Huff and Novak",Facilities,INV-57373,49148.5,2025-04-15 19:46:00,James K.,False,
T101829,V1094,"Lee, Williams and Graham",Procurement,INV-70210,13764.78,2025-04-16 07:46:00,Antonio R.,False,
T103615,V1007,Davis Inc,Facilities,INV-96497,32144.22,2025-04-16 08:24:00,Colleen V.,False,
T100361,V1070,"Evans, Alvarado and Mcmillan",Legal,INV-82641,19422.55,2025-04-16 09:04:00,Mary H.,False,
T104911,V1002,Johnson-Davis,Operations,INV-58169,29977.46,2025-04-16 10:04:00,Jessica J.,False,
T101489,V1118,Nelson LLC,Facilities,INV-42728,32565.09,2025-04-16 10:14:00,Sylvia W.,False,
T105896,V1112,Grant Inc,HR,INV-48465,165865.15,2025-04-16 10:15:00,Melinda H.,False,
T100990,V1069,"Riggs, Roman and Rice",Facilities,INV-65026,57187.49,2025-04-16 10:33:00,Heidi H.,False,
T101329,V1113,Contreras-Travis,Legal,INV-67047,19299.85,2025-04-16 10:34:00,Jeffrey P.,False,
T101840,V1112,Grant Inc,IT,INV-82006,54987.85,2025-04-16 10:34:00,Karen D.,False,
T101879,V1028,Chavez Ltd,IT,INV-49286,9445.95,2025-04-16 10:43:00,David Y.,False,
T102102,V1093,Graham-Joyce,HR,INV-14546,5717.65,2025-04-16 11:35:00,Christopher G.,False,
T100706,V1127,Price Ltd,Procurement,INV-87849,58473.88,2025-04-16 12:04:00,Dean D.,False,
T102176,V1104,Campbell Ltd,Facilities,INV-34219,85519.12,2025-04-16 12:37:00,Marcus J.,False,
T102335,V1051,"Kidd, Huff and Novak",Facilities,INV-47089,12264.7,2025-04-16 12:38:00,Mark D.,False,
T102737,V1067,Ibarra-Suarez,Legal,INV-36958,55053.42,2025-04-16 13:08:00,Joseph W.,False,
T102731,V1139,Oconnell Inc,IT,INV-96451,49870.86,2025-04-16 13:14:00,Kelly F.,False,
T102659,V1091,Wilson LLC,Facilities,INV-10881,36189.08,2025-04-16 13:25:00,Daryl C.,False,
T104074,V1086,Garrison and Sons,Facilities,INV-46479,16952.28,2025-04-16 16:14:00,David W.,False,
T105131,V1052,Martin Group,IT,INV-34641,70942.98,2025-04-16 17:24:00,David R.,False,
T101716,V1045,Davis Group,Facilities,INV-86156,15972.17,2025-04-16 17:41:00,Timothy R.,False,
T101141,V1138,Obrien Ltd,HR,INV-63674,1671.1,2025-04-16 19:17:00,Laura M.,False,
T104169,V1034,Allen PLC,Facilities,INV-23224,181851.41,2025-04-16 19:19:00,Michael W.,False,
T100362,V1134,"Williams, Crane and Walker",Facilities,INV-40539,70113.96,2025-04-17 07:37:00,Christopher L.,False,
T101865,V1052,Martin Group,HR,INV-87459,54310.92,2025-04-17 07:52:00,Kim G.,False,
T104733,V1126,Freeman LLC,Legal,INV-99192,101404.14,2025-04-17 08:11:00,Jodi N.,False,
T103404,V1050,Ramos PLC,Operations,INV-79159,78332.84,2025-04-17 08:52:00,Richard W.,False,
T104652,V1134,"Williams, Crane and Walker",Operations,INV-74417,43737.24,2025-04-17 10:14:00,Lisa H.,False,
T100733,V1115,"Griffin, Moore and Hensley",IT,INV-49739,13203.78,2025-04-17 10:55:00,Gregory S.,False,
T103989,V1033,Koch-Decker,Legal,INV-64306,44546.01,2025-04-17 11:01:00,Adam S.,False,
T102758,V1134,"Williams, Crane and Walker",Procurement,INV-70577,58722.84,2025-04-17 11:32:00,Kyle C.,False,
T101627,V1112,Grant Inc,Marketing,INV-20480,86089.54,2025-04-17 11:41:00,Deborah B.,False,
T105282,V1069,"Riggs, Roman and Rice",Legal,INV-56538,95172.38,2025-04-17 12:48:00,William S.,False,
T103792,V1053,Barrera-Martin,Marketing,INV-87779,36172.27,2025-04-17 12:55:00,Tammy K.,False,
T105555,V1007,Davis Inc,IT,INV-54555,52186.14,2025-04-17 13:00:00,Amanda B.,False,
T102687,V1069,"Riggs, Roman and Rice",Facilities,INV-69255,126245.91,2025-04-17 13:14:00,Tracy M.,False,
T103898,V1080,Fleming Ltd,HR,INV-76029,47138.79,2025-04-17 13:21:00,Frank B.,False,
T104123,V1001,Rhodes PLC,HR,INV-43545,25144.09,2025-04-17 13:42:00,Kyle M.,False,
T101211,V1033,Koch-Decker,Marketing,INV-53332,30978.13,2025-04-17 13:44:00,Ashley R.,False,
T100244,V1011,Stanley LLC,Facilities,INV-44687,78264.81,2025-04-17 14:40:00,Amber L.,False,
T102784,V1113,Contreras-Travis,Operations,INV-61781,31413.57,2025-04-17 14:59:00,Mary Z.,False,
T105648,V1135,"Williams, Johnson and Wright",Procurement,INV-96551,1079.01,2025-04-17 19:34:00,Colin C.,False,
T102935,V1055,Horton-Cross,Legal,INV-35644,119958.58,2025-04-18 07:13:00,Johnny C.,False,
T102858,V1053,Barrera-Martin,HR,INV-62162,38030.03,2025-04-18 07:59:00,Terry J.,False,
T102595,V1116,Larsen LLC,Facilities,INV-93681,53198.41,2025-04-18 09:00:00,Michael A.,False,
T103607,V1070,"Evans, Alvarado and Mcmillan",IT,INV-28607,38670.36,2025-04-18 09:07:00,Allen J.,False,
T103278,V1034,Allen PLC,HR,INV-85607,84163.71,2025-04-18 09:12:00,Aimee C.,False,
T103900,V1114,Salazar-Ball,Facilities,INV-71300,5222.67,2025-04-18 10:16:00,Shelby T.,False,
T102715,V1034,Allen PLC,Marketing,INV-83196,50141.78,2025-04-18 10:28:00,David W.,False,
T104000,V1048,Lee PLC,HR,INV-32283,4897.58,2025-04-18 10:34:00,Judy P.,False,
T102575,V1035,Dennis Inc,Operations,INV-51720,44519.67,2025-04-18 10:39:00,Kenneth M.,False,
T102169,V1035,Dennis Inc,Procurement,INV-65680,12684.98,2025-04-18 11:08:00,Garrett P.,False,
T105936,V1080,Fleming Ltd,Operations,INV-77460,28527.82,2025-04-18 11:11:00,Paul M.,False,
T103330,V1112,Grant Inc,Marketing,INV-59185,53443.04,2025-04-18 11:43:00,Nicole D.,False,
T104944,V1134,"Williams, Crane and Walker",Procurement,INV-31416,60260.93,2025-04-18 12:00:00,Stacy B.,False,
T103175,V1069,"Riggs, Roman and Rice",Facilities,INV-17322,56942.04,2025-04-18 12:52:00,Adam D.,False,
T101327,V1009,"Martinez, Nielsen and Miller",HR,INV-37941,12026.93,2025-04-18 13:42:00,Brandon N.,False,
T101788,V1074,Davis Group,Facilities,INV-90223,8031.87,2025-04-18 13:44:00,Jeremy M.,False,
T105125,V1020,"Ellis, Baker and Wright",Procurement,INV-11803,3717.72,2025-04-18 13:45:00,Karen H.,False,
T102925,V1088,Johnson and Sons,HR,INV-39500,105576.94,2025-04-18 13:54:00,Amanda L.,False,
T101538,V1052,Martin Group,Marketing,INV-23501,70821.45,2025-04-18 14:10:00,Emily E.,False,
T102025,V1135,"Williams, Johnson and Wright",IT,INV-53816,1191.38,2025-04-18 15:27:00,Aaron J.,False,
T105334,V1120,Mccarthy Inc,Legal,INV-44574,31413.46,2025-04-18 16:33:00,Crystal B.,False,
T101835,V1052,Martin Group,Facilities,INV-35237,69399.07,2025-04-18 17:20:00,Michael H.,False,
T103799,V1055,Horton-Cross,Operations,INV-74058,163341.15,2025-04-18 17:48:00,Jillian C.,False,
T104302,V1067,Ibarra-Suarez,Legal,INV-81732,32968.61,2025-04-18 18:35:00,Ann E.,False,
T100102,V1009,"Martinez, Nielsen and Miller",IT,INV-36685,15791.71,2025-04-18 18:45:00,Richard H.,False,
T103896,V1011,Stanley LLC,Marketing,INV-55471,73997.27,2025-04-18 19:44:00,Robert P.,False,
T101822,V1007,Davis Inc,IT,INV-32939,27050.01,2025-04-21 09:33:00,Leslie V.,False,
T101264,V1050,Ramos PLC,Legal,INV-34979,209338.33,2025-04-21 10:29:00,Jeremy B.,False,
T101633,V1075,Smith and Sons,Procurement,INV-23267,36873.97,2025-04-21 11:33:00,Jessica L.,False,
T100595,V1115,"Griffin, Moore and Hensley",IT,INV-16377,42897.46,2025-04-21 11:37:00,Kim J.,False,
T103830,V1062,Donovan-Harris,Facilities,INV-44463,30445.79,2025-04-21 12:17:00,Jacqueline K.,False,
T104752,V1011,Stanley LLC,Marketing,INV-22445,118220.29,2025-04-21 12:39:00,Robert G.,False,
T103620,V1134,"Williams, Crane and Walker",Procurement,INV-54688,94987.91,2025-04-21 12:48:00,Jason R.,False,
T103750,V1050,Ramos PLC,Legal,INV-63609,64384.45,2025-04-21 12:56:00,Monica M.,False,
T105314,V1069,"Riggs, Roman and Rice",Operations,INV-76303,51874.93,2025-04-21 13:38:00,Ashley M.,False,
T105363,V1134,"Williams, Crane and Walker",Operations,INV-39898,74790.24,2025-04-21 14:19:00,John T.,False,
T104126,V1104,Campbell Ltd,Operations,INV-67685,95403.21,2025-04-21 14:39:00,Andrew W.,False,
T104690,V1094,"Lee, Williams and Graham",Marketing,INV-98869,27026.85,2025-04-21 15:04:00,Shannon A.,False,
T103837,V1112,Grant Inc,Legal,INV-90599,35996.47,2025-04-21 15:05:00,Jason B.,False,
T100415,V1007,Davis Inc,Operations,INV-24918,29073.83,2025-04-21 15:48:00,Nicole A.,False,
T102036,V1121,Daniels-Perry,Operations,INV-69636,49500.84,2025-04-21 15:59:00,John S.,False,
T100385,V1052,Martin Group,Marketing,INV-39949,67817.12,2025-04-21 16:27:00,Matthew M.,False,
T103402,V1069,"Riggs, Roman and Rice",Legal,INV-60470,59322.79,2025-04-21 19:29:00,Curtis B.,False,
T101147,V1050,Ramos PLC,IT,INV-98761,53850.44,2025-04-22 08:29:00,Charles O.,False,
T100756,V1107,Riggs PLC,Marketing,INV-58916,26481.76,2025-04-22 09:32:00,Julie W.,False,
T101486,V1033,Koch-Decker,Operations,INV-45268,32154.96,2025-04-22 09:57:00,Andrew P.,False,
T104868,V1007,Davis Inc,IT,INV-63097,125787.23,2025-04-22 10:20:00,Timothy H.,False,
T101964,V1080,Fleming Ltd,HR,INV-23926,38788.71,2025-04-22 11:39:00,Levi G.,False,
T102182,V1055,Horton-Cross,Facilities,INV-46943,28505.04,2025-04-22 11:45:00,Christopher M.,False,
T105567,V1028,Chavez Ltd,Legal,INV-32658,6666.33,2025-04-22 11:51:00,Brandon G.,False,
T104015,V1127,Price Ltd,Operations,INV-46553,180336.28,2025-04-22 12:26:00,Jessica C.,False,
T100690,V1134,"Williams, Crane and Walker",Procurement,INV-15936,102058.05,2025-04-22 12:37:00,David P.,False,
T104175,V1033,Koch-Decker,IT,INV-13577,75098.88,2025-04-22 12:49:00,Sarah F.,False,
T102160,V1107,Riggs PLC,Operations,INV-38981,47034.38,2025-04-22 13:09:00,Janet J.,False,
T103637,V1139,Oconnell Inc,Procurement,INV-85965,122011.16,2025-04-22 13:26:00,Wesley B.,False,
T101950,V1112,Grant Inc,HR,INV-25963,118782.36,2025-04-22 13:38:00,Brett E.,False,
T104669,V1121,Daniels-Perry,Procurement,INV-50619,56430.17,2025-04-22 15:32:00,Mary W.,False,
T101657,V1116,Larsen LLC,Procurement,INV-52558,20437.38,2025-04-22 15:46:00,Tony R.,False,
T100355,V1050,Ramos PLC,Marketing,INV-40947,71196.45,2025-04-22 16:28:00,Betty B.,False,
T101316,V1139,Oconnell Inc,Operations,INV-79533,50529.87,2025-04-22 16:48:00,Brian J.,False,
T102055,V1007,Davis Inc,IT,INV-48769,55537.62,2025-04-22 18:08:00,Emily O.,False,
T103364,V1075,Smith and Sons,Operations,INV-46444,24781.52,2025-04-22 19:06:00,Brianna R.,False,
T102789,V1127,Price Ltd,HR,INV-46497,49689.06,2025-04-23 07:04:00,Michael R.,False,
T101480,V1104,Campbell Ltd,HR,INV-40137,62109.03,2025-04-23 07:43:00,William P.,False,
T104940,V1070,"Evans, Alvarado and Mcmillan",Procurement,INV-49703,12979.74,2025-04-23 09:02:00,Benjamin G.,False,
T101564,V1118,Nelson LLC,Procurement,INV-65343,26693.92,2025-04-23 09:16:00,Shane L.,False,
T102034,V1104,Campbell Ltd,Marketing,INV-86689,74847.71,2025-04-23 10:04:00,Steven M.,False,
T101345,V1052,Martin Group,HR,INV-61248,57293.32,2025-04-23 11:08:00,Justin C.,False,
T101311,V1001,Rhodes PLC,Operations,INV-18936,67455.81,2025-04-23 11:11:00,Lacey J.,False,
T102918,V1050,Ramos PLC,HR,INV-69740,62115.55,2025-04-23 11:31:00,Kerri E.,False,
T103115,V1012,Delacruz Group,IT,INV-33165,45338.6,2025-04-23 11:46:00,Todd S.,False,
T102780,V1121,Daniels-Perry,Procurement,INV-97046,24961.43,2025-04-23 11:56:00,Sandra K.,False,
T105145,V1050,Ramos PLC,Operations,INV-94133,41384.59,2025-04-23 12:35:00,Charlotte B.,False,
T101415,V1050,Ramos PLC,Marketing,INV-88753,125446.89,2025-04-23 12:53:00,Daniel H.,False,
T101998,V1069,"Riggs, Roman and Rice",Legal,INV-36560,47233.53,2025-04-23 13:04:00,Taylor F.,False,
T100176,V1070,"Evans, Alvarado and Mcmillan",Marketing,INV-73654,22710.47,2025-04-23 13:17:00,Kevin K.,False,
T100878,V1033,Koch-Decker,Procurement,INV-46025,18806.64,2025-04-23 13:18:00,Laura C.,False,
T103600,V1118,Nelson LLC,HR,INV-49677,55084.06,2025-04-23 13:28:00,Cynthia M.,False,
T102899,V1054,Baker-Bowers,IT,INV-97285,3212.35,2025-04-23 13:46:00,Lance W.,False,
T100034,V1074,Davis Group,Operations,INV-74686,14393.88,2025-04-23 14:08:00,Richard S.,False,
T100327,V1001,Rhodes PLC,Facilities,INV-91381,176039.21,2025-04-23 14:40:00,Stacey S.,False,
T101947,V1035,Dennis Inc,IT,INV-43016,19512.53,2025-04-23 15:46:00,Julie D.,False,
T101039,V1035,Dennis Inc,Legal,INV-60911,10473.55,2025-04-23 16:36:00,Laura A.,False,
T105602,V1007,Davis Inc,Legal,INV-61522,28404.04,2025-04-23 19:10:00,Christy J.,False,
T100345,V1112,Grant Inc,Procurement,INV-93283,75215.06,2025-04-24 10:41:00,Valerie M.,False,
T102167,V1112,Grant Inc,Legal,INV-28659,48184.75,2025-04-24 11:08:00,Scott W.,False,
T101014,V1009,"Martinez, Nielsen and Miller",Facilities,INV-62505,5864.19,2025-04-24 11:08:00,Matthew M.,False,
T105168,V1050,Ramos PLC,Facilities,INV-38635,73025.96,2025-04-24 11:47:00,Michael B.,False,
T102589,V1134,"Williams, Crane and Walker",Procurement,INV-46848,58856.48,2025-04-24 11:47:00,William S.,False,
T104244,V1043,"Young, Caldwell and Lewis",Procurement,INV-36041,53961.85,2025-04-24 11:49:00,Susan B.,False,
T102115,V1035,Dennis Inc,Legal,INV-46428,10255.56,2025-04-24 11:50:00,Philip T.,False,
T105853,V1043,"Young, Caldwell and Lewis",Legal,INV-76377,35737.9,2025-04-24 12:12:00,Scott S.,False,
T104411,V1025,James-Ferrell,IT,INV-19563,11955.93,2025-04-24 12:45:00,Stuart L.,False,
T105034,V1126,Freeman LLC,Marketing,INV-41323,20061.93,2025-04-24 12:52:00,Brian S.,False,
T105498,V1043,"Young, Caldwell and Lewis",Facilities,INV-81589,12815.3,2025-04-24 12:55:00,Kimberly P.,False,
T101314,V1121,Daniels-Perry,Facilities,INV-96944,56040.44,2025-04-24 12:56:00,Ashley T.,False,
T103067,V1053,Barrera-Martin,Marketing,INV-72809,50085.21,2025-04-24 13:21:00,Caroline D.,False,
T105562,V1062,Donovan-Harris,Marketing,INV-93535,41878.63,2025-04-24 13:27:00,Kelsey J.,False,
T100373,V1053,Barrera-Martin,Procurement,INV-96363,32879.49,2025-04-24 13:39:00,Edward M.,False,
T101140,V1001,Rhodes PLC,Facilities,INV-98826,127716.89,2025-04-24 13:41:00,Cody G.,False,
T105679,V1134,"Williams, Crane and Walker",HR,INV-47415,62910.96,2025-04-24 13:44:00,Elizabeth C.,False,
T104854,V1053,Barrera-Martin,Marketing,INV-89902,146763.76,2025-04-24 14:15:00,Whitney M.,False,
T100742,V1050,Ramos PLC,Facilities,INV-12125,72100.31,2025-04-24 14:47:00,Brian G.,False,
T101257,V1034,Allen PLC,IT,INV-56548,117174.34,2025-04-24 15:00:00,Patrick L.,False,
T100218,V1127,Price Ltd,HR,INV-41890,29422.79,2025-04-24 16:25:00,Benjamin F.,False,
T102991,V1055,Horton-Cross,Procurement,INV-26187,103013.04,2025-04-24 19:24:00,Joe H.,False,
T103787,V1034,Allen PLC,Procurement,INV-62081,169893.13,2025-04-25 07:36:00,Jeffrey J.,False,
T102333,V1062,Donovan-Harris,Facilities,INV-34975,31583.82,2025-04-25 08:45:00,Jennifer C.,False,
T102394,V1121,Daniels-Perry,HR,INV-30325,79488.31,2025-04-25 09:41:00,Audrey R.,False,
T101380,V1091,Wilson LLC,Legal,INV-87280,11583.89,2025-04-25 10:57:00,Matthew B.,False,
T102903,V1127,Price Ltd,Operations,INV-88732,19084.49,2025-04-25 10:59:00,Kristine R.,False,
T103105,V1035,Dennis Inc,Operations,INV-41223,42539.51,2025-04-25 11:02:00,Derek L.,False,
T100555,V1115,"Griffin, Moore and Hensley",Facilities,INV-28202,62436.81,2025-04-25 11:07:00,James M.,False,
T105358,V1025,James-Ferrell,Legal,INV-28519,14899.38,2025-04-25 11:18:00,Thomas M.,False,
T101058,V1118,Nelson LLC,Operations,INV-32983,45435.81,2025-04-25 11:42:00,Brenda H.,False,
T102657,V1050,Ramos PLC,Facilities,INV-71149,79724.19,2025-04-25 11:44:00,Jean C.,False,
T105513,V1113,Contreras-Travis,Facilities,INV-50189,41159.72,2025-04-25 12:00:00,Donald C.,False,
T101144,V1011,Stanley LLC,Operations,INV-50037,59349.75,2025-04-25 12:16:00,Richard P.,False,
T101168,V1139,Oconnell Inc,Legal,INV-50250,61150.74,2025-04-25 12:47:00,Ariel M.,False,
T103296,V1139,Oconnell Inc,Marketing,INV-82297,111593.98,2025-04-25 12:49:00,Kenneth G.,False,
T105386,V1043,"Young, Caldwell and Lewis",Procurement,INV-97518,82032.07,2025-04-25 13:00:00,John O.,False,
T102326,V1055,Horton-Cross,Procurement,INV-83207,30592.54,2025-04-25 13:01:00,John M.,False,
T100122,V1051,"Kidd, Huff and Novak",HR,INV-35313,44836.44,2025-04-25 13:01:00,Timothy K.,False,
T105030,V1104,Campbell Ltd,IT,INV-49358,170390.1,2025-04-25 13:28:00,Sheri W.,False,
T103664,V1080,Fleming Ltd,Operations,INV-85292,24498.46,2025-04-25 13:36:00,Ronald M.,False,
T101294,V1053,Barrera-Martin,HR,INV-83566,59781.53,2025-04-25 13:47:00,Gerald P.,False,
T103503,V1139,Oconnell Inc,HR,INV-93842,79899.89,2025-04-25 13:57:00,Julie M.,False,
T102136,V1113,Contreras-Travis,Legal,INV-10320,17494.18,2025-04-25 16:01:00,Joanna H.,False,
T101244,V1080,Fleming Ltd,HR,INV-59628,33474.4,2025-04-25 16:35:00,Amber G.,False,
T104464,V1113,Contreras-Travis,IT,INV-93505,28790.79,2025-04-25 17:09:00,Sharon G.,False,
T104959,V1009,"Martinez, Nielsen and Miller",Legal,INV-38698,5271.17,2025-04-25 18:54:00,Mary G.,False,
T104876,V1134,"Williams, Crane and Walker",IT,INV-44060,71260.21,2025-04-28 07:17:00,William H.,False,
T100423,V1094,"Lee, Williams and Graham",Operations,INV-97562,15738.55,2025-04-28 08:32:00,Mariah B.,False,
T104436,V1073,"Walters, Baker and Freeman",Legal,INV-60864,40850.92,2025-04-28 09:02:00,Ashley M.,False,
T100058,V1011,Stanley LLC,Facilities,INV-10942,16065.61,2025-04-28 09:37:00,Glenda H.,False,
T105880,V1001,Rhodes PLC,Legal,INV-72747,103411.31,2025-04-28 09:47:00,Kelly S.,False,
T106135,V1024,Conner Group,HR,INV-30380,28894.95,2025-04-28 11:08:00,Sabrina R.,True,statistical_outlier
T100260,V1053,Barrera-Martin,Legal,INV-85392,152644.6,2025-04-28 11:43:00,Rachel M.,False,
T100027,V1139,Oconnell Inc,Procurement,INV-51347,127687.32,2025-04-28 12:52:00,Caitlyn B.,False,
T100060,V1087,Bailey-Hoover,Procurement,INV-53309,6563.24,2025-04-28 13:04:00,Christopher W.,False,
T102044,V1062,Donovan-Harris,Marketing,INV-78389,55186.77,2025-04-28 13:05:00,Lindsey J.,False,
T104886,V1073,"Walters, Baker and Freeman",IT,INV-31840,35869.24,2025-04-28 13:26:00,Paul H.,False,
T104767,V1112,Grant Inc,Marketing,INV-25216,69079.05,2025-04-28 14:45:00,Andrea M.,False,
T101544,V1012,Delacruz Group,HR,INV-47247,29522.06,2025-04-28 15:15:00,Tonya V.,False,
T105664,V1035,Dennis Inc,Procurement,INV-28596,37840.23,2025-04-28 15:29:00,Alyssa W.,False,
T100326,V1033,Koch-Decker,Legal,INV-56179,141423.89,2025-04-28 15:38:00,Tammy J.,False,
T101510,V1052,Martin Group,Procurement,INV-45382,48049.47,2025-04-28 15:52:00,David S.,False,
T104115,V1011,Stanley LLC,IT,INV-71863,77989.01,2025-04-28 15:59:00,David C.,False,
T102361,V1104,Campbell Ltd,Procurement,INV-71636,30193.65,2025-04-28 16:11:00,Ryan C.,False,
T105180,V1134,"Williams, Crane and Walker",Operations,INV-46394,91952.4,2025-04-28 16:59:00,Sandra H.,False,
T105907,V1012,Delacruz Group,Legal,INV-40083,21998.84,2025-04-28 17:21:00,Gregory P.,False,
T101448,V1054,Baker-Bowers,Legal,INV-31206,4305.79,2025-04-28 17:28:00,Jessica W.,False,
T104668,V1034,Allen PLC,Legal,INV-43073,95386.11,2025-04-28 17:36:00,Sandra J.,False,
T105411,V1069,"Riggs, Roman and Rice",Facilities,INV-51182,121996.57,2025-04-29 07:05:00,Nicholas H.,False,
T104109,V1134,"Williams, Crane and Walker",IT,INV-75769,50198.98,2025-04-29 07:13:00,Deanna P.,False,
T101216,V1112,Grant Inc,IT,INV-44619,38754.88,2025-04-29 08:29:00,Tyler R.,False,
T102432,V1050,Ramos PLC,Procurement,INV-79246,79393.98,2025-04-29 08:45:00,Cheryl P.,False,
T100755,V1113,Contreras-Travis,HR,INV-29795,25464.05,2025-04-29 09:04:00,James F.,False,
T105311,V1134,"Williams, Crane and Walker",Operations,INV-72566,36345.87,2025-04-29 09:25:00,Victor P.,False,
T103563,V1045,Davis Group,Operations,INV-80849,19189.24,2025-04-29 10:03:00,Samantha R.,False,
T103710,V1139,Oconnell Inc,IT,INV-28481,62097.59,2025-04-29 10:42:00,Ronald H.,False,
T104870,V1050,Ramos PLC,Operations,INV-71566,24769.81,2025-04-29 11:24:00,Maria H.,False,
T103788,V1126,Freeman LLC,IT,INV-72495,18819.21,2025-04-29 11:28:00,Sandra B.,False,
T102089,V1115,"Griffin, Moore and Hensley",Operations,INV-94498,38028.29,2025-04-29 11:53:00,Elizabeth B.,False,
T103218,V1120,Mccarthy Inc,Facilities,INV-99320,12347.18,2025-04-29 11:56:00,David S.,False,
T103606,V1116,Larsen LLC,HR,INV-82478,49753.11,2025-04-29 12:19:00,Regina G.,False,
T101634,V1080,Fleming Ltd,Marketing,INV-34832,19358.94,2025-04-29 12:34:00,Rebecca Y.,False,
T103671,V1069,"Riggs, Roman and Rice",IT,INV-25127,73318.37,2025-04-29 14:29:00,Nicholas R.,False,
T105210,V1088,Johnson and Sons,Facilities,INV-41520,58412.41,2025-04-29 14:51:00,Steven H.,False,
T105029,V1062,Donovan-Harris,IT,INV-87449,40790.06,2025-04-29 14:59:00,Ann C.,False,
T103539,V1069,"Riggs, Roman and Rice",HR,INV-23922,122782.79,2025-04-29 15:06:00,George L.,False,
T104846,V1067,Ibarra-Suarez,Operations,INV-89123,17939.0,2025-04-29 15:14:00,Lawrence B.,False,
T100852,V1062,Donovan-Harris,Marketing,INV-92543,15686.93,2025-04-29 15:51:00,Joseph A.,False,
T100785,V1034,Allen PLC,Procurement,INV-54642,144959.08,2025-04-29 15:53:00,Edward R.,False,
T105092,V1050,Ramos PLC,IT,INV-50827,33926.15,2025-04-29 16:03:00,Christian B.,False,
T104782,V1086,Garrison and Sons,Facilities,INV-49366,11194.47,2025-04-29 16:12:00,Tammy B.,False,
T101728,V1139,Oconnell Inc,Procurement,INV-57089,63505.18,2025-04-29 16:43:00,Natalie S.,False,
T103740,V1115,"Griffin, Moore and Hensley",IT,INV-97552,37173.36,2025-04-29 16:56:00,Latoya B.,False,
T103312,V1113,Contreras-Travis,HR,INV-26558,25025.2,2025-04-29 17:06:00,Krista T.,False,
T101388,V1121,Daniels-Perry,IT,INV-58422,33837.8,2025-04-29 18:04:00,Eric G.,False,
T100314,V1012,Delacruz Group,HR,INV-43289,22410.48,2025-04-29 18:29:00,Sierra S.,False,
T100005,V1139,Oconnell Inc,Operations,INV-13478,120770.99,2025-04-30 09:32:00,John T.,False,
T102593,V1039,"Santos, Kim and Holmes",IT,INV-14822,4055.69,2025-04-30 10:31:00,Karen S.,False,
T105186,V1062,Donovan-Harris,Procurement,INV-33513,25011.54,2025-04-30 10:47:00,Rachel M.,False,
T100645,V1052,Martin Group,Procurement,INV-64172,169514.35,2025-04-30 11:03:00,Jacob C.,False,
T100480,V1034,Allen PLC,Facilities,INV-50562,70607.61,2025-04-30 12:34:00,Anthony A.,False,
T100711,V1045,Davis Group,HR,INV-85511,10757.55,2025-04-30 12:52:00,Steven B.,False,
T101991,V1104,Campbell Ltd,Procurement,INV-14833,22778.06,2025-04-30 12:59:00,Anthony M.,False,
T101389,V1137,Marshall LLC,HR,INV-37102,15185.15,2025-04-30 13:02:00,Kimberly A.,False,
T101574,V1001,Rhodes PLC,Facilities,INV-11930,39152.14,2025-04-30 13:05:00,Kevin T.,False,
T105761,V1107,Riggs PLC,Marketing,INV-76433,15668.23,2025-04-30 13:36:00,Allen L.,False,
T101796,V1043,"Young, Caldwell and Lewis",IT,INV-35369,36428.29,2025-04-30 13:45:00,Scott B.,False,
T100293,V1088,Johnson and Sons,Legal,INV-63841,96895.23,2025-04-30 13:54:00,Heather J.,False,
T104646,V1050,Ramos PLC,Legal,INV-28045,60466.7,2025-04-30 14:09:00,William L.,False,
T106066,V1072,Campbell-Clark,Legal,INV-45133,20000.0,2025-04-30 14:20:00,David K.,True,round_dollar
T100987,V1000,"Rodriguez, Figueroa and Sanchez",IT,INV-93354,1541.47,2025-04-30 14:34:00,Brandi M.,False,
T105739,V1069,"Riggs, Roman and Rice",Facilities,INV-52247,137856.34,2025-04-30 14:53:00,Robert J.,False,
T104546,V1038,"Campos, Vaughn and Marquez",Procurement,INV-20408,9484.85,2025-04-30 15:13:00,Kari R.,False,
T101933,V1137,Marshall LLC,HR,INV-61127,6467.26,2025-04-30 15:24:00,Anthony M.,False,
T102711,V1104,Campbell Ltd,Operations,INV-82432,29992.86,2025-04-30 15:33:00,Troy S.,False,
T105972,V1025,James-Ferrell,Marketing,INV-83142,28694.4,2025-04-30 15:34:00,Shawn S.,False,
T103362,V1113,Contreras-Travis,Procurement,INV-60540,66929.93,2025-04-30 16:35:00,Joanne C.,False,
T102631,V1067,Ibarra-Suarez,Operations,INV-96471,15726.62,2025-04-30 16:55:00,Nicole L.,False,
T103795,V1086,Garrison and Sons,Legal,INV-74673,16510.16,2025-04-30 18:03:00,Matthew V.,False,
T101212,V1052,Martin Group,Procurement,INV-98032,107356.11,2025-05-01 07:00:00,Kelli B.,False,
T103738,V1050,Ramos PLC,IT,INV-73469,88812.33,2025-05-01 07:40:00,Elizabeth M.,False,
T103801,V1033,Koch-Decker,Marketing,INV-73307,95816.98,2025-05-01 08:20:00,Paul H.,False,
T104332,V1050,Ramos PLC,Operations,INV-56802,74784.88,2025-05-01 09:20:00,Cynthia P.,False,
T101885,V1069,"Riggs, Roman and Rice",HR,INV-87353,161228.66,2025-05-01 10:27:00,Alexandria F.,False,
T101511,V1007,Davis Inc,Marketing,INV-59923,22469.49,2025-05-01 10:35:00,Stephen L.,False,
T104697,V1118,Nelson LLC,Marketing,INV-10255,29297.48,2025-05-01 10:44:00,Susan D.,False,
T100086,V1011,Stanley LLC,Procurement,INV-84668,91817.06,2025-05-01 11:25:00,Amber K.,False,
T104969,V1121,Daniels-Perry,Marketing,INV-61949,67516.08,2025-05-01 11:31:00,Raymond A.,False,
T104589,V1086,Garrison and Sons,Marketing,INV-38364,7267.44,2025-05-01 11:33:00,Jennifer T.,False,
T105595,V1134,"Williams, Crane and Walker",Operations,INV-28857,28637.25,2025-05-01 11:35:00,Robert T.,False,
T103925,V1074,Davis Group,Facilities,INV-67219,18956.91,2025-05-01 11:54:00,Erica K.,False,
T105518,V1076,Martin-Ramos,Legal,INV-14940,14214.34,2025-05-01 12:17:00,Manuel P.,False,
T104994,V1001,Rhodes PLC,Legal,INV-50543,104239.31,2025-05-01 12:50:00,Evan B.,False,
T102290,V1080,Fleming Ltd,Marketing,INV-38574,66168.88,2025-05-01 12:59:00,Eric W.,False,
T104010,V1113,Contreras-Travis,Operations,INV-27261,17270.35,2025-05-01 13:24:00,Jacob C.,False,
T102819,V1075,Smith and Sons,Procurement,INV-65868,12075.09,2025-05-01 13:32:00,Tyrone J.,False,
T103608,V1107,Riggs PLC,Marketing,INV-95184,13266.36,2025-05-01 13:44:00,Alexis H.,False,
T104636,V1001,Rhodes PLC,Legal,INV-57227,52714.57,2025-05-01 14:05:00,Dale J.,False,
T102688,V1033,Koch-Decker,Facilities,INV-50107,121869.76,2025-05-01 14:25:00,William B.,False,
T105144,V1025,James-Ferrell,Marketing,INV-60407,15798.58,2025-05-01 14:41:00,Gerald W.,False,
T100148,V1075,Smith and Sons,IT,INV-39444,7644.1,2025-05-01 14:43:00,Charles H.,False,
T101245,V1112,Grant Inc,Marketing,INV-68220,66135.82,2025-05-01 15:05:00,Kenneth D.,False,
T104971,V1011,Stanley LLC,Facilities,INV-90028,50904.6,2025-05-01 15:18:00,Michelle B.,False,
T103938,V1088,Johnson and Sons,IT,INV-54544,24308.33,2025-05-01 15:23:00,Jennifer B.,False,
T103575,V1043,"Young, Caldwell and Lewis",Procurement,INV-83905,23574.46,2025-05-01 15:31:00,Rachel K.,False,
T101488,V1115,"Griffin, Moore and Hensley",Facilities,INV-44787,16383.96,2025-05-01 15:47:00,Margaret C.,False,
T100538,V1011,Stanley LLC,HR,INV-58015,100657.44,2025-05-01 15:49:00,Amy M.,False,
T105535,V1115,"Griffin, Moore and Hensley",Operations,INV-79046,51054.09,2025-05-01 15:54:00,Taylor S.,False,
T100671,V1118,Nelson LLC,HR,INV-25495,58577.07,2025-05-01 17:03:00,Kayla V.,False,
T100668,V1033,Koch-Decker,Legal,INV-44995,52156.74,2025-05-01 17:28:00,Elizabeth M.,False,
T105041,V1033,Koch-Decker,Marketing,INV-83499,127495.8,2025-05-01 17:59:00,Susan Y.,False,
T105933,V1011,Stanley LLC,Operations,INV-23527,76138.67,2025-05-01 19:15:00,James H.,False,
T101900,V1087,Bailey-Hoover,Operations,INV-45291,4204.49,2025-05-02 07:45:00,Amanda S.,False,
T105596,V1088,Johnson and Sons,Facilities,INV-52611,110051.3,2025-05-02 08:57:00,April H.,False,
T103541,V1134,"Williams, Crane and Walker",Facilities,INV-60342,66188.26,2025-05-02 09:06:00,Carrie J.,False,
T105320,V1011,Stanley LLC,Marketing,INV-66186,73462.19,2025-05-02 09:31:00,Brenda W.,False,
T101295,V1052,Martin Group,Legal,INV-47701,33218.58,2025-05-02 09:32:00,Christine B.,False,
T105622,V1086,Garrison and Sons,Operations,INV-61687,10212.55,2025-05-02 09:40:00,Donna P.,False,
T100501,V1052,Martin Group,Procurement,INV-16258,152595.38,2025-05-02 10:19:00,Andrea R.,False,
T101081,V1028,Chavez Ltd,Procurement,INV-61498,4967.11,2025-05-02 11:06:00,Joyce S.,False,
T103651,V1052,Martin Group,IT,INV-84758,51019.12,2025-05-02 11:13:00,Jeremy Q.,False,
T100888,V1069,"Riggs, Roman and Rice",Legal,INV-87060,158036.02,2025-05-02 11:13:00,Robin R.,False,
T103590,V1115,"Griffin, Moore and Hensley",Procurement,INV-87151,24574.23,2025-05-02 11:14:00,Samuel R.,False,
T102288,V1096,Jones-Beck,Procurement,INV-51079,3579.06,2025-05-02 11:38:00,Amanda M.,False,
T100556,V1127,Price Ltd,Marketing,INV-13445,32321.85,2025-05-02 11:50:00,Wendy O.,False,
T100321,V1034,Allen PLC,Operations,INV-57049,262113.55,2025-05-02 12:24:00,Judy G.,False,
T103080,V1070,"Evans, Alvarado and Mcmillan",IT,INV-37529,25494.6,2025-05-02 12:41:00,Andrea L.,False,
T104602,V1069,"Riggs, Roman and Rice",Legal,INV-42649,58300.89,2025-05-02 12:52:00,Kenneth H.,False,
T100997,V1069,"Riggs, Roman and Rice",IT,INV-51288,65968.15,2025-05-02 13:18:00,Kathryn W.,False,
T100713,V1137,Marshall LLC,Facilities,INV-96535,3118.77,2025-05-02 13:19:00,Jerry M.,False,
T105418,V1001,Rhodes PLC,Operations,INV-97770,97791.2,2025-05-02 14:52:00,David G.,False,
T105553,V1121,Daniels-Perry,HR,INV-25169,42376.43,2025-05-02 15:08:00,Jacob H.,False,
T105979,V1027,"Potter, Mack and Peterson",Procurement,INV-21400,2438.09,2025-05-02 15:08:00,Nichole C.,False,
T101505,V1034,Allen PLC,Marketing,INV-90358,73570.16,2025-05-02 16:17:00,David P.,False,
T104227,V1001,Rhodes PLC,Marketing,INV-52274,47858.22,2025-05-02 18:10:00,Wayne H.,False,
T101064,V1070,"Evans, Alvarado and Mcmillan",IT,INV-32005,14373.36,2025-05-02 18:22:00,Brian W.,False,
T100116,V1121,Daniels-Perry,Facilities,INV-33206,136697.2,2025-05-02 18:55:00,Alexander R.,False,
T102802,V1074,Davis Group,Marketing,INV-41922,12930.49,2025-05-02 19:47:00,Ralph N.,False,
T105366,V1053,Barrera-Martin,Operations,INV-28156,39606.7,2025-05-05 07:57:00,Monica S.,False,
T100850,V1070,"Evans, Alvarado and Mcmillan",Facilities,INV-82339,13997.79,2025-05-05 08:33:00,John M.,False,
T100983,V1052,Martin Group,IT,INV-87554,69778.8,2025-05-05 10:29:00,Laura M.,False,
T105790,V1074,Davis Group,HR,INV-63297,21944.88,2025-05-05 10:52:00,Ryan D.,False,
T106016,V1074,Davis Group,HR,INV-63297,21944.88,2025-05-05 10:52:00,Ryan D.,True,duplicate_payment
T104087,V1137,Marshall LLC,Legal,INV-86188,22242.49,2025-05-05 11:37:00,Alex K.,False,
T105949,V1113,Contreras-Travis,Procurement,INV-87284,17056.58,2025-05-05 11:41:00,Jeffrey B.,False,
T101407,V1001,Rhodes PLC,Facilities,INV-85168,128186.86,2025-05-05 12:02:00,Lisa S.,False,
T100197,V1069,"Riggs, Roman and Rice",HR,INV-49529,136565.99,2025-05-05 12:06:00,Michael S.,False,
T103670,V1066,Medina PLC,Facilities,INV-57443,256.46,2025-05-05 12:21:00,Stephanie W.,False,
T104259,V1088,Johnson and Sons,Legal,INV-30898,21101.46,2025-05-05 12:25:00,Robert H.,False,
T104282,V1035,Dennis Inc,Marketing,INV-39017,42707.5,2025-05-05 12:37:00,Dustin L.,False,
T104536,V1129,"Ferguson, Meadows and Vargas",Facilities,INV-58940,3096.49,2025-05-05 13:04:00,Suzanne W.,False,
T100818,V1054,Baker-Bowers,Marketing,INV-46739,5057.28,2025-05-05 13:20:00,Lori N.,False,
T106143,V1053,Barrera-Martin,HR,INV-35423,622298.54,2025-05-05 13:23:00,Johnny P.,True,statistical_outlier
T103399,V1050,Ramos PLC,HR,INV-36986,66981.79,2025-05-05 13:42:00,Kimberly B.,False,
T104053,V1139,Oconnell Inc,Marketing,INV-37536,46435.82,2025-05-05 13:50:00,Meghan C.,False,
T105439,V1120,Mccarthy Inc,Procurement,INV-77541,37999.15,2025-05-05 13:56:00,John G.,False,
T102896,V1080,Fleming Ltd,Facilities,INV-96474,22661.37,2025-05-05 14:13:00,Gloria Y.,False,
T100803,V1120,Mccarthy Inc,Operations,INV-32227,25658.36,2025-05-05 14:36:00,Debra J.,False,
T104776,V1034,Allen PLC,Facilities,INV-25861,192186.17,2025-05-05 14:58:00,Jenny F.,False,
T102844,V1011,Stanley LLC,Procurement,INV-57371,145404.67,2025-05-05 15:30:00,Bryan G.,False,
T105132,V1001,Rhodes PLC,Marketing,INV-45900,111554.81,2025-05-05 15:31:00,Jennifer E.,False,
T105613,V1043,"Young, Caldwell and Lewis",Facilities,INV-13680,28864.76,2025-05-05 16:08:00,Melody P.,False,
T103931,V1094,"Lee, Williams and Graham",Procurement,INV-60800,32550.37,2025-05-05 16:48:00,Joseph S.,False,
T100644,V1050,Ramos PLC,HR,INV-79604,131301.22,2025-05-05 17:03:00,Mary F.,False,
T102275,V1096,Jones-Beck,Legal,INV-50703,5037.23,2025-05-06 07:51:00,Mark H.,False,
T102666,V1073,"Walters, Baker and Freeman",Facilities,INV-12817,23364.58,2025-05-06 09:11:00,Angel V.,False,
T103596,V1069,"Riggs, Roman and Rice",Facilities,INV-89445,48233.13,2025-05-06 09:18:00,Joshua A.,False,
T100208,V1134,"Williams, Crane and Walker",Procurement,INV-46559,33349.69,2025-05-06 10:53:00,David R.,False,
T102541,V1069,"Riggs, Roman and Rice",HR,INV-85963,141589.51,2025-05-06 10:53:00,Robert G.,False,
T105150,V1012,Delacruz Group,HR,INV-82870,56490.57,2025-05-06 11:48:00,Mary M.,False,
T100972,V1069,"Riggs, Roman and Rice",Marketing,INV-57707,170380.51,2025-05-06 12:02:00,Stephanie R.,False,
T104056,V1051,"Kidd, Huff and Novak",IT,INV-54884,14082.54,2025-05-06 13:48:00,Ryan W.,False,
T104954,V1028,Chavez Ltd,Legal,INV-12913,10469.71,2025-05-06 14:14:00,Jennifer W.,False,
T104040,V1025,James-Ferrell,HR,INV-19154,11342.29,2025-05-06 14:29:00,John H.,False,
T100310,V1033,Koch-Decker,Marketing,INV-84177,83383.18,2025-05-06 14:33:00,Erika W.,False,
T103358,V1091,Wilson LLC,Facilities,INV-96108,12985.39,2025-05-06 15:04:00,Adrian J.,False,
T103164,V1055,Horton-Cross,Marketing,INV-82002,55486.3,2025-05-06 15:24:00,Kimberly L.,False,
T102821,V1088,Johnson and Sons,Facilities,INV-89410,64397.41,2025-05-06 15:27:00,Mark T.,False,
T100708,V1052,Martin Group,Procurement,INV-62725,134104.29,2025-05-06 15:47:00,Phillip A.,False,
T104488,V1011,Stanley LLC,HR,INV-27112,114571.23,2025-05-06 15:55:00,John H.,False,
T101773,V1139,Oconnell Inc,Operations,INV-46452,92433.64,2025-05-06 15:56:00,Gregory S.,False,
T103926,V1011,Stanley LLC,HR,INV-82790,97376.64,2025-05-06 16:09:00,Andrea M.,False,
T101906,V1011,Stanley LLC,HR,INV-96997,37771.21,2025-05-06 16:30:00,Justin N.,False,
T103018,V1067,Ibarra-Suarez,HR,INV-79220,24333.25,2025-05-06 16:47:00,Ryan M.,False,
T102464,V1075,Smith and Sons,Legal,INV-72084,7968.51,2025-05-06 16:53:00,Philip B.,False,
T102140,V1043,"Young, Caldwell and Lewis",Procurement,INV-46335,27398.64,2025-05-06 17:01:00,Cheryl C.,False,
T100002,V1046,Owens-Daniel,Facilities,INV-23434,887.59,2025-05-06 19:14:00,Rebecca B.,False,
T104323,V1043,"Young, Caldwell and Lewis",Facilities,INV-67718,67739.12,2025-05-06 19:56:00,David P.,False,
T104419,V1104,Campbell Ltd,HR,INV-43840,57524.6,2025-05-07 07:39:00,Ryan G.,False,
T100792,V1080,Fleming Ltd,Procurement,INV-20752,53771.69,2025-05-07 08:45:00,Justin S.,False,
T102371,V1116,Larsen LLC,Marketing,INV-98723,12911.26,2025-05-07 08:49:00,Michelle E.,False,
T100589,V1112,Grant Inc,Procurement,INV-16632,95954.12,2025-05-07 11:09:00,Monica S.,False,
T105686,V1076,Martin-Ramos,Marketing,INV-23949,28780.54,2025-05-07 11:16:00,Robert V.,False,
T100935,V1080,Fleming Ltd,HR,INV-21042,37579.19,2025-05-07 11:17:00,Candace A.,False,
T101739,V1139,Oconnell Inc,Marketing,INV-15482,71161.25,2025-05-07 11:27:00,Barbara C.,False,
T105496,V1073,"Walters, Baker and Freeman",Facilities,INV-99591,18887.53,2025-05-07 11:40:00,Shelly W.,False,
T105903,V1139,Oconnell Inc,Procurement,INV-43414,89232.19,2025-05-07 12:52:00,Patrick M.,False,
T102047,V1011,Stanley LLC,IT,INV-66917,50621.84,2025-05-07 13:15:00,Ryan C.,False,
T101677,V1104,Campbell Ltd,Procurement,INV-44898,43143.82,2025-05-07 13:15:00,Ashley K.,False,
T100702,V1043,"Young, Caldwell and Lewis",IT,INV-30332,45369.06,2025-05-07 13:29:00,Nicholas V.,False,
T100087,V1009,"Martinez, Nielsen and Miller",Operations,INV-15209,17604.62,2025-05-07 15:37:00,Carly P.,False,
T100679,V1043,"Young, Caldwell and Lewis",Legal,INV-88094,69151.45,2025-05-07 15:43:00,Kathleen B.,False,
T104597,V1011,Stanley LLC,IT,INV-40597,39313.02,2025-05-07 16:13:00,Glen G.,False,
T105832,V1134,"Williams, Crane and Walker",Marketing,INV-15831,92150.09,2025-05-07 16:44:00,Linda J.,False,
T101584,V1134,"Williams, Crane and Walker",Procurement,INV-36106,37237.18,2025-05-07 16:47:00,Anna G.,False,
T101367,V1116,Larsen LLC,Facilities,INV-93995,21816.28,2025-05-07 16:50:00,Rita A.,False,
T104826,V1080,Fleming Ltd,Operations,INV-93026,39485.76,2025-05-07 17:13:00,William A.,False,
T100899,V1069,"Riggs, Roman and Rice",Legal,INV-98635,104465.34,2025-05-07 17:48:00,Hannah H.,False,
T103767,V1053,Barrera-Martin,Procurement,INV-12625,40126.07,2025-05-08 07:00:00,Craig C.,False,
T102615,V1130,Day and Sons,Facilities,INV-53152,1557.11,2025-05-08 07:12:00,Deborah B.,False,
T103056,V1112,Grant Inc,Legal,INV-25075,194904.96,2025-05-08 08:17:00,Kelli R.,False,
T101483,V1081,"Henson, Russell and Oliver",Procurement,INV-62288,8373.83,2025-05-08 08:18:00,Ashley M.,False,
T100898,V1001,Rhodes PLC,HR,INV-52217,98541.49,2025-05-08 09:09:00,Steven F.,False,
T100975,V1012,Delacruz Group,HR,INV-51934,35826.94,2025-05-08 09:26:00,Robert B.,False,
T100667,V1080,Fleming Ltd,IT,INV-60275,18830.8,2025-05-08 10:00:00,Michael Y.,False,
T100544,V1062,Donovan-Harris,Procurement,INV-34385,22179.06,2025-05-08 10:07:00,Douglas H.,False,
T104960,V1001,Rhodes PLC,Facilities,INV-22923,48100.06,2025-05-08 10:29:00,Elizabeth H.,False,
T101596,V1055,Horton-Cross,Marketing,INV-21980,23451.95,2025-05-08 11:10:00,Luke M.,False,
T105837,V1034,Allen PLC,HR,INV-94884,103688.36,2025-05-08 12:26:00,Jorge G.,False,
T105257,V1070,"Evans, Alvarado and Mcmillan",Facilities,INV-59556,27539.8,2025-05-08 12:33:00,Adam V.,False,
T100591,V1011,Stanley LLC,Facilities,INV-52917,31649.26,2025-05-08 12:55:00,Diana S.,False,
T104675,V1126,Freeman LLC,Operations,INV-24058,29906.23,2025-05-08 14:04:00,Breanna G.,False,
T101274,V1104,Campbell Ltd,Marketing,INV-54939,56902.75,2025-05-08 14:17:00,Stacy J.,False,
T104131,V1034,Allen PLC,Operations,INV-86823,154334.05,2025-05-08 14:17:00,Michael M.,False,
T101583,V1033,Koch-Decker,Legal,INV-68059,68544.39,2025-05-08 14:24:00,Christine W.,False,
T105777,V1070,"Evans, Alvarado and Mcmillan",Marketing,INV-47239,21999.1,2025-05-08 15:11:00,Anthony W.,False,
T105646,V1052,Martin Group,Operations,INV-38061,50914.05,2025-05-08 15:12:00,Matthew W.,False,
T105115,V1034,Allen PLC,Legal,INV-26337,131666.48,2025-05-08 15:39:00,Mark B.,False,
T101029,V1092,Johnson-Carlson,Legal,INV-81258,49771.43,2025-05-08 15:40:00,Jessica B.,False,
T103793,V1127,Price Ltd,Facilities,INV-62847,71557.66,2025-05-08 16:05:00,Jesus G.,False,
T102822,V1069,"Riggs, Roman and Rice",IT,INV-85552,78114.06,2025-05-08 16:19:00,Cindy W.,False,
T104617,V1033,Koch-Decker,Marketing,INV-65442,146051.03,2025-05-08 16:50:00,David S.,False,
T100069,V1011,Stanley LLC,Facilities,INV-80292,130754.35,2025-05-08 17:12:00,Joseph M.,False,
T101655,V1053,Barrera-Martin,IT,INV-49361,46178.33,2025-05-08 17:14:00,Martin C.,False,
T100936,V1095,"Mcdaniel, Bentley and Mclaughlin",Operations,INV-88644,1784.22,2025-05-08 17:35:00,Rodney T.,False,
T102793,V1127,Price Ltd,Operations,INV-52513,53960.87,2025-05-09 07:06:00,Gloria R.,False,
T103631,V1048,Lee PLC,HR,INV-89691,2581.03,2025-05-09 07:50:00,Dean T.,False,
T103482,V1120,Mccarthy Inc,Marketing,INV-82651,34481.22,2025-05-09 09:08:00,Krystal S.,False,
T101475,V1011,Stanley LLC,Marketing,INV-59424,73310.26,2025-05-09 09:44:00,Alexander M.,False,
T103472,V1113,Contreras-Travis,IT,INV-47128,15963.58,2025-05-09 10:08:00,Breanna B.,False,
T100038,V1104,Campbell Ltd,Legal,INV-11504,26518.09,2025-05-09 10:35:00,Michael C.,False,
T104097,V1086,Garrison and Sons,Marketing,INV-88820,13539.05,2025-05-09 10:48:00,Crystal G.,False,
T102619,V1074,Davis Group,Procurement,INV-72072,8565.2,2025-05-09 11:15:00,Jo G.,False,
T105868,V1120,Mccarthy Inc,Legal,INV-77773,17602.27,2025-05-09 11:34:00,Donald H.,False,
T101537,V1011,Stanley LLC,HR,INV-20494,66300.24,2025-05-09 11:47:00,Sherri M.,False,
T101604,V1011,Stanley LLC,Procurement,INV-73609,120692.32,2025-05-09 11:57:00,Ryan M.,False,
T102762,V1139,Oconnell Inc,HR,INV-27888,59437.15,2025-05-09 12:07:00,Ryan G.,False,
T101298,V1139,Oconnell Inc,Operations,INV-68073,75152.79,2025-05-09 12:12:00,Brandon A.,False,
T103565,V1063,Baker and Sons,HR,INV-56911,631.48,2025-05-09 12:24:00,Peter C.,False,
T105012,V1053,Barrera-Martin,Procurement,INV-73818,27484.03,2025-05-09 12:26:00,Michele G.,False,
T104909,V1001,Rhodes PLC,Marketing,INV-31875,50121.66,2025-05-09 12:33:00,Stephanie W.,False,
T104883,V1112,Grant Inc,Operations,INV-43442,89333.41,2025-05-09 13:05:00,Mary J.,False,
T105266,V1050,Ramos PLC,Marketing,INV-15344,61612.81,2025-05-09 13:05:00,Andrew A.,False,
T102260,V1139,Oconnell Inc,Operations,INV-69405,33393.87,2025-05-09 13:39:00,Nicholas F.,False,
T104219,V1035,Dennis Inc,HR,INV-96424,12678.31,2025-05-09 14:11:00,Timothy W.,False,
T100570,V1033,Koch-Decker,HR,INV-82199,106953.48,2025-05-09 14:12:00,Andrea B.,False,
T104280,V1107,Riggs PLC,Procurement,INV-11694,14709.49,2025-05-09 14:22:00,Danny G.,False,
T100328,V1121,Daniels-Perry,Legal,INV-96400,76324.27,2025-05-09 14:43:00,Hannah C.,False,
T105156,V1139,Oconnell Inc,Legal,INV-45643,97111.43,2025-05-09 14:44:00,Dana S.,False,
T100365,V1069,"Riggs, Roman and Rice",Facilities,INV-24408,59087.62,2025-05-09 14:51:00,Chelsea C.,False,
T105381,V1127,Price Ltd,Facilities,INV-45002,69546.95,2025-05-09 14:53:00,Kristin G.,False,
T104255,V1070,"Evans, Alvarado and Mcmillan",Operations,INV-97571,31970.82,2025-05-09 16:45:00,Kathryn R.,False,
T103346,V1007,Davis Inc,Facilities,INV-46842,48760.75,2025-05-09 17:11:00,Carolyn H.,False,
T104065,V1126,Freeman LLC,Facilities,INV-13670,15342.38,2025-05-12 08:40:00,Samuel H.,False,
T103980,V1034,Allen PLC,HR,INV-20391,60698.11,2025-05-12 08:46:00,Allison R.,False,
T101957,V1091,Wilson LLC,Legal,INV-19698,28501.67,2025-05-12 10:10:00,Eric T.,False,
T101709,V1035,Dennis Inc,Marketing,INV-13862,13451.03,2025-05-12 10:56:00,Dylan J.,False,
T102640,V1011,Stanley LLC,Marketing,INV-73097,68607.87,2025-05-12 11:22:00,Thomas F.,False,
T100747,V1009,"Martinez, Nielsen and Miller",Legal,INV-74044,20274.65,2025-05-12 11:48:00,Amanda C.,False,
T101474,V1139,Oconnell Inc,Operations,INV-85352,86965.84,2025-05-12 11:56:00,Patricia S.,False,
T103116,V1050,Ramos PLC,Operations,INV-96155,115390.38,2025-05-12 12:01:00,Shannon S.,False,
T104213,V1088,Johnson and Sons,IT,INV-96032,81320.32,2025-05-12 12:08:00,Daniel L.,False,
T100437,V1012,Delacruz Group,Facilities,INV-88957,107787.72,2025-05-12 12:12:00,Jacob B.,False,
T100640,V1030,Harrell LLC,Marketing,INV-38047,3824.14,2025-05-12 12:47:00,Joanne J.,False,
T103233,V1001,Rhodes PLC,Marketing,INV-95235,106488.63,2025-05-12 12:48:00,Christopher C.,False,
T101625,V1062,Donovan-Harris,IT,INV-38930,27176.01,2025-05-12 13:03:00,Kenneth E.,False,
T105047,V1139,Oconnell Inc,Facilities,INV-65895,49160.67,2025-05-12 13:26:00,April M.,False,
T104366,V1080,Fleming Ltd,Operations,INV-17982,34238.32,2025-05-12 14:01:00,David W.,False,
T101435,V1050,Ramos PLC,Procurement,INV-10932,134816.08,2025-05-12 15:12:00,Stacy C.,False,
T101521,V1076,Martin-Ramos,Procurement,INV-63970,22426.94,2025-05-12 15:22:00,Robert L.,False,
T102343,V1033,Koch-Decker,Procurement,INV-83007,95923.42,2025-05-12 18:04:00,Lisa S.,False,
T105750,V1011,Stanley LLC,Legal,INV-81532,45584.46,2025-05-13 07:06:00,Vincent D.,False,
T103640,V1043,"Young, Caldwell and Lewis",Legal,INV-46194,98507.59,2025-05-13 07:49:00,Joel P.,False,
T101479,V1001,Rhodes PLC,Marketing,INV-93055,60045.23,2025-05-13 08:04:00,Mark R.,False,
T104067,V1050,Ramos PLC,HR,INV-76662,126628.4,2025-05-13 09:23:00,Catherine C.,False,
T103709,V1069,"Riggs, Roman and Rice",Legal,INV-23909,54732.77,2025-05-13 09:38:00,Nancy M.,False,
T101792,V1073,"Walters, Baker and Freeman",Operations,INV-91689,11246.34,2025-05-13 10:33:00,Wesley M.,False,
T104950,V1003,"Johnson, Gonzalez and Santos",Operations,INV-81817,5329.57,2025-05-13 10:36:00,Cynthia D.,False,
T103647,V1034,Allen PLC,Procurement,INV-98917,42017.2,2025-05-13 11:16:00,Dennis S.,False,
T103891,V1139,Oconnell Inc,Marketing,INV-44674,59934.42,2025-05-13 11:44:00,Bradley J.,False,
T101158,V1118,Nelson LLC,Marketing,INV-63031,47550.49,2025-05-13 11:58:00,Christina J.,False,
T103103,V1052,Martin Group,Legal,INV-38879,119487.21,2025-05-13 12:19:00,Sylvia L.,False,
T101335,V1052,Martin Group,Marketing,INV-69129,51187.31,2025-05-13 12:26:00,Jeffrey F.,False,
T101137,V1011,Stanley LLC,Legal,INV-21847,55546.48,2025-05-13 13:47:00,Lori T.,False,
T103641,V1086,Garrison and Sons,Marketing,INV-26675,23409.15,2025-05-13 13:55:00,John M.,False,
T105774,V1093,Graham-Joyce,Legal,INV-21591,4921.25,2025-05-13 13:57:00,Mario W.,False,
T101504,V1007,Davis Inc,Operations,INV-44452,84378.55,2025-05-13 14:11:00,Jonathan G.,False,
T103388,V1086,Garrison and Sons,Legal,INV-15646,18938.57,2025-05-13 14:56:00,Andrew R.,False,
T102866,V1139,Oconnell Inc,Legal,INV-63581,69651.52,2025-05-13 15:57:00,Cynthia D.,False,
T105795,V1134,"Williams, Crane and Walker",Marketing,INV-29836,85345.6,2025-05-13 16:25:00,Laura R.,False,
T103535,V1112,Grant Inc,HR,INV-52477,45499.22,2025-05-13 17:08:00,Stacy B.,False,
T102907,V1053,Barrera-Martin,IT,INV-21492,42196.32,2025-05-13 19:07:00,Peggy E.,False,
T104988,V1070,"Evans, Alvarado and Mcmillan",HR,INV-77487,23938.86,2025-05-14 07:10:00,Mathew G.,False,
T101170,V1092,Johnson-Carlson,IT,INV-70786,10762.48,2025-05-14 07:37:00,Carla J.,False,
T101153,V1001,Rhodes PLC,HR,INV-95389,56539.65,2025-05-14 07:41:00,Ryan R.,False,
T105839,V1003,"Johnson, Gonzalez and Santos",IT,INV-88576,9561.51,2025-05-14 08:20:00,Christopher H.,False,
T102706,V1043,"Young, Caldwell and Lewis",Legal,INV-49252,69767.57,2025-05-14 10:00:00,Steven B.,False,
T103901,V1134,"Williams, Crane and Walker",Procurement,INV-77768,78662.27,2025-05-14 11:02:00,James S.,False,
T102977,V1112,Grant Inc,HR,INV-31406,34717.51,2025-05-14 11:24:00,Caroline H.,False,
T104363,V1073,"Walters, Baker and Freeman",Facilities,INV-39706,29273.4,2025-05-14 11:25:00,Jessica P.,False,
T102847,V1069,"Riggs, Roman and Rice",Marketing,INV-99268,140628.09,2025-05-14 11:38:00,Kathy G.,False,
T101233,V1034,Allen PLC,IT,INV-11620,144041.56,2025-05-14 11:41:00,Jose G.,False,
T103322,V1012,Delacruz Group,Procurement,INV-46040,41557.27,2025-05-14 11:42:00,Megan L.,False,
T104432,V1050,Ramos PLC,Legal,INV-25650,65787.88,2025-05-14 12:06:00,Jason W.,False,
T102362,V1035,Dennis Inc,HR,INV-71228,48287.43,2025-05-14 12:10:00,Glenn T.,False,
T102322,V1115,"Griffin, Moore and Hensley",HR,INV-87728,26502.67,2025-05-14 13:11:00,Jennifer R.,False,
T101440,V1055,Horton-Cross,Operations,INV-65517,52737.15,2025-05-14 13:54:00,Lisa S.,False,
T101915,V1038,"Campos, Vaughn and Marquez",HR,INV-72018,13918.45,2025-05-14 14:03:00,Jeffrey M.,False,
T101555,V1009,"Martinez, Nielsen and Miller",IT,INV-11383,21900.24,2025-05-14 14:09:00,Kristin J.,False,
T105233,V1007,Davis Inc,Procurement,INV-81535,16188.04,2025-05-14 14:10:00,Jerry P.,False,
T100743,V1065,Ellis PLC,Operations,INV-85909,5009.11,2025-05-14 14:35:00,Robert M.,False,
T104330,V1034,Allen PLC,Legal,INV-57706,58288.53,2025-05-14 14:45:00,Ryan M.,False,
T101924,V1012,Delacruz Group,HR,INV-40958,30859.05,2025-05-14 14:50:00,Travis F.,False,
T103479,V1053,Barrera-Martin,IT,INV-88255,65008.77,2025-05-14 14:58:00,Alicia W.,False,
T102448,V1053,Barrera-Martin,HR,INV-30788,39023.85,2025-05-14 15:22:00,David R.,False,
T101378,V1080,Fleming Ltd,Operations,INV-71879,60538.17,2025-05-14 15:34:00,Robert P.,False,
T102330,V1104,Campbell Ltd,Procurement,INV-58224,28604.74,2025-05-14 19:09:00,Ashley P.,False,
T104236,V1070,"Evans, Alvarado and Mcmillan",Legal,INV-57896,15968.73,2025-05-15 08:04:00,Walter G.,False,
T104331,V1041,Chapman Inc,IT,INV-57777,3197.51,2025-05-15 08:27:00,Donna F.,False,
T101394,V1080,Fleming Ltd,Operations,INV-84732,51602.69,2025-05-15 09:37:00,Patricia S.,False,
T104316,V1033,Koch-Decker,HR,INV-54585,113925.27,2025-05-15 10:09:00,Jacob H.,False,
T101092,V1134,"Williams, Crane and Walker",Marketing,INV-44524,63782.04,2025-05-15 10:28:00,Jeffrey B.,False,
T104520,V1050,Ramos PLC,Marketing,INV-54239,165813.34,2025-05-15 10:28:00,Daniel W.,False,
T100342,V1112,Grant Inc,Marketing,INV-93695,105517.75,2025-05-15 12:37:00,Steven E.,False,
T103571,V1118,Nelson LLC,Procurement,INV-14230,131819.05,2025-05-15 12:41:00,Bradley M.,False,
T100546,V1069,"Riggs, Roman and Rice",IT,INV-68493,107353.59,2025-05-15 12:49:00,Michael R.,False,
T100107,V1139,Oconnell Inc,HR,INV-67912,94449.5,2025-05-15 13:10:00,Molly M.,False,
T105848,V1050,Ramos PLC,Procurement,INV-50729,77917.87,2025-05-15 13:10:00,Gerald F.,False,
T101454,V1139,Oconnell Inc,IT,INV-20490,63615.45,2025-05-15 13:14:00,David B.,False,
T102356,V1033,Koch-Decker,Legal,INV-44571,60006.38,2025-05-15 13:39:00,Ann I.,False,
T103057,V1104,Campbell Ltd,Facilities,INV-97337,85762.55,2025-05-15 13:44:00,Andrew C.,False,
T101374,V1127,Price Ltd,HR,INV-20022,96629.38,2025-05-15 13:46:00,Cynthia C.,False,
T104301,V1139,Oconnell Inc,Legal,INV-31049,40818.9,2025-05-15 13:49:00,Ashley M.,False,
T103619,V1033,Koch-Decker,Legal,INV-87458,44627.64,2025-05-15 13:51:00,Destiny S.,False,
T103326,V1120,Mccarthy Inc,Facilities,INV-22160,30603.01,2025-05-15 13:57:00,Holly R.,False,
T105408,V1104,Campbell Ltd,Marketing,INV-78679,36659.17,2025-05-15 15:01:00,Rachel C.,False,
T103272,V1121,Daniels-Perry,HR,INV-10481,32000.3,2025-05-15 15:33:00,Gabriel J.,False,
T104231,V1118,Nelson LLC,Marketing,INV-25442,138253.21,2025-05-15 15:34:00,Faith M.,False,
T101542,V1001,Rhodes PLC,Facilities,INV-21050,122088.32,2025-05-15 15:39:00,Brian B.,False,
T105807,V1067,Ibarra-Suarez,Operations,INV-22761,22994.31,2025-05-15 16:07:00,Debra H.,False,
T101934,V1012,Delacruz Group,Operations,INV-66981,25590.28,2025-05-15 16:09:00,Karen T.,False,
T101208,V1075,Smith and Sons,Operations,INV-36433,16635.93,2025-05-15 16:53:00,Nicholas G.,False,
T104050,V1025,James-Ferrell,Legal,INV-85997,17975.64,2025-05-15 17:48:00,Eric A.,False,
T105423,V1055,Horton-Cross,Procurement,INV-32111,106878.08,2025-05-16 07:37:00,Judith C.,False,
T104204,V1069,"Riggs, Roman and Rice",IT,INV-13732,119847.11,2025-05-16 07:39:00,Theresa J.,False,
T100578,V1120,Mccarthy Inc,Facilities,INV-84991,40880.88,2025-05-16 08:41:00,Linda S.,False,
T100618,V1053,Barrera-Martin,Legal,INV-85821,19630.68,2025-05-16 08:41:00,Ashley D.,False,
T100301,V1101,Torres and Sons,Operations,INV-62098,3466.29,2025-05-16 11:21:00,Eric C.,False,
T103112,V1139,Oconnell Inc,Facilities,INV-63522,93956.29,2025-05-16 11:46:00,Eddie H.,False,
T104054,V1034,Allen PLC,IT,INV-94152,58636.95,2025-05-16 12:06:00,Michael D.,False,
T101960,V1068,Kim PLC,Marketing,INV-19096,99.22,2025-05-16 12:11:00,Tara M.,False,
T100091,V1055,Horton-Cross,Facilities,INV-98039,50115.7,2025-05-16 12:25:00,Brenda S.,False,
T101089,V1052,Martin Group,HR,INV-81319,48044.82,2025-05-16 13:05:00,Luis M.,False,
T103302,V1088,Johnson and Sons,Legal,INV-64357,45217.18,2025-05-16 13:19:00,William A.,False,
T103026,V1069,"Riggs, Roman and Rice",Procurement,INV-92729,29568.0,2025-05-16 14:13:00,Paula S.,False,
T100031,V1134,"Williams, Crane and Walker",Facilities,INV-83579,63354.01,2025-05-16 15:08:00,John A.,False,
T100052,V1009,"Martinez, Nielsen and Miller",Legal,INV-89507,17134.61,2025-05-16 15:33:00,Curtis S.,False,
T101417,V1050,Ramos PLC,HR,INV-99861,89241.69,2025-05-16 16:10:00,Sean M.,False,
T103390,V1126,Freeman LLC,HR,INV-90314,53209.34,2025-05-16 16:21:00,John W.,False,
T101080,V1001,Rhodes PLC,IT,INV-48980,120189.57,2025-05-16 17:42:00,Emily W.,False,
T100369,V1104,Campbell Ltd,Facilities,INV-65176,51998.67,2025-05-16 19:03:00,Matthew R.,False,
T102507,V1047,"Garcia, Powell and Morgan",Marketing,INV-93422,3516.15,2025-05-16 19:37:00,Tracy S.,False,
T102064,V1094,"Lee, Williams and Graham",Operations,INV-81098,17386.01,2025-05-19 07:44:00,Timothy G.,False,
T105142,V1001,Rhodes PLC,Marketing,INV-38909,137733.72,2025-05-19 08:10:00,James J.,False,
T101696,V1073,"Walters, Baker and Freeman",Marketing,INV-95820,44352.86,2025-05-19 09:03:00,Paige S.,False,
T103610,V1094,"Lee, Williams and Graham",Operations,INV-60354,13146.55,2025-05-19 09:17:00,Susan D.,False,
T103811,V1088,Johnson and Sons,IT,INV-90622,28195.13,2025-05-19 10:33:00,Maria J.,False,
T102986,V1086,Garrison and Sons,Operations,INV-24416,8439.53,2025-05-19 11:07:00,Ryan C.,False,
T104582,V1073,"Walters, Baker and Freeman",Facilities,INV-12841,51876.13,2025-05-19 11:21:00,Margaret M.,False,
T101205,V1069,"Riggs, Roman and Rice",Operations,INV-27978,27837.16,2025-05-19 11:39:00,Anna P.,False,
T104829,V1052,Martin Group,Operations,INV-70172,65985.09,2025-05-19 11:59:00,Victoria H.,False,
T100976,V1076,Martin-Ramos,Procurement,INV-84912,62461.59,2025-05-19 12:52:00,Joshua R.,False,
T105399,V1104,Campbell Ltd,Marketing,INV-67756,112534.28,2025-05-19 13:01:00,Jennifer N.,False,
T102013,V1028,Chavez Ltd,Marketing,INV-64005,7174.63,2025-05-19 13:33:00,Dalton S.,False,
T100222,V1135,"Williams, Johnson and Wright",IT,INV-40217,710.04,2025-05-19 14:19:00,Heather F.,False,
T104527,V1118,Nelson LLC,Marketing,INV-53992,37524.81,2025-05-19 15:44:00,Tyler J.,False,
T104098,V1035,Dennis Inc,HR,INV-33138,37086.86,2025-05-19 19:31:00,Randall G.,False,
T101548,V1088,Johnson and Sons,Marketing,INV-27709,52305.25,2025-05-20 07:35:00,Shaun J.,False,
T105148,V1092,Johnson-Carlson,HR,INV-77696,18551.17,2025-05-20 07:55:00,Larry C.,False,
T103858,V1053,Barrera-Martin,HR,INV-46038,27665.68,2025-05-20 09:02:00,Darlene K.,False,
T102148,V1018,Clark PLC,Marketing,INV-93394,2220.44,2025-05-20 10:23:00,Tanya S.,False,
T100413,V1043,"Young, Caldwell and Lewis",HR,INV-65576,30826.91,2025-05-20 10:28:00,Mariah D.,False,
T103890,V1050,Ramos PLC,Facilities,INV-33214,52248.3,2025-05-20 10:56:00,Hailey B.,False,
T102278,V1035,Dennis Inc,Procurement,INV-43868,17405.14,2025-05-20 11:08:00,Jamie J.,False,
T104862,V1024,Conner Group,HR,INV-74424,1950.1,2025-05-20 12:13:00,Tiffany H.,False,
T104688,V1001,Rhodes PLC,Procurement,INV-83823,128620.52,2025-05-20 13:17:00,Crystal J.,False,
T101939,V1134,"Williams, Crane and Walker",IT,INV-45007,78146.45,2025-05-20 13:21:00,Theresa E.,False,
T100489,V1080,Fleming Ltd,Operations,INV-29313,15028.28,2025-05-20 13:28:00,Joshua H.,False,
T100257,V1050,Ramos PLC,Operations,INV-74722,125079.65,2025-05-20 13:32:00,Yolanda B.,False,
T104485,V1055,Horton-Cross,HR,INV-83841,74930.88,2025-05-20 13:47:00,Timothy D.,False,
T102771,V1069,"Riggs, Roman and Rice",Marketing,INV-56935,214663.22,2025-05-20 14:09:00,Julie R.,False,
T104612,V1073,"Walters, Baker and Freeman",Marketing,INV-51178,46543.49,2025-05-20 14:20:00,Donald M.,False,
T103420,V1113,Contreras-Travis,Procurement,INV-16440,17989.88,2025-05-20 15:23:00,William P.,False,
T100965,V1020,"Ellis, Baker and Wright",Procurement,INV-44465,3356.02,2025-05-20 15:33:00,Michelle B.,False,
T104271,V1043,"Young, Caldwell and Lewis",Marketing,INV-43482,44682.58,2025-05-20 16:02:00,Morgan C.,False,
T103192,V1011,Stanley LLC,Operations,INV-59487,38713.92,2025-05-20 16:05:00,Autumn L.,False,
T101023,V1033,Koch-Decker,Marketing,INV-29481,46248.57,2025-05-21 07:17:00,Chelsey M.,False,
T105927,V1120,Mccarthy Inc,Marketing,INV-99263,26231.65,2025-05-21 07:53:00,Jennifer N.,False,
T101724,V1116,Larsen LLC,Legal,INV-34632,21179.77,2025-05-21 09:09:00,Alexandra B.,False,
T103063,V1070,"Evans, Alvarado and Mcmillan",Facilities,INV-65876,23662.87,2025-05-21 09:12:00,Carrie H.,False,
T105791,V1069,"Riggs, Roman and Rice",Operations,INV-26391,104465.25,2025-05-21 09:34:00,Sara Y.,False,
T103985,V1016,"Hawkins, Cohen and Cameron",HR,INV-34341,551.53,2025-05-21 09:47:00,Patricia H.,False,
T102704,V1121,Daniels-Perry,HR,INV-89171,32077.15,2025-05-21 10:12:00,Adam F.,False,
T103630,V1001,Rhodes PLC,IT,INV-96406,53057.14,2025-05-21 10:23:00,Sandra W.,False,
T105475,V1053,Barrera-Martin,Legal,INV-20222,33446.95,2025-05-21 10:24:00,Zachary W.,False,
T102752,V1116,Larsen LLC,HR,INV-80482,19288.5,2025-05-21 10:56:00,Don R.,False,
T100571,V1011,Stanley LLC,HR,INV-49691,61232.15,2025-05-21 11:08:00,Cindy C.,False,
T104869,V1055,Horton-Cross,HR,INV-48099,109112.94,2025-05-21 11:15:00,Kristie H.,False,
T105036,V1017,Underwood LLC,Legal,INV-81636,4433.89,2025-05-21 11:34:00,Mary J.,False,
T101608,V1011,Stanley LLC,Legal,INV-88470,121726.22,2025-05-21 11:55:00,Gregory K.,False,
T102990,V1076,Martin-Ramos,Procurement,INV-59434,17536.52,2025-05-21 12:00:00,Anthony C.,False,
T100715,V1052,Martin Group,Operations,INV-87550,122095.63,2025-05-21 12:03:00,Nancy C.,False,
T103628,V1070,"Evans, Alvarado and Mcmillan",Facilities,INV-81146,24648.18,2025-05-21 12:05:00,Cody N.,False,
T100636,V1115,"Griffin, Moore and Hensley",Procurement,INV-85166,82556.59,2025-05-21 12:18:00,Debra A.,False,
T105316,V1050,Ramos PLC,IT,INV-64823,89297.43,2025-05-21 12:21:00,Christopher A.,False,
T104127,V1062,Donovan-Harris,Procurement,INV-41868,60942.22,2025-05-21 13:06:00,Amy G.,False,
T102950,V1034,Allen PLC,HR,INV-22393,109440.55,2025-05-21 13:44:00,Marvin H.,False,
T101495,V1053,Barrera-Martin,Facilities,INV-76995,39971.43,2025-05-21 14:31:00,Carol M.,False,
T100761,V1050,Ramos PLC,IT,INV-12246,102499.11,2025-05-21 15:34:00,Deborah P.,False,
T105185,V1027,"Potter, Mack and Peterson",Facilities,INV-30572,5906.95,2025-05-21 16:12:00,Daniel H.,False,
T105021,V1104,Campbell Ltd,Marketing,INV-79302,67368.03,2025-05-21 16:33:00,Victoria L.,False,
T104756,V1073,"Walters, Baker and Freeman",Operations,INV-60879,12854.51,2025-05-21 16:44:00,Brian B.,False,
T103260,V1011,Stanley LLC,Procurement,INV-49103,54274.52,2025-05-21 18:25:00,Kyle C.,False,
T104299,V1063,Baker and Sons,Legal,INV-16265,871.19,2025-05-22 07:28:00,Kristen S.,False,
T106141,V1109,"Horton, Snyder and Sanchez",HR,INV-29564,2527.48,2025-05-22 07:59:00,Christy G.,True,statistical_outlier
T101958,V1001,Rhodes PLC,Procurement,INV-60174,68918.86,2025-05-22 08:49:00,John P.,False,
T103460,V1055,Horton-Cross,Facilities,INV-15387,55031.31,2025-05-22 09:19:00,Lauren H.,False,
T101117,V1055,Horton-Cross,Facilities,INV-91034,92247.98,2025-05-22 10:25:00,Dana F.,False,
T101708,V1120,Mccarthy Inc,Procurement,INV-92023,20845.04,2025-05-22 10:51:00,William M.,False,
T103526,V1134,"Williams, Crane and Walker",Facilities,INV-56890,37126.01,2025-05-22 11:00:00,Jeremiah S.,False,
T104835,V1088,Johnson and Sons,Operations,INV-65114,52147.48,2025-05-22 11:32:00,James H.,False,
T104608,V1086,Garrison and Sons,Facilities,INV-57681,9402.98,2025-05-22 11:45:00,Michael O.,False,
T101651,V1024,Conner Group,Operations,INV-77013,2899.6,2025-05-22 11:58:00,Gary E.,False,
T102741,V1011,Stanley LLC,Procurement,INV-28702,141232.61,2025-05-22 12:12:00,Kimberly J.,False,
T100226,V1035,Dennis Inc,Operations,INV-78765,28993.12,2025-05-22 12:46:00,Sheila R.,False,
T104624,V1137,Marshall LLC,HR,INV-89500,24267.08,2025-05-22 13:12:00,Michelle M.,False,
T105665,V1012,Delacruz Group,Marketing,INV-57056,31981.45,2025-05-22 13:12:00,Amanda R.,False,
T105951,V1104,Campbell Ltd,Legal,INV-82133,67718.07,2025-05-22 13:26:00,Anthony A.,False,
T103986,V1139,Oconnell Inc,HR,INV-15995,91826.61,2025-05-22 13:32:00,Joseph M.,False,
T100358,V1067,Ibarra-Suarez,Procurement,INV-69600,30869.33,2025-05-22 14:12:00,Jacob J.,False,
T101152,V1112,Grant Inc,IT,INV-46291,34076.29,2025-05-22 14:40:00,Brent G.,False,
T103423,V1035,Dennis Inc,Operations,INV-74699,26319.95,2025-05-22 15:33:00,Terrance M.,False,
T100703,V1120,Mccarthy Inc,HR,INV-24790,17215.13,2025-05-22 16:12:00,Shane S.,False,
T104845,V1051,"Kidd, Huff and Novak",Marketing,INV-41546,28420.02,2025-05-22 16:18:00,Daniel L.,False,
T105277,V1062,Donovan-Harris,HR,INV-27596,60723.75,2025-05-22 16:21:00,Sarah H.,False,
T104159,V1052,Martin Group,Marketing,INV-29949,62936.82,2025-05-22 17:29:00,Dana T.,False,
T100162,V1101,Torres and Sons,Legal,INV-78327,10574.91,2025-05-22 17:49:00,Brian H.,False,
T103723,V1001,Rhodes PLC,HR,INV-77219,48149.43,2025-05-22 19:29:00,Ryan T.,False,
T104278,V1088,Johnson and Sons,IT,INV-93920,42772.92,2025-05-22 19:57:00,Matthew M.,False,
T103720,V1052,Martin Group,HR,INV-25264,109075.1,2025-05-23 08:46:00,Travis D.,False,
T103107,V1007,Davis Inc,Facilities,INV-45446,38284.31,2025-05-23 08:59:00,Jacob J.,False,
T105912,V1052,Martin Group,IT,INV-97821,241281.01,2025-05-23 09:16:00,Erin M.,False,
T106039,V1064,Bryant-Hickman,Facilities,INV-25147,9875.58,2025-05-23 09:30:00,Renee K.,True,just_below_threshold
T102205,V1127,Price Ltd,HR,INV-86273,31484.85,2025-05-23 09:48:00,Brian B.,False,
T102611,V1115,"Griffin, Moore and Hensley",Marketing,INV-79784,61890.23,2025-05-23 09:58:00,Zachary K.,False,
T100071,V1043,"Young, Caldwell and Lewis",Facilities,INV-19880,70431.9,2025-05-23 10:29:00,Eric O.,False,
T100857,V1092,Johnson-Carlson,HR,INV-18200,13505.71,2025-05-23 11:48:00,Tyler J.,False,
T100124,V1136,"Hernandez, Martinez and Caldwell",HR,INV-76768,1536.34,2025-05-23 12:22:00,James G.,False,
T103253,V1134,"Williams, Crane and Walker",Procurement,INV-81444,47609.4,2025-05-23 12:29:00,Anthony T.,False,
T101304,V1139,Oconnell Inc,IT,INV-27048,122343.85,2025-05-23 12:35:00,Kevin M.,False,
T103612,V1011,Stanley LLC,Operations,INV-60323,145193.35,2025-05-23 12:54:00,Jennifer W.,False,
T102296,V1055,Horton-Cross,Legal,INV-28993,48980.28,2025-05-23 12:56:00,Larry M.,False,
T102209,V1094,"Lee, Williams and Graham",Legal,INV-69589,17880.54,2025-05-23 13:09:00,Daniel C.,False,
T100264,V1034,Allen PLC,Operations,INV-67132,77511.18,2025-05-23 13:11:00,Carla P.,False,
T104773,V1069,"Riggs, Roman and Rice",Operations,INV-65345,52156.59,2025-05-23 13:27:00,Rhonda S.,False,
T106136,V1044,"Johnston, Sanchez and Kennedy",Marketing,INV-46537,5027.46,2025-05-23 14:17:00,Savannah H.,True,statistical_outlier
T100903,V1088,Johnson and Sons,IT,INV-69597,32000.25,2025-05-23 14:44:00,Jessica B.,False,
T105202,V1048,Lee PLC,IT,INV-89466,6767.03,2025-05-23 15:20:00,Garrett T.,False,
T102279,V1033,Koch-Decker,Operations,INV-33066,24940.53,2025-05-23 15:42:00,Paul H.,False,
T105806,V1033,Koch-Decker,IT,INV-74958,79867.79,2025-05-23 15:48:00,Andrew W.,False,
T102178,V1062,Donovan-Harris,IT,INV-56163,37732.87,2025-05-23 16:37:00,Paula K.,False,
T103869,V1073,"Walters, Baker and Freeman",Facilities,INV-95865,41746.12,2025-05-23 17:54:00,Kristen M.,False,
T106055,V1047,"Garcia, Powell and Morgan",Marketing,INV-57199,3773.54,2025-05-24 01:45:00,Andrew M.,True,weekend_after_hours
T103363,V1007,Davis Inc,Facilities,INV-79109,61271.3,2025-05-26 08:38:00,Carrie T.,False,
T103988,V1033,Koch-Decker,Procurement,INV-63370,62087.47,2025-05-26 09:17:00,Donald B.,False,
T103944,V1121,Daniels-Perry,Marketing,INV-98509,38639.71,2025-05-26 09:19:00,Barbara M.,False,
T100657,V1076,Martin-Ramos,HR,INV-81211,18901.29,2025-05-26 09:29:00,Emily L.,False,
T100937,V1134,"Williams, Crane and Walker",HR,INV-13515,67457.26,2025-05-26 09:49:00,Amanda E.,False,
T104009,V1094,"Lee, Williams and Graham",HR,INV-74324,18212.49,2025-05-26 10:35:00,Christina D.,False,
T102367,V1070,"Evans, Alvarado and Mcmillan",Legal,INV-32058,13689.6,2025-05-26 11:11:00,Deborah T.,False,
T102122,V1088,Johnson and Sons,IT,INV-50381,17172.09,2025-05-26 11:22:00,Denise C.,False,
T101695,V1069,"Riggs, Roman and Rice",Legal,INV-90997,128341.68,2025-05-26 12:12:00,Michael S.,False,
T104431,V1050,Ramos PLC,IT,INV-47316,66531.74,2025-05-26 12:34:00,Jacob S.,False,
T102385,V1120,Mccarthy Inc,Legal,INV-95729,26413.12,2025-05-26 12:41:00,Karen R.,False,
T105529,V1069,"Riggs, Roman and Rice",Legal,INV-21421,125084.74,2025-05-26 12:49:00,Amber C.,False,
T105368,V1002,Johnson-Davis,Procurement,INV-55178,13643.36,2025-05-26 12:52:00,Chad G.,False,
T105137,V1069,"Riggs, Roman and Rice",Facilities,INV-65856,87852.96,2025-05-26 13:17:00,Rachael J.,False,
T105086,V1094,"Lee, Williams and Graham",Facilities,INV-22199,23426.79,2025-05-26 13:20:00,Jo G.,False,
T101434,V1052,Martin Group,Operations,INV-63562,62209.23,2025-05-26 13:38:00,Audrey S.,False,
T102373,V1053,Barrera-Martin,HR,INV-25989,38231.97,2025-05-26 13:43:00,Cindy G.,False,
T101468,V1001,Rhodes PLC,Legal,INV-83284,86714.07,2025-05-26 13:46:00,Stephanie M.,False,
T100479,V1055,Horton-Cross,HR,INV-68841,77883.79,2025-05-26 13:48:00,Kara M.,False,
T100097,V1139,Oconnell Inc,Marketing,INV-81200,256756.55,2025-05-26 14:10:00,Lisa C.,False,
T101138,V1053,Barrera-Martin,Marketing,INV-16507,75141.05,2025-05-26 15:01:00,Stephanie B.,False,
T102664,V1050,Ramos PLC,Facilities,INV-44340,131800.61,2025-05-26 15:11:00,Shane C.,False,
T100463,V1092,Johnson-Carlson,HR,INV-96057,21999.15,2025-05-26 15:16:00,Scott H.,False,
T105468,V1033,Koch-Decker,Marketing,INV-92059,32393.35,2025-05-26 15:22:00,Kevin M.,False,
T104100,V1001,Rhodes PLC,IT,INV-44629,59740.14,2025-05-26 15:41:00,Eddie M.,False,
T103826,V1050,Ramos PLC,Legal,INV-65858,52607.2,2025-05-26 15:52:00,Roberto K.,False,
T103783,V1134,"Williams, Crane and Walker",HR,INV-79888,63567.04,2025-05-26 16:58:00,Stephanie L.,False,
T102520,V1033,Koch-Decker,Facilities,INV-74067,53951.58,2025-05-26 17:13:00,Amy M.,False,
T100488,V1120,Mccarthy Inc,Legal,INV-31012,30859.06,2025-05-26 18:05:00,Michael E.,False,
T103289,V1134,"Williams, Crane and Walker",Operations,INV-23005,45562.25,2025-05-26 18:44:00,Patrick D.,False,
T101413,V1043,"Young, Caldwell and Lewis",Facilities,INV-68877,37130.97,2025-05-26 19:05:00,Kelsey D.,False,
T104558,V1116,Larsen LLC,Marketing,INV-42892,12300.6,2025-05-27 07:13:00,Jeffrey M.,False,
T105893,V1053,Barrera-Martin,Operations,INV-90580,50460.9,2025-05-27 08:49:00,Michael M.,False,
T100142,V1050,Ramos PLC,Marketing,INV-86019,58661.39,2025-05-27 09:13:00,Tammie M.,False,
T101836,V1011,Stanley LLC,Operations,INV-51831,85704.02,2025-05-27 09:17:00,Jacob B.,False,
T104700,V1088,Johnson and Sons,Procurement,INV-88387,42753.13,2025-05-27 10:23:00,Ashley L.,False,
T100164,V1134,"Williams, Crane and Walker",IT,INV-54020,81156.33,2025-05-27 11:15:00,Robert M.,False,
T103154,V1075,Smith and Sons,Procurement,INV-45532,9621.35,2025-05-27 11:22:00,Daniel P.,False,
T101460,V1048,Lee PLC,Procurement,INV-88579,3763.19,2025-05-27 12:12:00,Michelle H.,False,
T101290,V1011,Stanley LLC,IT,INV-29192,129525.64,2025-05-27 12:43:00,Kristi D.,False,
T101286,V1081,"Henson, Russell and Oliver",Legal,INV-65363,14023.03,2025-05-27 12:56:00,Daniel H.,False,
T103703,V1134,"Williams, Crane and Walker",Marketing,INV-51756,25574.84,2025-05-27 13:20:00,John L.,False,
T102098,V1104,Campbell Ltd,Facilities,INV-97340,49654.74,2025-05-27 14:11:00,Nicole H.,False,
T100948,V1084,Pham-Shields,HR,INV-75673,486.9,2025-05-27 14:40:00,Laura W.,False,
T102272,V1134,"Williams, Crane and Walker",Facilities,INV-43612,21854.52,2025-05-27 14:41:00,Rebecca M.,False,
T101114,V1011,Stanley LLC,Operations,INV-55071,127423.23,2025-05-27 14:55:00,Robert H.,False,
T103549,V1118,Nelson LLC,Facilities,INV-31245,54267.44,2025-05-27 16:14:00,Robert P.,False,
T103073,V1134,"Williams, Crane and Walker",IT,INV-89498,43470.35,2025-05-27 17:30:00,Sarah R.,False,
T102810,V1034,Allen PLC,Procurement,INV-40016,82312.37,2025-05-28 07:48:00,Brittney A.,False,
T103567,V1101,Torres and Sons,Operations,INV-85413,9324.5,2025-05-28 08:04:00,Hayden W.,False,
T103623,V1009,"Martinez, Nielsen and Miller",Operations,INV-70752,11687.31,2025-05-28 10:54:00,Nicole J.,False,
T100650,V1127,Price Ltd,IT,INV-94659,54141.9,2025-05-28 11:20:00,Danielle W.,False,
T100316,V1078,"Johnson, Wood and Tran",Operations,INV-30706,1811.09,2025-05-28 11:43:00,David J.,False,
T103467,V1011,Stanley LLC,Legal,INV-48630,81374.93,2025-05-28 12:04:00,Kathryn M.,False,
T101791,V1139,Oconnell Inc,Operations,INV-51482,56969.91,2025-05-28 12:27:00,William H.,False,
T104449,V1086,Garrison and Sons,Facilities,INV-28790,19096.03,2025-05-28 12:35:00,Joel S.,False,
T102745,V1050,Ramos PLC,Marketing,INV-55453,89295.45,2025-05-28 12:41:00,Angelica N.,False,
T102334,V1052,Martin Group,Marketing,INV-60079,79038.95,2025-05-28 12:47:00,Danny C.,False,
T105461,V1112,Grant Inc,Operations,INV-12118,53608.27,2025-05-28 12:50:00,William S.,False,
T106092,V9999,Meridian Consulting Partners LLC,Operations,INV-86159,6661.55,2025-05-28 13:19:00,Marcus T.,True,fabricated_invoice_benford
T100275,V1080,Fleming Ltd,HR,INV-73532,25520.12,2025-05-28 13:28:00,Christopher M.,False,
T100255,V1050,Ramos PLC,Procurement,INV-71433,71133.23,2025-05-28 13:28:00,Donna T.,False,
T100249,V1033,Koch-Decker,IT,INV-69510,105776.29,2025-05-28 13:45:00,David F.,False,
T103432,V1115,"Griffin, Moore and Hensley",Procurement,INV-22352,34985.78,2025-05-28 13:46:00,Heather M.,False,
T100268,V1030,Harrell LLC,Marketing,INV-82102,7224.02,2025-05-28 14:42:00,Andrea G.,False,
T104905,V1043,"Young, Caldwell and Lewis",Operations,INV-74219,38851.29,2025-05-28 15:29:00,Brandon H.,False,
T102191,V1069,"Riggs, Roman and Rice",HR,INV-15322,115349.42,2025-05-28 15:35:00,Brett P.,False,
T100602,V1055,Horton-Cross,Marketing,INV-76093,130534.25,2025-05-28 16:04:00,Melinda L.,False,
T105947,V1139,Oconnell Inc,HR,INV-40832,177090.74,2025-05-28 17:03:00,Brian J.,False,
T100634,V1120,Mccarthy Inc,Facilities,INV-74094,19142.29,2025-05-28 18:45:00,Eric D.,False,
T101766,V1075,Smith and Sons,Facilities,INV-25408,5370.08,2025-05-28 19:40:00,Thomas B.,False,
T103765,V1118,Nelson LLC,Facilities,INV-59005,57695.43,2025-05-29 07:51:00,Shelly A.,False,
T100638,V1079,Parker Inc,IT,INV-20358,427.41,2025-05-29 08:02:00,Brian M.,False,
T104415,V1075,Smith and Sons,Facilities,INV-96454,8090.23,2025-05-29 09:00:00,Jennifer H.,False,
T103476,V1051,"Kidd, Huff and Novak",Procurement,INV-72020,16090.79,2025-05-29 09:14:00,Nicole P.,False,
T103223,V1115,"Griffin, Moore and Hensley",Operations,INV-66479,50542.93,2025-05-29 10:23:00,Jennifer P.,False,
T100655,V1038,"Campos, Vaughn and Marquez",Procurement,INV-11214,6008.66,2025-05-29 10:56:00,Jennifer S.,False,
T102108,V1095,"Mcdaniel, Bentley and Mclaughlin",Operations,INV-97410,6710.25,2025-05-29 11:48:00,Michael T.,False,
T105948,V1112,Grant Inc,IT,INV-95180,45179.37,2025-05-29 11:59:00,Stacey W.,False,
T103025,V1136,"Hernandez, Martinez and Caldwell",Marketing,INV-48475,2469.04,2025-05-29 12:19:00,Tanner W.,False,
T104497,V1075,Smith and Sons,Procurement,INV-83647,16633.67,2025-05-29 12:19:00,Diana A.,False,
T105335,V1134,"Williams, Crane and Walker",Procurement,INV-25181,79519.71,2025-05-29 12:47:00,Gloria S.,False,
T105346,V1115,"Griffin, Moore and Hensley",Operations,INV-33826,51574.39,2025-05-29 13:18:00,Jacob J.,False,
T101358,V1112,Grant Inc,Procurement,INV-42858,98943.27,2025-05-29 13:42:00,Wanda C.,False,
T105280,V1007,Davis Inc,HR,INV-17539,34493.29,2025-05-29 13:43:00,Chelsea C.,False,
T101670,V1073,"Walters, Baker and Freeman",Marketing,INV-29400,18106.89,2025-05-29 13:50:00,Brittany V.,False,
T103094,V1055,Horton-Cross,Operations,INV-17968,39309.76,2025-05-29 14:02:00,Christian H.,False,
T102430,V1011,Stanley LLC,Marketing,INV-62386,43600.63,2025-05-29 14:02:00,Connor S.,False,
T104649,V1121,Daniels-Perry,Procurement,INV-97771,107437.7,2025-05-29 14:31:00,Brianna R.,False,
T102133,V1069,"Riggs, Roman and Rice",Marketing,INV-15535,197108.35,2025-05-29 14:35:00,Teresa A.,False,
T100894,V1139,Oconnell Inc,IT,INV-77425,32200.16,2025-05-29 14:36:00,Daniel G.,False,
T103694,V1050,Ramos PLC,Marketing,INV-27643,209640.21,2025-05-29 14:48:00,Michael F.,False,
T105603,V1104,Campbell Ltd,Procurement,INV-84847,81356.82,2025-05-29 15:15:00,Anthony J.,False,
T105025,V1093,Graham-Joyce,Legal,INV-69826,3244.26,2025-05-29 15:34:00,Kellie W.,False,
T101280,V1012,Delacruz Group,IT,INV-98129,52586.2,2025-05-29 15:43:00,Jessica A.,False,
T101341,V1023,Campos Inc,HR,INV-49498,1444.33,2025-05-29 15:50:00,Cindy S.,False,
T101381,V1118,Nelson LLC,Marketing,INV-75683,20909.38,2025-05-29 17:08:00,Patricia H.,False,
T103498,V1070,"Evans, Alvarado and Mcmillan",Marketing,INV-53425,35261.83,2025-05-29 17:36:00,Amy M.,False,
T100590,V1043,"Young, Caldwell and Lewis",Legal,INV-90658,64226.85,2025-05-29 18:24:00,Candice B.,False,
T103216,V1097,Alvarado-Martinez,Facilities,INV-99440,3529.09,2025-05-29 19:10:00,Jessica S.,False,
T103106,V1113,Contreras-Travis,HR,INV-29416,32453.15,2025-05-30 07:02:00,Lisa H.,False,
T104985,V1034,Allen PLC,Legal,INV-78955,76381.19,2025-05-30 07:39:00,David F.,False,
T105267,V1126,Freeman LLC,Marketing,INV-30535,68270.74,2025-05-30 09:40:00,Kelly B.,False,
T102088,V1118,Nelson LLC,Procurement,INV-12888,29360.29,2025-05-30 10:12:00,Victoria N.,False,
T105281,V1035,Dennis Inc,Facilities,INV-38329,50919.25,2025-05-30 10:15:00,Lisa G.,False,
T104274,V1134,"Williams, Crane and Walker",Operations,INV-23506,132074.08,2025-05-30 11:14:00,Daniel W.,False,
T103781,V1025,James-Ferrell,Procurement,INV-39131,19456.78,2025-05-30 11:27:00,Patrick R.,False,
T100982,V1020,"Ellis, Baker and Wright",Legal,INV-49834,12590.27,2025-05-30 11:36:00,Nicholas J.,False,
T104396,V1118,Nelson LLC,Marketing,INV-62984,38503.77,2025-05-30 11:40:00,Rebecca K.,False,
T102460,V1104,Campbell Ltd,Marketing,INV-76308,30989.42,2025-05-30 12:45:00,Paul F.,False,
T101560,V1050,Ramos PLC,Facilities,INV-10946,52244.6,2025-05-30 13:38:00,Cynthia M.,False,
T101087,V1139,Oconnell Inc,Marketing,INV-25139,34582.04,2025-05-30 14:05:00,Diana W.,False,
T100506,V1081,"Henson, Russell and Oliver",Procurement,INV-90584,12367.07,2025-05-30 14:27:00,Laura Y.,False,
T104047,V1069,"Riggs, Roman and Rice",Marketing,INV-15230,257519.53,2025-05-30 14:51:00,Shelly M.,False,
T102753,V1107,Riggs PLC,Procurement,INV-38476,30107.19,2025-05-30 15:42:00,Vanessa M.,False,
T104513,V1069,"Riggs, Roman and Rice",Legal,INV-20888,41291.26,2025-05-30 15:45:00,Scott W.,False,
T104706,V1118,Nelson LLC,Legal,INV-98166,78621.93,2025-05-30 16:09:00,Rachel C.,False,
T105113,V1052,Martin Group,Facilities,INV-63021,62585.23,2025-05-30 16:22:00,James W.,False,
T104061,V1069,"Riggs, Roman and Rice",HR,INV-30749,61096.45,2025-05-30 17:19:00,Bruce C.,False,
T106129,V9998,Quantum Edge Supply Co.,IT,INV-81760,44435.42,2025-06-02 00:00:00,Marcus T.,True,shell_vendor_spike
T106124,V9998,Quantum Edge Supply Co.,IT,INV-60032,33012.35,2025-06-02 00:00:00,Marcus T.,True,shell_vendor_spike
T106125,V9998,Quantum Edge Supply Co.,IT,INV-16598,38261.14,2025-06-02 00:00:00,Marcus T.,True,shell_vendor_spike
T106121,V9998,Quantum Edge Supply Co.,IT,INV-87141,41779.56,2025-06-02 00:00:00,Marcus T.,True,shell_vendor_spike
T101777,V1112,Grant Inc,Procurement,INV-16426,61080.68,2025-06-02 07:21:00,William H.,False,
T100044,V1001,Rhodes PLC,HR,INV-76540,226341.74,2025-06-02 07:53:00,Brittany W.,False,
T103381,V1094,"Lee, Williams and Graham",Marketing,INV-74662,19500.35,2025-06-02 09:44:00,Matthew B.,False,
T100864,V1069,"Riggs, Roman and Rice",Operations,INV-87354,81425.5,2025-06-02 10:58:00,Kevin M.,False,
T102408,V1034,Allen PLC,Operations,INV-69637,72337.44,2025-06-02 11:20:00,Renee S.,False,
T105095,V1011,Stanley LLC,Operations,INV-96232,61612.35,2025-06-02 11:58:00,Kevin W.,False,
T100582,V1094,"Lee, Williams and Graham",Procurement,INV-17852,25228.56,2025-06-02 12:29:00,Christina K.,False,
T103562,V1073,"Walters, Baker and Freeman",Procurement,INV-75367,37711.6,2025-06-02 13:06:00,Christopher L.,False,
T101192,V1007,Davis Inc,Marketing,INV-78195,60407.6,2025-06-02 13:18:00,Christina D.,False,
T102552,V1118,Nelson LLC,Procurement,INV-51948,41865.74,2025-06-02 13:24:00,Jason K.,False,
T100700,V1012,Delacruz Group,HR,INV-81361,24183.75,2025-06-02 13:29:00,Derek M.,False,
T100173,V1052,Martin Group,Marketing,INV-64921,102868.25,2025-06-02 13:48:00,Sierra H.,False,
T104665,V1069,"Riggs, Roman and Rice",HR,INV-98369,63440.69,2025-06-02 13:53:00,Anna S.,False,
T105264,V1025,James-Ferrell,Procurement,INV-41813,15581.57,2025-06-02 14:10:00,Mike S.,False,
T101154,V1087,Bailey-Hoover,Facilities,INV-77802,6826.24,2025-06-02 14:12:00,Tyler R.,False,
T101589,V1092,Johnson-Carlson,IT,INV-16827,51374.26,2025-06-02 14:12:00,Nicole J.,False,
T105843,V1118,Nelson LLC,Operations,INV-42796,68115.02,2025-06-02 14:33:00,Cody S.,False,
T100656,V1139,Oconnell Inc,Operations,INV-24064,30587.7,2025-06-02 15:36:00,Matthew P.,False,
T104619,V1102,"Lawson, Morris and Ramos",Facilities,INV-28882,2592.41,2025-06-02 16:16:00,April C.,False,
T101151,V1112,Grant Inc,Procurement,INV-73142,61527.19,2025-06-02 16:43:00,David D.,False,
T104912,V1052,Martin Group,Operations,INV-64055,42842.24,2025-06-02 17:07:00,Joshua H.,False,
T103264,V1076,Martin-Ramos,Facilities,INV-55780,7864.65,2025-06-02 17:10:00,Dana G.,False,
T102305,V1067,Ibarra-Suarez,Legal,INV-31001,11726.47,2025-06-02 17:13:00,Katherine L.,False,
T101347,V1080,Fleming Ltd,Legal,INV-94926,23734.39,2025-06-02 17:43:00,Joshua N.,False,
T105466,V1052,Martin Group,Operations,INV-54265,100700.81,2025-06-02 17:56:00,James R.,False,
T105338,V1087,Bailey-Hoover,Marketing,INV-97439,11046.62,2025-06-02 18:15:00,Richard S.,False,
T102253,V1069,"Riggs, Roman and Rice",Marketing,INV-39607,56226.96,2025-06-02 18:36:00,Brian M.,False,
T105096,V1007,Davis Inc,Marketing,INV-15339,32035.05,2025-06-02 19:06:00,John L.,False,
T102829,V1069,"Riggs, Roman and Rice",Operations,INV-30027,171138.2,2025-06-03 07:38:00,Vicki B.,False,
T100318,V1008,Munoz-Roman,Marketing,INV-42780,5071.4,2025-06-03 07:40:00,Amanda H.,False,
T102399,V1070,"Evans, Alvarado and Mcmillan",Facilities,INV-78562,7351.76,2025-06-03 07:53:00,Jorge S.,False,
T102927,V1121,Daniels-Perry,HR,INV-30865,18480.68,2025-06-03 08:52:00,Thomas S.,False,
T101099,V1101,Torres and Sons,Marketing,INV-14551,17769.44,2025-06-03 10:05:00,John R.,False,
T102398,V1055,Horton-Cross,Facilities,INV-99694,36271.06,2025-06-03 10:09:00,Kevin G.,False,
T101515,V1001,Rhodes PLC,Operations,INV-84427,30088.07,2025-06-03 10:16:00,Brenda G.,False,
T102497,V1043,"Young, Caldwell and Lewis",HR,INV-85073,50037.65,2025-06-03 10:18:00,Dawn P.,False,
T106082,V9999,Meridian Consulting Partners LLC,Operations,INV-90403,5071.94,2025-06-03 10:40:00,Marcus T.,True,fabricated_invoice_benford
T105797,V1120,Mccarthy Inc,Facilities,INV-24804,64605.69,2025-06-03 11:04:00,Valerie E.,False,
T101010,V1097,Alvarado-Martinez,Legal,INV-32789,2960.45,2025-06-03 11:16:00,Christopher D.,False,
T104467,V1052,Martin Group,Procurement,INV-70284,61549.2,2025-06-03 12:09:00,Michelle R.,False,
T100807,V1073,"Walters, Baker and Freeman",Legal,INV-20082,16983.24,2025-06-03 12:30:00,Megan N.,False,
T101980,V1043,"Young, Caldwell and Lewis",Marketing,INV-23994,64972.29,2025-06-03 12:44:00,Christine D.,False,
T103611,V1069,"Riggs, Roman and Rice",Procurement,INV-17827,108316.92,2025-06-03 12:52:00,Mary B.,False,
T100722,V1043,"Young, Caldwell and Lewis",HR,INV-28920,40720.05,2025-06-03 12:54:00,Bradley G.,False,
T104191,V1121,Daniels-Perry,HR,INV-21069,47148.06,2025-06-03 13:14:00,Alexander R.,False,
T101783,V1052,Martin Group,IT,INV-59668,70719.3,2025-06-03 13:20:00,James S.,False,
T100615,V1011,Stanley LLC,Legal,INV-12180,52154.2,2025-06-03 13:30:00,Tracy C.,False,
T101650,V1001,Rhodes PLC,Facilities,INV-51275,114476.53,2025-06-03 14:14:00,Lindsey B.,False,
T101277,V1116,Larsen LLC,HR,INV-81802,24156.06,2025-06-03 14:53:00,Felicia H.,False,
T100768,V1052,Martin Group,Legal,INV-20566,35933.06,2025-06-03 15:43:00,Allen T.,False,
T101559,V1005,Blake and Sons,Legal,INV-66418,264.14,2025-06-03 16:00:00,Scott P.,False,
T100781,V1025,James-Ferrell,Operations,INV-41519,23949.65,2025-06-03 16:10:00,Mary J.,False,
T105704,V1095,"Mcdaniel, Bentley and Mclaughlin",Legal,INV-62509,6208.79,2025-06-03 17:12:00,Gary M.,False,
T105085,V1011,Stanley LLC,Procurement,INV-13427,50899.48,2025-06-03 17:26:00,Cassandra L.,False,
T102269,V1118,Nelson LLC,Marketing,INV-63773,46116.95,2025-06-03 17:54:00,Neil J.,False,
T104138,V1002,Johnson-Davis,Facilities,INV-83641,10284.63,2025-06-03 18:36:00,Michael M.,False,
T106120,V9998,Quantum Edge Supply Co.,IT,INV-53557,32856.43,2025-06-04 00:00:00,Marcus T.,True,shell_vendor_spike
T103769,V1119,Taylor and Sons,Facilities,INV-92779,3570.61,2025-06-04 07:01:00,Molly W.,False,
T102304,V1050,Ramos PLC,Legal,INV-40862,93231.99,2025-06-04 07:05:00,Martin G.,False,
T104220,V1050,Ramos PLC,HR,INV-70574,153254.51,2025-06-04 07:21:00,Christopher P.,False,
T102105,V1001,Rhodes PLC,Procurement,INV-63026,82367.64,2025-06-04 09:07:00,Sandra T.,False,
T102484,V1034,Allen PLC,Procurement,INV-80442,101313.87,2025-06-04 10:05:00,Wendy H.,False,
T105624,V1115,"Griffin, Moore and Hensley",Marketing,INV-94594,20636.4,2025-06-04 10:15:00,Christina W.,False,
T101054,V1086,Garrison and Sons,Facilities,INV-30644,7779.71,2025-06-04 10:20:00,Amanda H.,False,
T100098,V1104,Campbell Ltd,Legal,INV-95717,154973.36,2025-06-04 10:39:00,Theodore O.,False,
T103378,V1043,"Young, Caldwell and Lewis",IT,INV-55327,40104.03,2025-06-04 11:17:00,Jennifer W.,False,
T103979,V1023,Campos Inc,Marketing,INV-12933,966.57,2025-06-04 11:27:00,Ryan G.,False,
T103842,V1043,"Young, Caldwell and Lewis",Legal,INV-25374,38102.2,2025-06-04 11:32:00,Toni S.,False,
T102893,V1069,"Riggs, Roman and Rice",HR,INV-81925,47761.6,2025-06-04 12:53:00,Rhonda W.,False,
T100805,V1073,"Walters, Baker and Freeman",Marketing,INV-29127,69410.25,2025-06-04 13:17:00,Thomas W.,False,
T104525,V1033,Koch-Decker,Facilities,INV-71619,57825.58,2025-06-04 13:24:00,Philip R.,False,
T102258,V1086,Garrison and Sons,Legal,INV-49309,14823.73,2025-06-04 13:32:00,Carl H.,False,
T102703,V1051,"Kidd, Huff and Novak",Legal,INV-99592,10874.69,2025-06-04 13:47:00,Brittany B.,False,
T100914,V1038,"Campos, Vaughn and Marquez",Legal,INV-45916,12303.07,2025-06-04 14:10:00,Steven S.,False,
T103483,V1052,Martin Group,Procurement,INV-48972,53811.9,2025-06-04 15:19:00,Jamie J.,False,
T103924,V1048,Lee PLC,Procurement,INV-34195,3075.08,2025-06-04 15:19:00,Henry S.,False,
T100581,V1121,Daniels-Perry,Facilities,INV-99783,70049.32,2025-06-04 15:30:00,Lucas L.,False,
T102134,V1139,Oconnell Inc,Operations,INV-49834,84344.69,2025-06-04 15:53:00,Kevin R.,False,
T104765,V1050,Ramos PLC,Facilities,INV-54573,98134.47,2025-06-04 16:11:00,Michele W.,False,
T103779,V1070,"Evans, Alvarado and Mcmillan",Marketing,INV-36563,14658.64,2025-06-04 16:17:00,Victoria J.,False,
T105650,V1134,"Williams, Crane and Walker",Operations,INV-23582,28708.45,2025-06-04 16:49:00,Kimberly S.,False,
T106127,V9998,Quantum Edge Supply Co.,IT,INV-80120,38670.87,2025-06-05 00:00:00,Marcus T.,True,shell_vendor_spike
T106123,V9998,Quantum Edge Supply Co.,IT,INV-31951,37007.4,2025-06-05 00:00:00,Marcus T.,True,shell_vendor_spike
T104066,V1126,Freeman LLC,Operations,INV-11581,54939.53,2025-06-05 07:09:00,Anna M.,False,
T101121,V1121,Daniels-Perry,IT,INV-74437,42279.82,2025-06-05 07:19:00,Sara L.,False,
T106078,V1106,Walker-Gonzalez,HR,INV-11599,12000.0,2025-06-05 07:49:00,Andrew V.,True,round_dollar
T104738,V1121,Daniels-Perry,Operations,INV-87291,17604.79,2025-06-05 09:27:00,Tim H.,False,
T105336,V1045,Davis Group,Operations,INV-10649,13679.35,2025-06-05 09:57:00,Daisy S.,False,
T102416,V1076,Martin-Ramos,Legal,INV-90837,11762.93,2025-06-05 10:39:00,Robert R.,False,
T104730,V1127,Price Ltd,Facilities,INV-81036,44007.32,2025-06-05 10:52:00,Chelsea C.,False,
T101723,V1053,Barrera-Martin,HR,INV-93472,88511.22,2025-06-05 11:28:00,David S.,False,
T102128,V1088,Johnson and Sons,Legal,INV-78852,48465.35,2025-06-05 11:30:00,Annette M.,False,
T101914,V1033,Koch-Decker,Legal,INV-83886,74114.61,2025-06-05 11:46:00,Debbie C.,False,
T103954,V1088,Johnson and Sons,IT,INV-93115,79702.6,2025-06-05 12:27:00,Amanda R.,False,
T101748,V1050,Ramos PLC,Legal,INV-47475,58394.66,2025-06-05 12:49:00,Daniel S.,False,
T103069,V1062,Donovan-Harris,IT,INV-57654,17314.56,2025-06-05 13:07:00,Jacob M.,False,
T105559,V1052,Martin Group,Legal,INV-78132,78677.74,2025-06-05 13:18:00,Dominique H.,False,
T106006,V1033,Koch-Decker,Facilities,INV-71619,57825.58,2025-06-05 13:24:00,Philip R.,True,duplicate_payment
T100825,V1092,Johnson-Carlson,IT,INV-96332,20015.78,2025-06-05 14:15:00,Julie R.,False,
T104348,V1050,Ramos PLC,Facilities,INV-84692,202025.07,2025-06-05 14:21:00,Sheila C.,False,
T103523,V1053,Barrera-Martin,HR,INV-95252,84347.51,2025-06-05 15:02:00,Morgan T.,False,
T101880,V1127,Price Ltd,Marketing,INV-55123,32121.9,2025-06-05 15:58:00,Johnathan M.,False,
T104116,V1052,Martin Group,Facilities,INV-50138,137024.76,2025-06-05 16:23:00,Joseph M.,False,
T105140,V1053,Barrera-Martin,Facilities,INV-68896,20855.75,2025-06-05 16:41:00,Elizabeth B.,False,
T101006,V1001,Rhodes PLC,HR,INV-89076,74720.2,2025-06-05 16:52:00,Christopher B.,False,
T103531,V1120,Mccarthy Inc,Marketing,INV-18940,17945.7,2025-06-05 16:59:00,Tiffany G.,False,
T105759,V1001,Rhodes PLC,Facilities,INV-31065,112929.72,2025-06-05 17:34:00,Samuel W.,False,
T100444,V1091,Wilson LLC,IT,INV-87518,12398.98,2025-06-05 17:50:00,Michael J.,False,
T102727,V1134,"Williams, Crane and Walker",Facilities,INV-23672,39769.94,2025-06-05 18:05:00,Steven S.,False,
T106130,V9998,Quantum Edge Supply Co.,IT,INV-30260,31730.05,2025-06-06 00:00:00,Marcus T.,True,shell_vendor_spike
T106122,V9998,Quantum Edge Supply Co.,IT,INV-70784,36637.22,2025-06-06 00:00:00,Marcus T.,True,shell_vendor_spike
T106119,V9998,Quantum Edge Supply Co.,IT,INV-67216,23708.77,2025-06-06 00:00:00,Marcus T.,True,shell_vendor_spike
T104370,V1011,Stanley LLC,Legal,INV-84459,88580.67,2025-06-06 07:01:00,Marcus D.,False,
T104110,V1139,Oconnell Inc,Legal,INV-79520,175039.16,2025-06-06 07:20:00,Jennifer T.,False,
T104203,V1062,Donovan-Harris,HR,INV-58913,66576.69,2025-06-06 07:25:00,Philip C.,False,
T100219,V1038,"Campos, Vaughn and Marquez",Operations,INV-58368,21797.87,2025-06-06 07:42:00,Darren Y.,False,
T101364,V1118,Nelson LLC,Operations,INV-29974,31913.33,2025-06-06 07:44:00,Angela C.,False,
T103470,V1025,James-Ferrell,Marketing,INV-56170,20762.56,2025-06-06 08:00:00,Crystal R.,False,
T102831,V1033,Koch-Decker,IT,INV-59171,183992.88,2025-06-06 09:29:00,Melissa R.,False,
T105925,V1112,Grant Inc,Marketing,INV-85861,84485.26,2025-06-06 10:20:00,Amanda J.,False,
T101371,V1073,"Walters, Baker and Freeman",Operations,INV-24264,20150.36,2025-06-06 10:31:00,Olivia W.,False,
T103007,V1007,Davis Inc,Legal,INV-21395,34897.68,2025-06-06 11:40:00,Blake W.,False,
T105908,V1050,Ramos PLC,Procurement,INV-93148,91602.23,2025-06-06 12:00:00,Jeremy L.,False,
T101682,V1050,Ramos PLC,IT,INV-90769,321397.0,2025-06-06 12:10:00,Jim B.,False,
T101689,V1034,Allen PLC,Marketing,INV-12981,173997.71,2025-06-06 12:28:00,Beth H.,False,
T100121,V1053,Barrera-Martin,Legal,INV-39831,75316.18,2025-06-06 12:52:00,Janice P.,False,
T100531,V1051,"Kidd, Huff and Novak",Operations,INV-65851,23935.95,2025-06-06 13:28:00,Rachel M.,False,
T105889,V1028,Chavez Ltd,IT,INV-47382,9225.77,2025-06-06 13:41:00,Julie D.,False,
T103066,V1095,"Mcdaniel, Bentley and Mclaughlin",HR,INV-40333,3910.64,2025-06-06 13:44:00,Paul A.,False,
T100866,V1121,Daniels-Perry,Facilities,INV-58929,77346.48,2025-06-06 14:07:00,Gregory S.,False,
T103191,V1127,Price Ltd,Facilities,INV-65531,31855.76,2025-06-06 14:45:00,Sandra H.,False,
T100918,V1115,"Griffin, Moore and Hensley",HR,INV-40689,29045.56,2025-06-06 14:46:00,Shannon J.,False,
T102094,V1069,"Riggs, Roman and Rice",Legal,INV-44079,116866.28,2025-06-06 15:10:00,Sierra J.,False,
T104400,V1007,Davis Inc,Legal,INV-47643,85102.44,2025-06-06 15:31:00,Carol S.,False,
T105038,V1094,"Lee, Williams and Graham",Operations,INV-96941,18771.96,2025-06-06 15:49:00,Monica A.,False,
T103008,V1052,Martin Group,Legal,INV-50991,83703.06,2025-06-06 17:26:00,Geoffrey V.,False,
T106128,V9998,Quantum Edge Supply Co.,IT,INV-89150,41168.16,2025-06-07 00:00:00,Marcus T.,True,shell_vendor_spike
T106053,V1129,"Ferguson, Meadows and Vargas",Operations,INV-16217,832.27,2025-06-07 02:25:00,Courtney J.,True,weekend_after_hours
T106051,V1059,"Miller, Lopez and Larson",Operations,INV-49798,1910.63,2025-06-07 02:59:00,Tommy B.,True,weekend_after_hours
T106126,V9998,Quantum Edge Supply Co.,IT,INV-54521,42763.53,2025-06-08 00:00:00,Marcus T.,True,shell_vendor_spike
T102616,V1073,"Walters, Baker and Freeman",HR,INV-91958,41323.72,2025-06-09 10:04:00,Ann A.,False,
T105864,V1103,"Kennedy, Santana and Flynn",Facilities,INV-51419,6344.11,2025-06-09 10:25:00,Shawn B.,False,
T105097,V1118,Nelson LLC,Marketing,INV-22185,80344.06,2025-06-09 10:58:00,Kim M.,False,
T103480,V1034,Allen PLC,Operations,INV-67123,51361.97,2025-06-09 11:11:00,Stephanie W.,False,
T104256,V1127,Price Ltd,HR,INV-90362,63554.44,2025-06-09 11:13:00,Sandra C.,False,
T103569,V1043,"Young, Caldwell and Lewis",Operations,INV-17424,68262.6,2025-06-09 11:25:00,Donna H.,False,
T102194,V1116,Larsen LLC,Legal,INV-68190,29802.32,2025-06-09 11:43:00,Rachel H.,False,
T103820,V1034,Allen PLC,Facilities,INV-36118,59931.45,2025-06-09 11:44:00,Jeffrey F.,False,
T101576,V1069,"Riggs, Roman and Rice",Legal,INV-75325,112723.53,2025-06-09 11:50:00,Jasmine F.,False,
T104267,V1139,Oconnell Inc,Procurement,INV-92384,58026.47,2025-06-09 12:33:00,Holly C.,False,
T105308,V1012,Delacruz Group,Procurement,INV-26144,44246.55,2025-06-09 13:38:00,Angela C.,False,
T100054,V1035,Dennis Inc,HR,INV-95180,64351.04,2025-06-09 14:25:00,Matthew S.,False,
T106109,V9999,Meridian Consulting Partners LLC,Operations,INV-61805,9770.29,2025-06-09 15:10:00,Marcus T.,True,fabricated_invoice_benford
T100980,V1033,Koch-Decker,Procurement,INV-82494,53407.41,2025-06-09 15:20:00,Philip T.,False,
T105826,V1002,Johnson-Davis,Legal,INV-21835,13925.83,2025-06-09 15:44:00,Tina A.,False,
T102226,V1034,Allen PLC,Marketing,INV-73891,136787.66,2025-06-09 15:45:00,Jasmine S.,False,
T102912,V1052,Martin Group,Operations,INV-80202,69735.85,2025-06-09 17:03:00,Megan Y.,False,
T103348,V1050,Ramos PLC,Legal,INV-36978,92843.01,2025-06-09 17:10:00,Tonya M.,False,
T100410,V1012,Delacruz Group,IT,INV-84395,21028.69,2025-06-09 17:46:00,Zachary M.,False,
T101843,V1073,"Walters, Baker and Freeman",IT,INV-80854,19353.75,2025-06-09 18:39:00,Gina O.,False,
T104493,V1086,Garrison and Sons,IT,INV-36608,8017.92,2025-06-10 07:59:00,Tony P.,False,
T104070,V1033,Koch-Decker,IT,INV-59542,51262.93,2025-06-10 08:33:00,Sarah H.,False,
T101219,V1009,"Martinez, Nielsen and Miller",HR,INV-25191,8498.26,2025-06-10 09:27:00,Sylvia U.,False,
T100082,V1115,"Griffin, Moore and Hensley",Procurement,INV-86569,40899.92,2025-06-10 10:03:00,Brooke H.,False,
T100629,V1127,Price Ltd,Marketing,INV-79878,39342.55,2025-06-10 10:11:00,Rebecca P.,False,
T101531,V1088,Johnson and Sons,HR,INV-48188,43102.18,2025-06-10 10:20:00,Glenda M.,False,
T104598,V1027,"Potter, Mack and Peterson",Marketing,INV-46769,8319.26,2025-06-10 10:40:00,Nancy B.,False,
T105828,V1134,"Williams, Crane and Walker",HR,INV-16461,44966.79,2025-06-10 10:51:00,Anthony M.,False,
T103639,V1043,"Young, Caldwell and Lewis",Marketing,INV-33567,82507.76,2025-06-10 11:04:00,Katherine M.,False,
T102259,V1101,Torres and Sons,Marketing,INV-62730,7519.0,2025-06-10 11:12:00,Mary M.,False,
T100925,V1121,Daniels-Perry,IT,INV-27973,46466.23,2025-06-10 11:23:00,Tracy C.,False,
T100129,V1094,"Lee, Williams and Graham",Operations,INV-77033,16440.14,2025-06-10 11:27:00,Aaron B.,False,
T104571,V1053,Barrera-Martin,HR,INV-34941,34570.52,2025-06-10 11:34:00,Bethany M.,False,
T104816,V1112,Grant Inc,IT,INV-41380,53134.32,2025-06-10 11:59:00,Dana H.,False,
T103868,V1120,Mccarthy Inc,Legal,INV-81314,31937.83,2025-06-10 12:06:00,Phillip R.,False,
T104623,V1033,Koch-Decker,IT,INV-69761,59353.06,2025-06-10 12:06:00,Ariana V.,False,
T106096,V9999,Meridian Consulting Partners LLC,Operations,INV-27040,6984.38,2025-06-10 12:16:00,Marcus T.,True,fabricated_invoice_benford
T100426,V1112,Grant Inc,Marketing,INV-85156,65779.56,2025-06-10 12:36:00,Jason H.,False,
T103405,V1115,"Griffin, Moore and Hensley",IT,INV-69509,14423.4,2025-06-10 12:48:00,Robert H.,False,
T100585,V1073,"Walters, Baker and Freeman",HR,INV-51853,31718.22,2025-06-10 12:55:00,Anna W.,False,
T101297,V1069,"Riggs, Roman and Rice",Procurement,INV-11699,51713.53,2025-06-10 13:35:00,Natasha V.,False,
T102480,V1076,Martin-Ramos,IT,INV-11035,15592.22,2025-06-10 13:58:00,Hannah C.,False,
T104336,V1112,Grant Inc,Legal,INV-89179,57382.61,2025-06-10 14:06:00,Allen R.,False,
T103238,V1129,"Ferguson, Meadows and Vargas",Procurement,INV-99417,4639.31,2025-06-10 14:23:00,Breanna F.,False,
T104604,V1139,Oconnell Inc,Procurement,INV-60350,76226.25,2025-06-10 14:32:00,Kimberly B.,False,
T101944,V1088,Johnson and Sons,Procurement,INV-98185,59048.22,2025-06-10 14:35:00,Jared P.,False,
T103331,V1052,Martin Group,Marketing,INV-31116,38667.94,2025-06-10 14:40:00,Cynthia P.,False,
T101278,V1093,Graham-Joyce,HR,INV-82559,6960.63,2025-06-10 14:45:00,Lynn H.,False,
T103706,V1067,Ibarra-Suarez,IT,INV-47328,27703.01,2025-06-10 15:06:00,Jennifer C.,False,
T102961,V1055,Horton-Cross,Procurement,INV-26884,87458.26,2025-06-10 15:07:00,John R.,False,
T100741,V1052,Martin Group,Procurement,INV-83731,36680.12,2025-06-10 15:26:00,Drew F.,False,
T100388,V1113,Contreras-Travis,IT,INV-97177,35769.3,2025-06-10 15:27:00,Kristin R.,False,
T104838,V1034,Allen PLC,Facilities,INV-33737,102366.78,2025-06-10 16:07:00,Justin J.,False,
T102625,V1134,"Williams, Crane and Walker",Legal,INV-18523,203377.27,2025-06-10 16:56:00,Shaun M.,False,
T103595,V1112,Grant Inc,Operations,INV-95879,69338.16,2025-06-10 17:22:00,Emily S.,False,
T101247,V1035,Dennis Inc,Marketing,INV-95638,34567.26,2025-06-11 07:07:00,Travis B.,False,
T101501,V1033,Koch-Decker,Procurement,INV-11549,36292.87,2025-06-11 07:44:00,Daniel P.,False,
T103889,V1115,"Griffin, Moore and Hensley",Facilities,INV-34673,50627.9,2025-06-11 09:26:00,Catherine D.,False,
T101819,V1020,"Ellis, Baker and Wright",Procurement,INV-45585,2607.83,2025-06-11 10:45:00,Travis S.,False,
T102358,V1050,Ramos PLC,Marketing,INV-29826,33694.99,2025-06-11 10:47:00,Anthony R.,False,
T101481,V1070,"Evans, Alvarado and Mcmillan",IT,INV-77699,11517.67,2025-06-11 11:26:00,Nicholas M.,False,
T100029,V1076,Martin-Ramos,HR,INV-75435,10195.63,2025-06-11 12:13:00,James A.,False,
T105727,V1055,Horton-Cross,HR,INV-18621,44405.52,2025-06-11 13:15:00,Cody L.,False,
T105849,V1134,"Williams, Crane and Walker",Legal,INV-57734,100438.59,2025-06-11 13:27:00,Tyrone N.,False,
T104495,V1055,Horton-Cross,Legal,INV-68538,46788.65,2025-06-11 13:37:00,Willie E.,False,
T103435,V1033,Koch-Decker,Procurement,INV-31842,145852.64,2025-06-11 13:43:00,Kevin M.,False,
T103208,V1121,Daniels-Perry,IT,INV-11111,104960.54,2025-06-11 14:05:00,Nichole M.,False,
T100871,V1069,"Riggs, Roman and Rice",Marketing,INV-91187,79366.67,2025-06-11 14:53:00,Michael F.,False,
T105073,V1033,Koch-Decker,Marketing,INV-21170,62649.5,2025-06-11 14:55:00,Michael S.,False,
T100779,V1118,Nelson LLC,Facilities,INV-86943,37476.36,2025-06-11 15:01:00,Pamela M.,False,
T102474,V1131,Williams Group,Legal,INV-31538,660.61,2025-06-11 15:25:00,Mark M.,False,
T101643,V1011,Stanley LLC,IT,INV-58722,43306.49,2025-06-11 15:35:00,Beverly L.,False,
T101177,V1028,Chavez Ltd,HR,INV-33639,3933.28,2025-06-11 15:55:00,Jillian G.,False,
T104489,V1051,"Kidd, Huff and Novak",Legal,INV-90258,56976.76,2025-06-11 18:39:00,Melissa N.,False,
T101721,V1011,Stanley LLC,Facilities,INV-13864,48950.03,2025-06-12 07:53:00,Sandra C.,False,
T103269,V1106,Walker-Gonzalez,Facilities,INV-70117,1026.62,2025-06-12 09:00:00,Matthew W.,False,
T104441,V1076,Martin-Ramos,Operations,INV-11862,31696.85,2025-06-12 09:02:00,Lindsay P.,False,
T102696,V1060,Powell PLC,Marketing,INV-13239,890.2,2025-06-12 09:17:00,Scott M.,False,
T100635,V1094,"Lee, Williams and Graham",IT,INV-83464,12821.74,2025-06-12 09:30:00,Nicole A.,False,
T103311,V1007,Davis Inc,Facilities,INV-67331,92210.45,2025-06-12 10:33:00,Meghan M.,False,
T103726,V1055,Horton-Cross,Legal,INV-83160,23137.19,2025-06-12 11:12:00,Daniel B.,False,
T102103,V1069,"Riggs, Roman and Rice",Facilities,INV-58878,86508.66,2025-06-12 11:22:00,Tammy C.,False,
T102352,V1104,Campbell Ltd,Operations,INV-66744,59566.92,2025-06-12 11:45:00,Cheryl D.,False,
T105090,V1050,Ramos PLC,Procurement,INV-33936,94611.24,2025-06-12 11:56:00,Christina T.,False,
T103646,V1033,Koch-Decker,Operations,INV-39878,181242.82,2025-06-12 12:02:00,Scott W.,False,
T105079,V1094,"Lee, Williams and Graham",IT,INV-80396,33356.58,2025-06-12 12:15:00,James W.,False,
T100999,V1120,Mccarthy Inc,IT,INV-40619,12163.6,2025-06-12 12:28:00,Allen N.,False,
T103845,V1092,Johnson-Carlson,Procurement,INV-89348,18532.92,2025-06-12 12:33:00,Sierra W.,False,
T105419,V1069,"Riggs, Roman and Rice",Marketing,INV-74978,50716.16,2025-06-12 13:08:00,Victor H.,False,
T101056,V1095,"Mcdaniel, Bentley and Mclaughlin",HR,INV-83659,2294.83,2025-06-12 13:11:00,Samantha M.,False,
T103883,V1070,"Evans, Alvarado and Mcmillan",HR,INV-12635,16500.42,2025-06-12 13:37:00,Dominique W.,False,
T100159,V1043,"Young, Caldwell and Lewis",Marketing,INV-90301,30241.25,2025-06-12 13:48:00,Jane G.,False,
T105728,V1050,Ramos PLC,Facilities,INV-15543,61439.08,2025-06-12 13:50:00,John C.,False,
T101720,V1053,Barrera-Martin,Operations,INV-79856,54185.38,2025-06-12 14:04:00,Gary J.,False,
T103992,V1050,Ramos PLC,Facilities,INV-39468,127543.87,2025-06-12 14:06:00,Robert R.,False,
T103367,V1033,Koch-Decker,IT,INV-35971,84619.72,2025-06-12 14:52:00,Jessica H.,False,
T104018,V1011,Stanley LLC,Operations,INV-79796,124313.44,2025-06-12 15:32:00,David M.,False,
T104305,V1127,Price Ltd,IT,INV-23277,75681.66,2025-06-12 15:53:00,Elizabeth C.,False,
T102557,V1011,Stanley LLC,Operations,INV-63356,147301.72,2025-06-12 16:29:00,Zachary J.,False,
T102996,V1088,Johnson and Sons,Marketing,INV-33681,18842.71,2025-06-12 16:48:00,Jason R.,False,
T100943,V1120,Mccarthy Inc,Marketing,INV-84498,16197.93,2025-06-12 19:08:00,James C.,False,
T104566,V1101,Torres and Sons,Legal,INV-57379,11251.81,2025-06-13 08:37:00,Vanessa L.,False,
T103603,V1121,Daniels-Perry,Operations,INV-75987,40737.46,2025-06-13 08:44:00,Scott G.,False,
T105677,V1055,Horton-Cross,Legal,INV-30787,34150.41,2025-06-13 09:16:00,Jennifer E.,False,
T101073,V1115,"Griffin, Moore and Hensley",Procurement,INV-19725,42690.17,2025-06-13 11:16:00,Matthew P.,False,
T104741,V1043,"Young, Caldwell and Lewis",Procurement,INV-43525,61293.49,2025-06-13 11:22:00,Kimberly G.,False,
T105599,V1030,Harrell LLC,IT,INV-44967,13223.17,2025-06-13 11:35:00,Kristin J.,False,
T100712,V1089,Lin-Rasmussen,Operations,INV-98150,2434.25,2025-06-13 11:36:00,Roger G.,False,
T104104,V1139,Oconnell Inc,Operations,INV-71670,56876.28,2025-06-13 11:57:00,Henry C.,False,
T105481,V1121,Daniels-Perry,Operations,INV-35710,61485.26,2025-06-13 12:33:00,Maria S.,False,
T101034,V1112,Grant Inc,Facilities,INV-13840,63787.5,2025-06-13 12:38:00,Shelly J.,False,
T104016,V1137,Marshall LLC,IT,INV-92611,16331.92,2025-06-13 12:49:00,Jacob B.,False,
T101722,V1007,Davis Inc,Marketing,INV-63903,23304.3,2025-06-13 12:56:00,Casey G.,False,
T101841,V1069,"Riggs, Roman and Rice",Facilities,INV-47128,176790.15,2025-06-13 13:17:00,Richard H.,False,
T101666,V1139,Oconnell Inc,Operations,INV-29605,55412.59,2025-06-13 13:34:00,Benjamin G.,False,
T103350,V1121,Daniels-Perry,Procurement,INV-89599,24116.93,2025-06-13 13:39:00,Albert P.,False,
T102106,V1107,Riggs PLC,Procurement,INV-81584,20832.33,2025-06-13 14:09:00,Tracy G.,False,
T103998,V1025,James-Ferrell,Legal,INV-68246,27001.71,2025-06-13 14:22:00,Karen D.,False,
T103255,V1043,"Young, Caldwell and Lewis",Procurement,INV-88784,111389.03,2025-06-13 14:36:00,Sharon T.,False,
T100494,V1112,Grant Inc,Procurement,INV-95191,33838.43,2025-06-13 14:59:00,Cheryl B.,False,
T100847,V1033,Koch-Decker,IT,INV-15856,142678.55,2025-06-13 15:04:00,Alexander G.,False,
T100719,V1012,Delacruz Group,Marketing,INV-63511,59443.18,2025-06-13 15:44:00,Carlos W.,False,
T102270,V1045,Davis Group,Legal,INV-18444,4866.07,2025-06-13 15:55:00,James D.,False,
T104647,V1115,"Griffin, Moore and Hensley",Marketing,INV-93142,77130.86,2025-06-13 16:20:00,James C.,False,
T105764,V1050,Ramos PLC,HR,INV-22281,76767.01,2025-06-13 16:30:00,Ann T.,False,
T100740,V1024,Conner Group,Facilities,INV-58589,2995.0,2025-06-13 16:58:00,Jeremiah M.,False,
T100165,V1134,"Williams, Crane and Walker",Operations,INV-20561,86041.22,2025-06-13 17:57:00,Hector T.,False,
T102914,V1012,Delacruz Group,IT,INV-99037,24249.74,2025-06-13 18:49:00,David B.,False,
T101106,V1043,"Young, Caldwell and Lewis",HR,INV-18783,83534.08,2025-06-13 18:58:00,Alec R.,False,
T104136,V1120,Mccarthy Inc,HR,INV-64234,35437.64,2025-06-16 07:49:00,Stephanie C.,False,
T102528,V1139,Oconnell Inc,Legal,INV-91889,108232.44,2025-06-16 08:05:00,Crystal B.,False,
T100026,V1052,Martin Group,Legal,INV-17331,42202.8,2025-06-16 10:53:00,Jonathan R.,False,
T101856,V1012,Delacruz Group,Marketing,INV-13966,54259.51,2025-06-16 11:29:00,Cole G.,False,
T102031,V1048,Lee PLC,Legal,INV-24435,3256.62,2025-06-16 12:14:00,Lynn E.,False,
T102032,V1139,Oconnell Inc,Procurement,INV-41079,86821.28,2025-06-16 12:14:00,William D.,False,
T101547,V1055,Horton-Cross,Marketing,INV-71235,85954.62,2025-06-16 12:55:00,Amber H.,False,
T104472,V1121,Daniels-Perry,Marketing,INV-27447,61975.24,2025-06-16 13:42:00,Brian W.,False,
T104300,V1052,Martin Group,HR,INV-93205,30780.55,2025-06-16 14:29:00,Samuel G.,False,
T100628,V1121,Daniels-Perry,Marketing,INV-78875,35915.74,2025-06-16 14:42:00,John W.,False,
T105906,V1080,Fleming Ltd,Operations,INV-75934,40968.13,2025-06-16 14:46:00,Rose R.,False,
T105554,V1051,"Kidd, Huff and Novak",IT,INV-19075,46873.4,2025-06-16 14:55:00,Kyle G.,False,
T103111,V1088,Johnson and Sons,HR,INV-81994,110816.2,2025-06-16 15:05:00,Christopher C.,False,
T101870,V1043,"Young, Caldwell and Lewis",Procurement,INV-68355,46645.32,2025-06-16 16:35:00,Cheryl S.,False,
T102885,V1080,Fleming Ltd,Marketing,INV-40612,17246.68,2025-06-16 16:43:00,Joseph L.,False,
T103744,V1033,Koch-Decker,HR,INV-65687,88296.14,2025-06-16 17:15:00,Matthew M.,False,
T104028,V1052,Martin Group,Facilities,INV-31818,56257.7,2025-06-16 17:39:00,Jennifer W.,False,
T104896,V1139,Oconnell Inc,Facilities,INV-45695,156088.59,2025-06-16 17:54:00,Isabel Q.,False,
T104114,V1115,"Griffin, Moore and Hensley",Marketing,INV-95654,47027.82,2025-06-16 18:33:00,Maria M.,False,
T104672,V1050,Ramos PLC,Marketing,INV-88880,45225.31,2025-06-17 07:29:00,William H.,False,
T105820,V1104,Campbell Ltd,Facilities,INV-61710,42961.41,2025-06-17 07:39:00,Brenda H.,False,
T100665,V1134,"Williams, Crane and Walker",Marketing,INV-97720,63338.64,2025-06-17 09:05:00,Mark A.,False,
T104973,V1034,Allen PLC,Marketing,INV-20863,22103.3,2025-06-17 09:37:00,Joseph L.,False,
T102323,V1025,James-Ferrell,IT,INV-36039,8199.67,2025-06-17 09:51:00,Angela J.,False,
T102734,V1062,Donovan-Harris,Marketing,INV-61262,15157.33,2025-06-17 09:55:00,Carol J.,False,
T104223,V1033,Koch-Decker,IT,INV-96665,81348.47,2025-06-17 11:27:00,Leonard M.,False,
T101667,V1088,Johnson and Sons,HR,INV-38940,67372.06,2025-06-17 11:32:00,Patricia F.,False,
T104631,V1091,Wilson LLC,Legal,INV-14526,20458.08,2025-06-17 11:39:00,Jennifer Z.,False,
T105452,V1011,Stanley LLC,Facilities,INV-21296,69396.37,2025-06-17 11:43:00,Richard N.,False,
T106035,V1069,"Riggs, Roman and Rice",Facilities,INV-48408,9865.72,2025-06-17 11:44:00,Renee K.,True,just_below_threshold
T100333,V1121,Daniels-Perry,Marketing,INV-33021,29125.27,2025-06-17 11:47:00,Kimberly J.,False,
T103341,V1139,Oconnell Inc,Facilities,INV-20937,119901.66,2025-06-17 12:08:00,Christopher M.,False,
T104429,V1126,Freeman LLC,HR,INV-43619,24958.89,2025-06-17 12:10:00,Raymond W.,False,
T103371,V1055,Horton-Cross,Marketing,INV-40988,57673.38,2025-06-17 12:37:00,Nicole S.,False,
T100421,V1033,Koch-Decker,Procurement,INV-75193,44460.65,2025-06-17 13:07:00,Dustin J.,False,
T100183,V1104,Campbell Ltd,Marketing,INV-52840,23348.97,2025-06-17 13:13:00,Teresa L.,False,
T103722,V1067,Ibarra-Suarez,Operations,INV-53953,20482.72,2025-06-17 14:10:00,Robert R.,False,
T106004,V1067,Ibarra-Suarez,Operations,INV-53953,20482.72,2025-06-17 14:10:00,Robert R.,True,duplicate_payment
T105827,V1118,Nelson LLC,Operations,INV-44238,29106.99,2025-06-17 14:21:00,Veronica H.,False,
T100904,V1033,Koch-Decker,Procurement,INV-22208,81481.15,2025-06-17 14:37:00,Matthew M.,False,
T102763,V1067,Ibarra-Suarez,HR,INV-70849,37743.88,2025-06-17 14:42:00,Antonio K.,False,
T102215,V1134,"Williams, Crane and Walker",IT,INV-91522,101098.3,2025-06-17 15:09:00,Kayla M.,False,
T104933,V1025,James-Ferrell,IT,INV-16673,28422.1,2025-06-17 15:18:00,Elizabeth S.,False,
T104172,V1062,Donovan-Harris,IT,INV-40160,42306.04,2025-06-17 15:55:00,Melinda O.,False,
T106094,V9999,Meridian Consulting Partners LLC,Operations,INV-38569,8376.6,2025-06-17 17:00:00,Marcus T.,True,fabricated_invoice_benford
T105458,V1069,"Riggs, Roman and Rice",Marketing,INV-69863,96061.66,2025-06-17 17:36:00,Connie R.,False,
T102500,V1091,Wilson LLC,Operations,INV-35238,20587.55,2025-06-17 19:33:00,Matthew M.,False,
T103856,V1011,Stanley LLC,IT,INV-43260,114517.6,2025-06-18 11:06:00,Sean S.,False,
T101222,V1139,Oconnell Inc,Marketing,INV-91501,105674.96,2025-06-18 11:22:00,Jason S.,False,
T102988,V1033,Koch-Decker,Procurement,INV-57555,89224.38,2025-06-18 11:40:00,Jessica L.,False,
T103574,V1050,Ramos PLC,Legal,INV-96944,283341.85,2025-06-18 11:59:00,Carl B.,False,
T102579,V1118,Nelson LLC,HR,INV-27527,46621.14,2025-06-18 12:01:00,Robert B.,False,
T103030,V1134,"Williams, Crane and Walker",IT,INV-24046,47513.03,2025-06-18 12:19:00,Earl B.,False,
T100669,V1069,"Riggs, Roman and Rice",Operations,INV-85088,355157.6,2025-06-18 12:19:00,Erik P.,False,
T103361,V1033,Koch-Decker,Marketing,INV-84379,57007.87,2025-06-18 13:13:00,George L.,False,
T101787,V1107,Riggs PLC,Marketing,INV-78766,39981.87,2025-06-18 13:33:00,Michael O.,False,
T105044,V1063,Baker and Sons,Facilities,INV-72896,1581.62,2025-06-18 13:41:00,Jessica M.,False,
T102743,V1091,Wilson LLC,Operations,INV-74350,23590.54,2025-06-18 13:58:00,Jeffery G.,False,
T102726,V1038,"Campos, Vaughn and Marquez",Marketing,INV-93755,43776.41,2025-06-18 14:36:00,Bonnie T.,False,
T105957,V1047,"Garcia, Powell and Morgan",Operations,INV-59701,6184.86,2025-06-18 14:47:00,Jennifer R.,False,
T100363,V1002,Johnson-Davis,Facilities,INV-88116,16836.03,2025-06-18 14:49:00,Benjamin Z.,False,
T102289,V1050,Ramos PLC,Operations,INV-61111,46651.5,2025-06-18 14:53:00,Emily N.,False,
T102807,V1080,Fleming Ltd,IT,INV-51620,24226.77,2025-06-18 15:08:00,Richard H.,False,
T103996,V1118,Nelson LLC,Marketing,INV-72338,59908.16,2025-06-18 15:34:00,Tracy S.,False,
T100393,V1050,Ramos PLC,Procurement,INV-63845,172833.21,2025-06-18 15:42:00,Henry S.,False,
T105904,V1012,Delacruz Group,HR,INV-35475,14763.8,2025-06-18 16:45:00,Darren R.,False,
T105042,V1127,Price Ltd,Operations,INV-95996,17304.51,2025-06-18 17:11:00,Steven W.,False,
T104099,V1134,"Williams, Crane and Walker",Marketing,INV-77397,84822.28,2025-06-18 18:32:00,Jessica H.,False,
T105199,V1086,Garrison and Sons,Marketing,INV-30630,9369.73,2025-06-18 19:56:00,Daniel S.,False,
T104761,V1115,"Griffin, Moore and Hensley",Procurement,INV-30289,45496.89,2025-06-19 07:27:00,Diane D.,False,
T104951,V1112,Grant Inc,HR,INV-52799,83847.74,2025-06-19 07:40:00,Zachary C.,False,
T101315,V1067,Ibarra-Suarez,IT,INV-48479,28873.73,2025-06-19 08:21:00,Nancy G.,False,
T103564,V1086,Garrison and Sons,Facilities,INV-47997,12402.91,2025-06-19 09:01:00,Megan S.,False,
T104160,V1033,Koch-Decker,Facilities,INV-94913,59047.01,2025-06-19 10:04:00,Sherry D.,False,
T102811,V1050,Ramos PLC,Facilities,INV-36976,62404.78,2025-06-19 10:21:00,Laurie H.,False,
T101807,V1033,Koch-Decker,IT,INV-98142,68501.28,2025-06-19 10:53:00,Raymond G.,False,
T101690,V1034,Allen PLC,HR,INV-80517,161002.09,2025-06-19 11:13:00,Nicholas G.,False,
T100221,V1073,"Walters, Baker and Freeman",HR,INV-69473,11631.17,2025-06-19 11:22:00,Nathan A.,False,
T100782,V1043,"Young, Caldwell and Lewis",Legal,INV-28343,41541.29,2025-06-19 12:24:00,Lisa W.,False,
T103459,V1115,"Griffin, Moore and Hensley",Operations,INV-64695,44789.13,2025-06-19 12:25:00,George R.,False,
T100646,V1018,Clark PLC,Marketing,INV-23178,1559.34,2025-06-19 12:45:00,Monica R.,False,
T101243,V1033,Koch-Decker,Procurement,INV-76444,112189.4,2025-06-19 13:17:00,Angela F.,False,
T104963,V1053,Barrera-Martin,Procurement,INV-41784,60865.99,2025-06-19 13:19:00,Jeffery M.,False,
T101360,V1034,Allen PLC,Facilities,INV-97988,91708.46,2025-06-19 13:22:00,Gina L.,False,
T103078,V1011,Stanley LLC,HR,INV-57367,93323.57,2025-06-19 13:23:00,Kevin W.,False,
T102722,V1053,Barrera-Martin,HR,INV-89036,58264.17,2025-06-19 13:36:00,Jonathan J.,False,
T104542,V1001,Rhodes PLC,HR,INV-23871,42579.01,2025-06-19 13:50:00,Morgan K.,False,
T103822,V1115,"Griffin, Moore and Hensley",Procurement,INV-91916,27182.98,2025-06-19 14:06:00,Melissa L.,False,
T100660,V1075,Smith and Sons,HR,INV-70150,8318.18,2025-06-19 14:10:00,Mark M.,False,
T100851,V1127,Price Ltd,Marketing,INV-70562,66460.88,2025-06-19 14:35:00,Gina J.,False,
T103833,V1075,Smith and Sons,Legal,INV-87616,20426.77,2025-06-19 14:36:00,Brian M.,False,
T100135,V1116,Larsen LLC,IT,INV-96951,17828.15,2025-06-19 14:39:00,Molly P.,False,
T104937,V1088,Johnson and Sons,HR,INV-67653,53238.81,2025-06-19 14:42:00,Shawn M.,False,
T100835,V1053,Barrera-Martin,Marketing,INV-23886,39883.85,2025-06-19 14:50:00,Kenneth W.,False,
T102653,V1127,Price Ltd,Operations,INV-84199,34817.75,2025-06-19 14:54:00,Eddie M.,False,
T100126,V1050,Ramos PLC,Procurement,INV-44237,42217.44,2025-06-19 15:01:00,Chad B.,False,
T105179,V1052,Martin Group,Procurement,INV-76021,154154.53,2025-06-19 15:06:00,Jeffery G.,False,
T103766,V1011,Stanley LLC,Facilities,INV-82476,74254.59,2025-06-19 15:26:00,Dominique L.,False,
T101254,V1139,Oconnell Inc,Legal,INV-91232,50580.1,2025-06-19 16:35:00,Thomas J.,False,
T105719,V1055,Horton-Cross,Operations,INV-13268,92368.26,2025-06-19 17:40:00,Jeffrey H.,False,
T101578,V1025,James-Ferrell,Legal,INV-29148,34798.33,2025-06-19 18:05:00,Kristie M.,False,
T104416,V1001,Rhodes PLC,Marketing,INV-39933,90702.98,2025-06-19 19:11:00,Curtis M.,False,
T100609,V1017,Underwood LLC,Marketing,INV-78069,3360.89,2025-06-20 07:51:00,Erin L.,False,
T102833,V1052,Martin Group,HR,INV-71506,138306.64,2025-06-20 09:08:00,Donna C.,False,
T103163,V1051,"Kidd, Huff and Novak",Legal,INV-95715,30570.93,2025-06-20 11:08:00,Katelyn V.,False,
T104968,V1012,Delacruz Group,Procurement,INV-50371,97417.84,2025-06-20 11:23:00,Donna B.,False,
T105000,V1092,Johnson-Carlson,IT,INV-85926,35712.84,2025-06-20 11:44:00,Justin J.,False,
T100515,V1011,Stanley LLC,Procurement,INV-56176,144173.79,2025-06-20 12:08:00,Charles O.,False,
T103790,V1055,Horton-Cross,Legal,INV-92564,22605.79,2025-06-20 12:09:00,Julia H.,False,
T100360,V1011,Stanley LLC,Facilities,INV-84000,78375.72,2025-06-20 12:15:00,Shannon S.,False,
T101705,V1069,"Riggs, Roman and Rice",Marketing,INV-30578,294004.2,2025-06-20 12:31:00,Deborah J.,False,
T105702,V1096,Jones-Beck,Procurement,INV-47712,5585.08,2025-06-20 13:05:00,Mary S.,False,
T104146,V1063,Baker and Sons,HR,INV-43951,637.0,2025-06-20 13:12:00,Miguel B.,False,
T101800,V1011,Stanley LLC,Operations,INV-93558,47487.69,2025-06-20 13:22:00,Michelle O.,False,
T104671,V1091,Wilson LLC,Marketing,INV-60930,12666.74,2025-06-20 15:13:00,Henry E.,False,
T104154,V1127,Price Ltd,Procurement,INV-19902,39536.9,2025-06-20 15:40:00,Jessica T.,False,
T101974,V1007,Davis Inc,IT,INV-62509,35652.18,2025-06-20 15:43:00,Carol V.,False,
T104117,V1034,Allen PLC,IT,INV-51333,61175.7,2025-06-20 15:46:00,Carol S.,False,
T104304,V1043,"Young, Caldwell and Lewis",Operations,INV-80547,67040.54,2025-06-20 16:22:00,Beth T.,False,
T103436,V1025,James-Ferrell,Marketing,INV-28590,11971.15,2025-06-20 16:57:00,Daniel W.,False,
T102989,V1034,Allen PLC,IT,INV-29179,21487.62,2025-06-20 17:49:00,Henry S.,False,
T105604,V1053,Barrera-Martin,Legal,INV-43278,83794.81,2025-06-20 18:16:00,Thomas M.,False,
T106054,V1033,Koch-Decker,Marketing,INV-68239,183931.22,2025-06-21 01:21:00,Colton J.,True,weekend_after_hours
T106047,V1102,"Lawson, Morris and Ramos",Marketing,INV-79460,1026.81,2025-06-22 02:55:00,Danielle A.,True,weekend_after_hours
T101817,V1033,Koch-Decker,HR,INV-80028,68886.88,2025-06-23 07:24:00,Kimberly W.,False,
T102669,V1038,"Campos, Vaughn and Marquez",Facilities,INV-49986,11052.84,2025-06-23 07:59:00,Tara P.,False,
T101265,V1112,Grant Inc,Legal,INV-64325,47887.48,2025-06-23 08:06:00,Paul M.,False,
T100405,V1088,Johnson and Sons,Procurement,INV-33777,139408.88,2025-06-23 09:22:00,Robert M.,False,
T104591,V1034,Allen PLC,IT,INV-99660,219187.29,2025-06-23 10:40:00,Samantha C.,False,
T103755,V1121,Daniels-Perry,Legal,INV-15980,37557.54,2025-06-23 10:40:00,Shannon P.,False,
T102250,V1080,Fleming Ltd,Operations,INV-49258,30022.19,2025-06-23 12:10:00,Steven G.,False,
T103572,V1055,Horton-Cross,IT,INV-36281,41672.55,2025-06-23 13:26:00,Eric K.,False,
T105072,V1043,"Young, Caldwell and Lewis",HR,INV-10974,67858.57,2025-06-23 13:26:00,Dana W.,False,
T102530,V1104,Campbell Ltd,Procurement,INV-97876,90855.76,2025-06-23 13:34:00,Christopher S.,False,
T104991,V1025,James-Ferrell,Facilities,INV-71952,16100.66,2025-06-23 13:42:00,Amanda G.,False,
T100336,V1139,Oconnell Inc,Procurement,INV-71385,83868.45,2025-06-23 13:51:00,Michael M.,False,
T100433,V1052,Martin Group,IT,INV-32037,87484.72,2025-06-23 14:14:00,Amanda C.,False,
T102110,V1127,Price Ltd,Procurement,INV-72781,23195.95,2025-06-23 14:44:00,Joshua B.,False,
T101477,V1011,Stanley LLC,Marketing,INV-99337,74998.81,2025-06-23 14:49:00,Tyler M.,False,
T101450,V1052,Martin Group,Operations,INV-90481,64025.63,2025-06-23 14:51:00,Ricardo B.,False,
T102940,V1055,Horton-Cross,Marketing,INV-29473,62838.27,2025-06-23 15:37:00,Susan P.,False,
T100068,V1050,Ramos PLC,Legal,INV-24322,60363.57,2025-06-23 15:51:00,Kathryn G.,False,
T102203,V1069,"Riggs, Roman and Rice",Operations,INV-62990,37072.91,2025-06-23 16:12:00,Courtney W.,False,
T103024,V1012,Delacruz Group,HR,INV-42737,38587.04,2025-06-23 16:58:00,Thomas M.,False,
T100057,V1051,"Kidd, Huff and Novak",Operations,INV-82603,18786.66,2025-06-23 18:01:00,Travis R.,False,
T102440,V1092,Johnson-Carlson,Operations,INV-96108,11117.56,2025-06-23 19:58:00,Alex S.,False,
T104807,V1050,Ramos PLC,Legal,INV-80161,82388.19,2025-06-24 08:19:00,Kenneth D.,False,
T104599,V1088,Johnson and Sons,Legal,INV-53392,95690.1,2025-06-24 08:36:00,Donald S.,False,
T102620,V1053,Barrera-Martin,Procurement,INV-53724,53509.27,2025-06-24 08:53:00,Monica W.,False,
T105803,V1134,"Williams, Crane and Walker",Facilities,INV-15739,138743.25,2025-06-24 09:11:00,Mary S.,False,
T102410,V1020,"Ellis, Baker and Wright",Legal,INV-34535,8305.6,2025-06-24 09:58:00,Gregory P.,False,
T102465,V1134,"Williams, Crane and Walker",Operations,INV-32447,81979.83,2025-06-24 10:18:00,Daniel F.,False,
T103880,V1121,Daniels-Perry,Operations,INV-21284,38632.15,2025-06-24 10:29:00,Christopher M.,False,
T103679,V1033,Koch-Decker,Procurement,INV-20683,26798.42,2025-06-24 11:20:00,Oscar T.,False,
T104594,V1011,Stanley LLC,IT,INV-26794,104832.54,2025-06-24 11:46:00,Paul R.,False,
T102453,V1050,Ramos PLC,IT,INV-16117,180191.68,2025-06-24 11:50:00,Jack P.,False,
T104233,V1069,"Riggs, Roman and Rice",Legal,INV-73878,175338.07,2025-06-24 11:51:00,Jesse L.,False,
T103555,V1127,Price Ltd,HR,INV-94178,32150.35,2025-06-24 12:11:00,James M.,False,
T102159,V1043,"Young, Caldwell and Lewis",Facilities,INV-23424,35414.8,2025-06-24 12:58:00,Amanda D.,False,
T102651,V1050,Ramos PLC,HR,INV-72354,110007.71,2025-06-24 13:12:00,Jeremy W.,False,
T105330,V1001,Rhodes PLC,Procurement,INV-66333,72429.81,2025-06-24 13:22:00,Tracey W.,False,
T105173,V1104,Campbell Ltd,Facilities,INV-90186,28376.57,2025-06-24 13:59:00,Victoria H.,False,
T105154,V1076,Martin-Ramos,Marketing,INV-35351,9173.79,2025-06-24 14:00:00,Courtney S.,False,
T102544,V1033,Koch-Decker,Facilities,INV-64386,70745.33,2025-06-24 14:27:00,Michelle H.,False,
T102713,V1001,Rhodes PLC,Procurement,INV-51035,64521.32,2025-06-24 14:50:00,Eric E.,False,
T100041,V1116,Larsen LLC,IT,INV-66985,50120.27,2025-06-24 15:07:00,Julia T.,False,
T106010,V1055,Horton-Cross,Marketing,INV-29473,62838.27,2025-06-24 15:37:00,Susan P.,True,duplicate_payment
T103701,V1070,"Evans, Alvarado and Mcmillan",Operations,INV-77853,25104.77,2025-06-24 16:03:00,Dylan J.,False,
T100286,V1120,Mccarthy Inc,Legal,INV-76550,45076.06,2025-06-24 16:59:00,Melanie B.,False,
T102578,V1069,"Riggs, Roman and Rice",Marketing,INV-88579,152232.04,2025-06-24 17:13:00,Angela H.,False,
T101506,V1034,Allen PLC,Facilities,INV-75374,144180.9,2025-06-25 08:23:00,Jason S.,False,
T101909,V1113,Contreras-Travis,Legal,INV-11413,19348.33,2025-06-25 09:34:00,Katie Y.,False,
T102220,V1034,Allen PLC,Legal,INV-80848,49560.62,2025-06-25 09:51:00,Mark G.,False,
T102646,V1062,Donovan-Harris,IT,INV-11059,33948.97,2025-06-25 10:18:00,Kristin T.,False,
T100909,V1050,Ramos PLC,HR,INV-16345,55480.17,2025-06-25 10:57:00,Andrew C.,False,
T103251,V1070,"Evans, Alvarado and Mcmillan",Marketing,INV-37870,15703.49,2025-06-25 11:38:00,David T.,False,
T104107,V1108,Gibson Ltd,HR,INV-80594,500.31,2025-06-25 11:40:00,Jacob T.,False,
T102042,V1002,Johnson-Davis,IT,INV-89119,73921.2,2025-06-25 12:14:00,Lori D.,False,
T105881,V1007,Davis Inc,Marketing,INV-55314,60298.93,2025-06-25 12:14:00,Richard B.,False,
T104737,V1126,Freeman LLC,IT,INV-37321,45790.15,2025-06-25 12:24:00,Jeffrey B.,False,
T100630,V1020,"Ellis, Baker and Wright",IT,INV-98587,6735.08,2025-06-25 12:34:00,Jesse G.,False,
T101926,V1050,Ramos PLC,Facilities,INV-88059,93863.07,2025-06-25 13:05:00,Andrew C.,False,
T100454,V1012,Delacruz Group,Procurement,INV-76132,15003.28,2025-06-25 13:45:00,James M.,False,
T104638,V1025,James-Ferrell,Procurement,INV-74547,33692.9,2025-06-25 13:48:00,Sara E.,False,
T101074,V1092,Johnson-Carlson,Marketing,INV-31090,13302.22,2025-06-25 14:10:00,Alexandria B.,False,
T105506,V1104,Campbell Ltd,Operations,INV-99972,61384.82,2025-06-25 14:33:00,Tiffany O.,False,
T101194,V1003,"Johnson, Gonzalez and Santos",Marketing,INV-57087,7734.75,2025-06-25 14:57:00,Leah O.,False,
T101418,V1069,"Riggs, Roman and Rice",Marketing,INV-88188,86696.8,2025-06-25 14:59:00,Johnny M.,False,
T104133,V1120,Mccarthy Inc,Operations,INV-58424,41809.94,2025-06-25 15:17:00,Gloria E.,False,
T105698,V1120,Mccarthy Inc,Procurement,INV-70746,56930.16,2025-06-25 17:45:00,Chelsea H.,False,
T105312,V1053,Barrera-Martin,Procurement,INV-86881,63890.97,2025-06-25 18:53:00,George P.,False,
T101161,V1052,Martin Group,HR,INV-39145,50788.25,2025-06-25 19:46:00,Christopher R.,False,
T101557,V1126,Freeman LLC,Marketing,INV-80136,33231.22,2025-06-26 08:18:00,Julia H.,False,
T104462,V1052,Martin Group,Marketing,INV-72800,129922.26,2025-06-26 08:40:00,Trevor D.,False,
T105404,V1115,"Griffin, Moore and Hensley",Operations,INV-22067,47411.46,2025-06-26 10:01:00,Brandy H.,False,
T101352,V1011,Stanley LLC,Marketing,INV-94663,64802.24,2025-06-26 10:13:00,Meredith P.,False,
T104004,V1001,Rhodes PLC,Facilities,INV-79414,75241.85,2025-06-26 11:05:00,Gabrielle W.,False,
T104229,V1139,Oconnell Inc,HR,INV-85654,74795.28,2025-06-26 11:12:00,Thomas M.,False,
T103928,V1050,Ramos PLC,Marketing,INV-82067,61935.67,2025-06-26 12:06:00,Jonathon P.,False,
T100586,V1011,Stanley LLC,Facilities,INV-58567,62156.21,2025-06-26 12:25:00,Allen R.,False,
T100012,V1052,Martin Group,IT,INV-15695,44505.69,2025-06-26 12:38:00,Tracy H.,False,
T101446,V1007,Davis Inc,HR,INV-62183,64048.69,2025-06-26 13:49:00,Mark K.,False,
T105413,V1033,Koch-Decker,Marketing,INV-24249,91058.85,2025-06-26 13:58:00,Timothy W.,False,
T100841,V1106,Walker-Gonzalez,Marketing,INV-23703,2037.72,2025-06-26 14:01:00,Kathleen G.,False,
T105241,V1034,Allen PLC,IT,INV-21624,108762.73,2025-06-26 14:40:00,Daniel D.,False,
T104559,V1126,Freeman LLC,Facilities,INV-79540,25072.19,2025-06-26 14:47:00,Michael J.,False,
T100416,V1070,"Evans, Alvarado and Mcmillan",Procurement,INV-47125,24467.19,2025-06-26 15:27:00,Robert S.,False,
T100290,V1118,Nelson LLC,Operations,INV-81228,48296.86,2025-06-26 16:21:00,Katrina H.,False,
T101681,V1120,Mccarthy Inc,HR,INV-13172,22319.23,2025-06-26 16:38:00,Jesse B.,False,
T104069,V1033,Koch-Decker,Facilities,INV-86957,107377.75,2025-06-26 17:41:00,Brittany S.,False,
T102997,V1067,Ibarra-Suarez,HR,INV-98842,18078.56,2025-06-26 19:51:00,Rodney H.,False,
T101032,V1011,Stanley LLC,Operations,INV-75849,46164.59,2025-06-26 19:58:00,John B.,False,
T105859,V1118,Nelson LLC,Procurement,INV-11200,37671.93,2025-06-27 07:14:00,Savannah R.,False,
T104291,V1025,James-Ferrell,Legal,INV-67703,18278.73,2025-06-27 07:41:00,Christopher R.,False,
T100784,V1007,Davis Inc,Procurement,INV-67290,23037.53,2025-06-27 09:03:00,Crystal J.,False,
T101499,V1112,Grant Inc,Legal,INV-99959,28017.07,2025-06-27 09:25:00,Cynthia M.,False,
T104530,V1088,Johnson and Sons,IT,INV-82401,20893.89,2025-06-27 09:46:00,Aaron L.,False,
T102087,V1084,Pham-Shields,Marketing,INV-94500,972.83,2025-06-27 10:26:00,Ana D.,False,
T100962,V1050,Ramos PLC,Operations,INV-43980,79786.05,2025-06-27 10:33:00,Michelle W.,False,
T103089,V1113,Contreras-Travis,IT,INV-68783,52079.56,2025-06-27 10:57:00,Janet E.,False,
T102707,V1114,Salazar-Ball,Marketing,INV-63183,19524.69,2025-06-27 12:50:00,Robin G.,False,
T103577,V1024,Conner Group,Marketing,INV-88400,1320.6,2025-06-27 13:04:00,David W.,False,
T103922,V1139,Oconnell Inc,Marketing,INV-31671,114309.34,2025-06-27 13:29:00,Cory W.,False,
T103110,V1073,"Walters, Baker and Freeman",Operations,INV-58380,32683.02,2025-06-27 13:40:00,Michele R.,False,
T105996,V1134,"Williams, Crane and Walker",IT,INV-58869,51467.01,2025-06-27 13:43:00,Molly J.,False,
T103463,V1139,Oconnell Inc,Procurement,INV-11092,37181.37,2025-06-27 14:18:00,David L.,False,
T103431,V1017,Underwood LLC,IT,INV-88159,1938.8,2025-06-27 14:40:00,Jaime A.,False,
T100569,V1069,"Riggs, Roman and Rice",IT,INV-20336,71193.9,2025-06-27 15:33:00,Paul C.,False,
T100639,V1104,Campbell Ltd,Marketing,INV-95979,32241.97,2025-06-27 17:59:00,Denise H.,False,
T101469,V1055,Horton-Cross,IT,INV-39661,24814.71,2025-06-27 19:52:00,April W.,False,
T103648,V1051,"Kidd, Huff and Novak",HR,INV-15863,16885.79,2025-06-30 07:34:00,Kristin W.,False,
T103439,V1007,Davis Inc,Operations,INV-10131,52420.45,2025-06-30 09:30:00,Heather O.,False,
T103161,V1113,Contreras-Travis,Marketing,INV-65552,13625.3,2025-06-30 10:20:00,Brent S.,False,
T102075,V1086,Garrison and Sons,IT,INV-76003,25753.74,2025-06-30 11:57:00,Leah H.,False,
T102232,V1088,Johnson and Sons,IT,INV-52006,36760.79,2025-06-30 12:49:00,Nicole H.,False,
T103283,V1034,Allen PLC,Operations,INV-65816,45403.33,2025-06-30 12:53:00,Mary R.,False,
T100396,V1069,"Riggs, Roman and Rice",Operations,INV-76507,67620.05,2025-06-30 13:06:00,Michael B.,False,
T103352,V1062,Donovan-Harris,HR,INV-18423,24095.46,2025-06-30 13:23:00,Jenna L.,False,
T103022,V1052,Martin Group,Marketing,INV-74947,121811.37,2025-06-30 14:03:00,Scott L.,False,
T104470,V1009,"Martinez, Nielsen and Miller",Marketing,INV-65199,6025.4,2025-06-30 14:13:00,Lisa M.,False,
T103558,V1007,Davis Inc,Operations,INV-83229,65018.94,2025-06-30 14:22:00,Makayla J.,False,
T104008,V1088,Johnson and Sons,Marketing,INV-64446,47122.73,2025-06-30 14:36:00,Christopher P.,False,
T101912,V1127,Price Ltd,IT,INV-47907,34964.5,2025-06-30 14:51:00,Nicole K.,False,
T101465,V1139,Oconnell Inc,Marketing,INV-63143,50611.13,2025-06-30 15:42:00,Alexander O.,False,
T103231,V1052,Martin Group,Procurement,INV-33486,51772.31,2025-06-30 16:05:00,Shawn T.,False,
T100507,V1043,"Young, Caldwell and Lewis",Operations,INV-64600,53263.77,2025-06-30 16:15:00,Troy W.,False,
T101283,V1067,Ibarra-Suarez,Marketing,INV-86389,21401.05,2025-06-30 16:35:00,April S.,False,
T103761,V1069,"Riggs, Roman and Rice",Legal,INV-82468,40751.81,2025-06-30 19:49:00,Jill G.,False,
T103844,V1035,Dennis Inc,Legal,INV-78417,25543.15,2025-07-01 07:19:00,Michael W.,False,
T102187,V1091,Wilson LLC,Marketing,INV-38085,40617.74,2025-07-01 07:24:00,Bradley J.,False,
T102404,V1126,Freeman LLC,Operations,INV-20717,10652.48,2025-07-01 08:16:00,Chase B.,False,
T100765,V1139,Oconnell Inc,Legal,INV-62022,42021.88,2025-07-01 08:17:00,Luke H.,False,
T101938,V1118,Nelson LLC,Marketing,INV-90017,51712.31,2025-07-01 08:54:00,Patrick S.,False,
T104908,V1092,Johnson-Carlson,Operations,INV-85690,19351.03,2025-07-01 09:50:00,Patrick T.,False,
T104848,V1139,Oconnell Inc,Facilities,INV-29884,175193.19,2025-07-01 09:53:00,Jennifer C.,False,
T101793,V1127,Price Ltd,Facilities,INV-90516,47902.28,2025-07-01 09:59:00,Daryl P.,False,
T103525,V1030,Harrell LLC,Marketing,INV-70076,9173.24,2025-07-01 10:08:00,Donna G.,False,
T103688,V1055,Horton-Cross,Marketing,INV-82999,30944.04,2025-07-01 10:08:00,Kyle A.,False,
T102345,V1094,"Lee, Williams and Graham",HR,INV-88411,24444.77,2025-07-01 10:38:00,Kelly G.,False,
T105530,V1069,"Riggs, Roman and Rice",Marketing,INV-60191,249644.99,2025-07-01 11:11:00,Matthew J.,False,
T101525,V1035,Dennis Inc,HR,INV-76904,15360.55,2025-07-01 12:20:00,Devon M.,False,
T103488,V1053,Barrera-Martin,Marketing,INV-65116,49483.72,2025-07-01 12:27:00,Christopher W.,False,
T105708,V1127,Price Ltd,Marketing,INV-66293,21806.69,2025-07-01 12:28:00,Susan G.,False,
T100394,V1043,"Young, Caldwell and Lewis",HR,INV-65435,32705.2,2025-07-01 12:55:00,Colleen O.,False,
T105071,V1139,Oconnell Inc,HR,INV-58829,41503.49,2025-07-01 13:01:00,Brooke J.,False,
T100424,V1025,James-Ferrell,Marketing,INV-15544,41586.15,2025-07-01 13:04:00,Taylor G.,False,
T102492,V1121,Daniels-Perry,Procurement,INV-95322,82468.7,2025-07-01 13:07:00,Tom M.,False,
T103477,V1043,"Young, Caldwell and Lewis",Legal,INV-98932,43759.79,2025-07-01 14:15:00,Nicholas S.,False,
T101707,V1007,Davis Inc,IT,INV-40959,28279.94,2025-07-01 14:40:00,Brittany T.,False,
T100212,V1094,"Lee, Williams and Graham",IT,INV-54608,15812.6,2025-07-01 14:51:00,Thomas H.,False,
T103721,V1028,Chavez Ltd,Procurement,INV-39155,7149.92,2025-07-01 14:51:00,Kim B.,False,
T105268,V1050,Ramos PLC,IT,INV-48091,104595.61,2025-07-01 15:48:00,Sean E.,False,
T104245,V1033,Koch-Decker,Operations,INV-29892,99695.48,2025-07-01 16:33:00,Virginia D.,False,
T101040,V1118,Nelson LLC,Legal,INV-32768,45430.15,2025-07-01 16:59:00,Paul A.,False,
T105780,V1053,Barrera-Martin,Legal,INV-70324,44905.87,2025-07-01 17:06:00,Lisa T.,False,
T104514,V1033,Koch-Decker,Legal,INV-74847,22730.81,2025-07-01 17:38:00,Brandon R.,False,
T101009,V1134,"Williams, Crane and Walker",Operations,INV-16416,95422.53,2025-07-02 08:25:00,Karina P.,False,
T102149,V1134,"Williams, Crane and Walker",IT,INV-48228,92120.32,2025-07-02 09:03:00,Stephanie W.,False,
T102113,V1050,Ramos PLC,IT,INV-17213,58139.75,2025-07-02 09:05:00,Sherry A.,False,
T105057,V1052,Martin Group,Procurement,INV-56299,87006.16,2025-07-02 10:50:00,Anne M.,False,
T105471,V1033,Koch-Decker,Facilities,INV-40838,45379.2,2025-07-02 11:59:00,Emily M.,False,
T103211,V1127,Price Ltd,HR,INV-98432,138609.18,2025-07-02 13:08:00,Matthew R.,False,
T104637,V1121,Daniels-Perry,Procurement,INV-64085,26273.82,2025-07-02 14:21:00,William M.,False,
T102237,V1139,Oconnell Inc,IT,INV-17398,133878.24,2025-07-02 14:26:00,Robert W.,False,
T100513,V1139,Oconnell Inc,Procurement,INV-55193,90483.87,2025-07-02 14:50:00,Robert A.,False,
T103149,V1011,Stanley LLC,Operations,INV-53741,16888.07,2025-07-02 15:04:00,Angela K.,False,
T105182,V1126,Freeman LLC,Marketing,INV-82913,43032.19,2025-07-02 15:48:00,Tanner M.,False,
T103209,V1011,Stanley LLC,IT,INV-62184,89725.84,2025-07-02 16:48:00,Amber L.,False,
T103909,V1009,"Martinez, Nielsen and Miller",Facilities,INV-71189,29000.18,2025-07-03 09:19:00,Joseph S.,False,
T103636,V1090,"Hicks, Frazier and Anthony",HR,INV-82955,257.41,2025-07-03 09:30:00,William H.,False,
T104775,V1114,Salazar-Ball,Marketing,INV-76468,10473.75,2025-07-03 09:30:00,Angela M.,False,
T101230,V1068,Kim PLC,Procurement,INV-99714,66.97,2025-07-03 09:39:00,Katherine P.,False,
T105799,V1104,Campbell Ltd,Legal,INV-88602,52973.68,2025-07-03 09:42:00,Margaret P.,False,
T106014,V1104,Campbell Ltd,Legal,INV-88602,52973.68,2025-07-03 09:42:00,Margaret P.,True,duplicate_payment
T101036,V1134,"Williams, Crane and Walker",Operations,INV-40508,25968.92,2025-07-03 10:49:00,Jamie L.,False,
T101292,V1088,Johnson and Sons,Marketing,INV-23432,29017.61,2025-07-03 10:52:00,Joseph P.,False,
T100738,V1034,Allen PLC,IT,INV-57139,65376.74,2025-07-03 12:19:00,Kevin W.,False,
T100309,V1121,Daniels-Perry,Marketing,INV-29080,62811.94,2025-07-03 12:23:00,Michael R.,False,
T105412,V1055,Horton-Cross,Facilities,INV-36557,75674.57,2025-07-03 12:45:00,Deborah H.,False,
T104184,V1092,Johnson-Carlson,IT,INV-64411,6117.25,2025-07-03 12:47:00,Donald S.,False,
T102644,V1055,Horton-Cross,Operations,INV-80928,138150.46,2025-07-03 13:19:00,April R.,False,
T101209,V1139,Oconnell Inc,Marketing,INV-48712,235587.94,2025-07-03 14:45:00,Kelly T.,False,
T101340,V1050,Ramos PLC,Operations,INV-23911,45014.36,2025-07-03 14:59:00,Kevin M.,False,
T100113,V1034,Allen PLC,HR,INV-42706,134019.87,2025-07-03 17:13:00,Todd J.,False,
T104389,V1088,Johnson and Sons,Marketing,INV-96462,73470.95,2025-07-03 19:03:00,Roberta C.,False,
T104186,V1116,Larsen LLC,IT,INV-76680,19434.71,2025-07-04 07:30:00,Robert C.,False,
T102467,V1052,Martin Group,HR,INV-42171,80848.79,2025-07-04 08:40:00,Daniel A.,False,
T101782,V1053,Barrera-Martin,Procurement,INV-22206,40896.37,2025-07-04 08:59:00,Elizabeth S.,False,
T100228,V1043,"Young, Caldwell and Lewis",IT,INV-11854,58950.63,2025-07-04 10:11:00,Sean Y.,False,
T100808,V1121,Daniels-Perry,Facilities,INV-91924,38396.86,2025-07-04 10:16:00,Mark M.,False,
T101647,V1103,"Kennedy, Santana and Flynn",Marketing,INV-62047,2394.86,2025-07-04 10:28:00,Todd M.,False,
T104708,V1121,Daniels-Perry,Procurement,INV-88925,33015.99,2025-07-04 11:27:00,Colleen S.,False,
T102876,V1104,Campbell Ltd,Marketing,INV-59602,66705.55,2025-07-04 11:42:00,Madison W.,False,
T101463,V1134,"Williams, Crane and Walker",HR,INV-10037,34681.69,2025-07-04 12:15:00,Paige A.,False,
T105913,V1118,Nelson LLC,IT,INV-66032,54722.83,2025-07-04 12:16:00,Rachel C.,False,
T101520,V1043,"Young, Caldwell and Lewis",Operations,INV-83071,19050.17,2025-07-04 12:23:00,Marc K.,False,
T102120,V1112,Grant Inc,Facilities,INV-66051,213926.13,2025-07-04 12:25:00,Larry J.,False,
T104144,V1126,Freeman LLC,Legal,INV-68437,19329.72,2025-07-04 12:57:00,Justin H.,False,
T103454,V1052,Martin Group,HR,INV-21701,37802.25,2025-07-04 13:13:00,Craig D.,False,
T105703,V1121,Daniels-Perry,IT,INV-74491,50675.16,2025-07-04 13:33:00,Courtney S.,False,
T104289,V1112,Grant Inc,HR,INV-89142,101477.84,2025-07-04 13:37:00,Johnny T.,False,
T102417,V1038,"Campos, Vaughn and Marquez",HR,INV-98487,26326.92,2025-07-04 13:44:00,Donna B.,False,
T101131,V1104,Campbell Ltd,Facilities,INV-45910,55829.39,2025-07-04 13:45:00,Lindsey T.,False,
T102355,V1011,Stanley LLC,Marketing,INV-47083,36984.54,2025-07-04 13:59:00,Tammy S.,False,
T100796,V1062,Donovan-Harris,IT,INV-23399,34369.38,2025-07-04 14:48:00,John H.,False,
T100795,V1052,Martin Group,Procurement,INV-10680,113093.48,2025-07-04 15:06:00,Samantha W.,False,
T100557,V1033,Koch-Decker,Operations,INV-58353,81538.48,2025-07-04 15:35:00,Natasha J.,False,
T101629,V1088,Johnson and Sons,HR,INV-64519,39351.51,2025-07-04 16:35:00,Donald W.,False,
T102501,V1001,Rhodes PLC,Procurement,INV-29209,44595.8,2025-07-04 17:29:00,Jennifer S.,False,
T105985,V1104,Campbell Ltd,Operations,INV-51203,37170.54,2025-07-04 19:21:00,Matthew O.,False,
T106138,V1003,"Johnson, Gonzalez and Santos",Operations,INV-35727,68453.92,2025-07-04 19:36:00,Kelly M.,True,statistical_outlier
T103150,V1137,Marshall LLC,Procurement,INV-15681,7841.52,2025-07-04 19:59:00,Michael G.,False,
T106046,V1063,Baker and Sons,Operations,INV-41713,1922.8,2025-07-05 03:28:00,Erin H.,True,weekend_after_hours
T106057,V1083,White LLC,Facilities,INV-83999,187.14,2025-07-06 02:25:00,Christopher H.,True,weekend_after_hours
T101680,V1069,"Riggs, Roman and Rice",Facilities,INV-52039,52823.34,2025-07-07 07:22:00,Billy J.,False,
T101396,V1069,"Riggs, Roman and Rice",HR,INV-20202,103134.03,2025-07-07 07:37:00,Adam G.,False,
T105319,V1003,"Johnson, Gonzalez and Santos",Procurement,INV-54235,5210.89,2025-07-07 09:40:00,Tanner M.,False,
T105454,V1111,Thompson Ltd,Legal,INV-53915,331.47,2025-07-07 10:00:00,Timothy C.,False,
T105523,V1134,"Williams, Crane and Walker",Facilities,INV-64982,66563.59,2025-07-07 10:39:00,Ronald S.,False,
T105190,V1033,Koch-Decker,Legal,INV-49268,55647.1,2025-07-07 11:40:00,Amy W.,False,
T102234,V1121,Daniels-Perry,Legal,INV-86541,52295.41,2025-07-07 12:22:00,David M.,False,
T101611,V1030,Harrell LLC,Procurement,INV-93627,5611.64,2025-07-07 12:29:00,Shannon S.,False,
T104979,V1112,Grant Inc,HR,INV-56825,39651.61,2025-07-07 12:43:00,Todd R.,False,
T103601,V1073,"Walters, Baker and Freeman",Operations,INV-48362,8238.76,2025-07-07 12:49:00,Elaine K.,False,
T104528,V1050,Ramos PLC,Operations,INV-65641,93303.72,2025-07-07 12:51:00,James W.,False,
T100859,V1118,Nelson LLC,Facilities,INV-69972,33643.34,2025-07-07 13:20:00,Adam F.,False,
T101976,V1033,Koch-Decker,Legal,INV-54572,110103.25,2025-07-07 13:34:00,Shannon W.,False,
T100883,V1034,Allen PLC,Legal,INV-15453,20601.64,2025-07-07 13:34:00,Brandi F.,False,
T104214,V1050,Ramos PLC,HR,INV-22635,67161.77,2025-07-07 13:39:00,Alex B.,False,
T103965,V1118,Nelson LLC,Operations,INV-99966,42138.86,2025-07-07 14:03:00,Matthew S.,False,
T105565,V1053,Barrera-Martin,Operations,INV-31981,280199.38,2025-07-07 14:54:00,Anthony D.,False,
T101902,V1043,"Young, Caldwell and Lewis",Procurement,INV-84468,60255.36,2025-07-07 15:02:00,Christopher P.,False,
T100339,V1121,Daniels-Perry,Legal,INV-61717,77776.07,2025-07-07 15:05:00,Glenn H.,False,
T105696,V1073,"Walters, Baker and Freeman",Procurement,INV-29415,28891.87,2025-07-07 15:28:00,Jesse G.,False,
T102185,V1052,Martin Group,Operations,INV-34264,68810.86,2025-07-07 15:44:00,Theresa S.,False,
T101198,V1139,Oconnell Inc,HR,INV-14897,256329.85,2025-07-07 15:45:00,Michael J.,False,
T100334,V1115,"Griffin, Moore and Hensley",Operations,INV-45720,40653.06,2025-07-07 19:33:00,Cynthia S.,False,
T100599,V1126,Freeman LLC,Marketing,INV-57964,39436.92,2025-07-07 19:48:00,Robert G.,False,
T104701,V1034,Allen PLC,Legal,INV-71928,79982.11,2025-07-08 07:29:00,Matthew F.,False,
T102790,V1011,Stanley LLC,Procurement,INV-38647,95028.46,2025-07-08 08:02:00,Jennifer M.,False,
T102197,V1001,Rhodes PLC,Procurement,INV-98363,105693.54,2025-07-08 09:11:00,Victor A.,False,
T105398,V1112,Grant Inc,HR,INV-46673,112954.01,2025-07-08 10:14:00,Ashley T.,False,
T100447,V1104,Campbell Ltd,IT,INV-20057,53223.78,2025-07-08 10:53:00,Katherine A.,False,
T103123,V1007,Davis Inc,Marketing,INV-22280,80535.97,2025-07-08 11:09:00,Benjamin R.,False,
T102881,V1069,"Riggs, Roman and Rice",Operations,INV-99939,348920.04,2025-07-08 11:28:00,Nicole B.,False,
T105345,V1001,Rhodes PLC,Operations,INV-18498,51446.69,2025-07-08 12:36:00,Robert B.,False,
T104900,V1011,Stanley LLC,Legal,INV-46605,168493.19,2025-07-08 12:36:00,Brittany C.,False,
T103518,V1034,Allen PLC,IT,INV-61273,111275.9,2025-07-08 12:42:00,Matthew M.,False,
T105265,V1034,Allen PLC,HR,INV-79248,64890.46,2025-07-08 12:46:00,Emily W.,False,
T104466,V1113,Contreras-Travis,Procurement,INV-66588,21751.53,2025-07-08 12:47:00,Dominic H.,False,
T105566,V1033,Koch-Decker,Facilities,INV-19121,95592.74,2025-07-08 13:18:00,Melissa C.,False,
T100616,V1050,Ramos PLC,HR,INV-24366,138805.24,2025-07-08 13:21:00,Ann M.,False,
T100525,V1112,Grant Inc,Marketing,INV-67637,73426.16,2025-07-08 13:27:00,Christian G.,False,
T100482,V1118,Nelson LLC,Operations,INV-67749,43791.21,2025-07-08 13:43:00,David Y.,False,
T104033,V1134,"Williams, Crane and Walker",Legal,INV-41367,55246.69,2025-07-08 13:46:00,Ryan K.,False,
T104894,V1112,Grant Inc,Facilities,INV-30017,57047.79,2025-07-08 13:46:00,Crystal Y.,False,
T101132,V1096,Jones-Beck,Marketing,INV-76207,4446.58,2025-07-08 13:52:00,Janet M.,False,
T100399,V1137,Marshall LLC,Legal,INV-46512,23494.69,2025-07-08 14:07:00,Jesus A.,False,
T101300,V1055,Horton-Cross,Operations,INV-81645,42711.97,2025-07-08 14:48:00,Matthew L.,False,
T102910,V1069,"Riggs, Roman and Rice",Legal,INV-51074,494367.82,2025-07-08 15:08:00,Emily B.,False,
T105128,V1120,Mccarthy Inc,Marketing,INV-59640,51550.72,2025-07-08 15:20:00,Jennifer T.,False,
T105306,V1020,"Ellis, Baker and Wright",Legal,INV-55323,10318.43,2025-07-08 15:39:00,Robert L.,False,
T101630,V1035,Dennis Inc,HR,INV-17641,32291.93,2025-07-08 15:50:00,Ashley L.,False,
T102946,V1017,Underwood LLC,Procurement,INV-25286,5024.1,2025-07-08 16:00:00,Deanna M.,False,
T102733,V1138,Obrien Ltd,Procurement,INV-32521,1836.32,2025-07-08 17:33:00,Courtney D.,False,
T105486,V1055,Horton-Cross,HR,INV-45301,69728.83,2025-07-08 18:03:00,Donald B.,False,
T103715,V1075,Smith and Sons,IT,INV-84863,31957.44,2025-07-09 07:13:00,Daniel A.,False,
T104005,V1116,Larsen LLC,IT,INV-51331,62400.95,2025-07-09 07:19:00,Maria J.,False,
T104453,V1002,Johnson-Davis,Facilities,INV-23604,9241.39,2025-07-09 08:02:00,Tammy J.,False,
T102349,V1139,Oconnell Inc,Operations,INV-15390,67168.35,2025-07-09 08:08:00,Samantha Z.,False,
T104030,V1127,Price Ltd,HR,INV-88819,38874.09,2025-07-09 11:01:00,Aaron G.,False,
T101091,V1034,Allen PLC,Marketing,INV-15848,108374.79,2025-07-09 11:11:00,Emily W.,False,
T105509,V1139,Oconnell Inc,Procurement,INV-94649,41347.46,2025-07-09 11:23:00,Anna G.,False,
T102060,V1033,Koch-Decker,Marketing,INV-93021,79332.77,2025-07-09 11:40:00,Thomas M.,False,
T103003,V1115,"Griffin, Moore and Hensley",Legal,INV-42651,68997.21,2025-07-09 11:45:00,Lisa S.,False,
T101882,V1030,Harrell LLC,Operations,INV-16963,2838.38,2025-07-09 11:57:00,Randy D.,False,
T103966,V1136,"Hernandez, Martinez and Caldwell",Marketing,INV-54231,6684.41,2025-07-09 12:16:00,Marie R.,False,
T102121,V1050,Ramos PLC,IT,INV-11597,76682.42,2025-07-09 12:24:00,Shane A.,False,
T105169,V1062,Donovan-Harris,Procurement,INV-43614,29214.13,2025-07-09 13:06:00,Alexandra G.,False,
T105507,V1139,Oconnell Inc,Facilities,INV-76123,98362.73,2025-07-09 13:06:00,Madison S.,False,
T105855,V1134,"Williams, Crane and Walker",Legal,INV-63010,56026.92,2025-07-09 13:16:00,Lisa W.,False,
T102505,V1030,Harrell LLC,Operations,INV-62789,16100.57,2025-07-09 13:43:00,Joyce H.,False,
T102588,V1075,Smith and Sons,Facilities,INV-68271,17359.14,2025-07-09 13:59:00,Vickie Q.,False,
T105245,V1080,Fleming Ltd,Procurement,INV-57999,55956.53,2025-07-09 15:42:00,David H.,False,
T105976,V1050,Ramos PLC,Operations,INV-66197,127915.44,2025-07-09 15:51:00,Ethan S.,False,
T102513,V1052,Martin Group,Procurement,INV-88852,60440.87,2025-07-09 16:58:00,Mary B.,False,
T104570,V1104,Campbell Ltd,IT,INV-74105,33038.89,2025-07-09 17:31:00,Joshua L.,False,
T104595,V1120,Mccarthy Inc,Marketing,INV-18273,77559.9,2025-07-09 18:36:00,Rebecca O.,False,
T103359,V1050,Ramos PLC,Facilities,INV-51215,66203.32,2025-07-10 07:23:00,Danielle R.,False,
T102491,V1050,Ramos PLC,HR,INV-76518,141777.49,2025-07-10 08:16:00,Daniel B.,False,
T105621,V1038,"Campos, Vaughn and Marquez",Operations,INV-56840,10314.41,2025-07-10 08:42:00,Linda T.,False,
T101015,V1050,Ramos PLC,HR,INV-94500,64126.09,2025-07-10 09:43:00,Michelle B.,False,
T103652,V1069,"Riggs, Roman and Rice",Legal,INV-99262,85430.11,2025-07-10 10:53:00,Matthew H.,False,
T100343,V1127,Price Ltd,HR,INV-40647,16888.87,2025-07-10 11:06:00,Bethany M.,False,
T105551,V1069,"Riggs, Roman and Rice",Facilities,INV-86851,106362.52,2025-07-10 11:40:00,Sara B.,False,
T105685,V1088,Johnson and Sons,Marketing,INV-32607,47511.17,2025-07-10 12:18:00,Peter M.,False,
T102077,V1053,Barrera-Martin,Marketing,INV-73730,137613.83,2025-07-10 12:22:00,Jesus J.,False,
T103904,V1001,Rhodes PLC,Marketing,INV-96285,134320.9,2025-07-10 12:36:00,Anne H.,False,
T104703,V1070,"Evans, Alvarado and Mcmillan",Operations,INV-80879,25540.11,2025-07-10 12:46:00,Allison L.,False,
T102982,V1034,Allen PLC,HR,INV-94904,130505.69,2025-07-10 13:36:00,Troy W.,False,
T103812,V1012,Delacruz Group,HR,INV-31750,32974.34,2025-07-10 13:36:00,Luke S.,False,
T104417,V1062,Donovan-Harris,Legal,INV-62685,11332.18,2025-07-10 13:58:00,Briana M.,False,
T100977,V1034,Allen PLC,Operations,INV-98254,27644.5,2025-07-10 15:07:00,Jacqueline A.,False,
T101577,V1069,"Riggs, Roman and Rice",HR,INV-14159,49221.39,2025-07-10 15:29:00,Susan M.,False,
T101821,V1113,Contreras-Travis,Legal,INV-49666,17098.66,2025-07-10 17:28:00,Melanie W.,False,
T102158,V1106,Walker-Gonzalez,Marketing,INV-64000,3059.17,2025-07-10 17:49:00,Sheila A.,False,
T100458,V1050,Ramos PLC,IT,INV-60779,74335.99,2025-07-10 18:58:00,Benjamin L.,False,
T100541,V1030,Harrell LLC,Legal,INV-20077,5312.15,2025-07-10 19:28:00,Shawn B.,False,
T106024,V1134,"Williams, Crane and Walker",Facilities,INV-73107,9972.64,2025-07-11 07:00:00,Renee K.,True,just_below_threshold
T104477,V1115,"Griffin, Moore and Hensley",IT,INV-37985,34879.64,2025-07-11 07:41:00,Sara S.,False,
T101348,V1118,Nelson LLC,Operations,INV-82754,44169.02,2025-07-11 08:00:00,Joshua D.,False,
T105492,V1104,Campbell Ltd,IT,INV-33927,71502.82,2025-07-11 08:17:00,Joanne S.,False,
T102837,V1033,Koch-Decker,Marketing,INV-50345,74837.7,2025-07-11 08:24:00,Ashley H.,False,
T104124,V1001,Rhodes PLC,IT,INV-66033,40961.96,2025-07-11 10:01:00,John S.,False,
T102690,V1002,Johnson-Davis,Operations,INV-21109,26851.31,2025-07-11 10:16:00,Jennifer P.,False,
T102683,V1050,Ramos PLC,Operations,INV-70852,69040.62,2025-07-11 10:31:00,Katie G.,False,
T100677,V1045,Davis Group,HR,INV-81989,17229.99,2025-07-11 11:26:00,Roberta T.,False,
T105762,V1069,"Riggs, Roman and Rice",Procurement,INV-80660,64930.56,2025-07-11 11:28:00,Lance H.,False,
T103492,V1107,Riggs PLC,Operations,INV-81207,15409.58,2025-07-11 12:08:00,Shannon R.,False,
T100839,V1107,Riggs PLC,Marketing,INV-99070,18624.56,2025-07-11 12:25:00,Michael D.,False,
T102144,V1055,Horton-Cross,HR,INV-85400,66528.07,2025-07-11 12:32:00,Taylor B.,False,
T102517,V1137,Marshall LLC,IT,INV-73691,25075.44,2025-07-11 13:19:00,Matthew H.,False,
T103885,V1043,"Young, Caldwell and Lewis",Procurement,INV-42339,75916.22,2025-07-11 13:29:00,Rebecca C.,False,
T103914,V1034,Allen PLC,IT,INV-73249,41026.39,2025-07-11 13:38:00,Joshua G.,False,
T103927,V1033,Koch-Decker,Marketing,INV-30883,28968.79,2025-07-11 14:00:00,Richard V.,False,
T100389,V1137,Marshall LLC,HR,INV-72163,11328.88,2025-07-11 14:09:00,Amber R.,False,
T100512,V1034,Allen PLC,HR,INV-12128,168088.32,2025-07-11 14:16:00,Timothy J.,False,
T105192,V1134,"Williams, Crane and Walker",Operations,INV-32950,39465.51,2025-07-11 15:02:00,Brittney N.,False,
T104828,V1086,Garrison and Sons,Marketing,INV-73483,13875.09,2025-07-11 15:15:00,Jeremy L.,False,
T102804,V1054,Baker-Bowers,IT,INV-36478,4210.11,2025-07-11 15:31:00,Patricia J.,False,
T104657,V1121,Daniels-Perry,Marketing,INV-30953,48804.52,2025-07-11 15:32:00,Rebecca K.,False,
T104779,V1121,Daniels-Perry,IT,INV-72636,88844.98,2025-07-11 15:35:00,Stephanie S.,False,
T101150,V1076,Martin-Ramos,HR,INV-87826,35715.06,2025-07-11 16:35:00,Melanie L.,False,
T103305,V1088,Johnson and Sons,Legal,INV-78021,45183.65,2025-07-11 16:53:00,Anthony S.,False,
T100055,V1092,Johnson-Carlson,Operations,INV-69177,23135.77,2025-07-11 17:28:00,Johnny H.,False,
T103760,V1116,Larsen LLC,Legal,INV-53684,41421.73,2025-07-14 07:05:00,Morgan M.,False,
T102911,V1139,Oconnell Inc,HR,INV-10220,47567.41,2025-07-14 07:36:00,Randy L.,False,
T100812,V1043,"Young, Caldwell and Lewis",Legal,INV-53193,31947.44,2025-07-14 08:51:00,Ashley N.,False,
T103256,V1134,"Williams, Crane and Walker",Legal,INV-57381,44328.31,2025-07-14 09:03:00,Justin W.,False,
T104188,V1001,Rhodes PLC,Marketing,INV-62469,87829.44,2025-07-14 09:51:00,Allison R.,False,
T105982,V1052,Martin Group,IT,INV-20310,36531.68,2025-07-14 10:00:00,Richard S.,False,
T105659,V1050,Ramos PLC,Legal,INV-18653,103335.96,2025-07-14 10:53:00,Nicole D.,False,
T101873,V1134,"Williams, Crane and Walker",Marketing,INV-94540,41205.7,2025-07-14 11:20:00,Denise P.,False,
T104526,V1001,Rhodes PLC,Procurement,INV-98067,42830.84,2025-07-14 11:24:00,Madison H.,False,
T100241,V1104,Campbell Ltd,Marketing,INV-48974,24232.29,2025-07-14 11:28:00,Kim K.,False,
T100737,V1139,Oconnell Inc,Operations,INV-95029,74246.0,2025-07-14 11:29:00,Heather R.,False,
T102236,V1011,Stanley LLC,Marketing,INV-55238,75602.17,2025-07-14 12:06:00,Jared G.,False,
T102570,V1011,Stanley LLC,Legal,INV-92864,217190.16,2025-07-14 12:22:00,Joseph R.,False,
T100172,V1069,"Riggs, Roman and Rice",Procurement,INV-56105,107560.35,2025-07-14 12:30:00,Amy J.,False,
T101740,V1088,Johnson and Sons,IT,INV-61662,61540.45,2025-07-14 12:46:00,Jonathan C.,False,
T104178,V1075,Smith and Sons,Marketing,INV-67481,7472.68,2025-07-14 13:03:00,Heather T.,False,
T101201,V1113,Contreras-Travis,Operations,INV-43126,12274.5,2025-07-14 13:07:00,Marcus D.,False,
T102985,V1052,Martin Group,Operations,INV-42440,81885.36,2025-07-14 14:01:00,Julie R.,False,
T103023,V1043,"Young, Caldwell and Lewis",IT,INV-24841,129283.33,2025-07-14 14:10:00,Brian W.,False,
T100745,V1012,Delacruz Group,Legal,INV-42208,32029.45,2025-07-14 14:36:00,Mark M.,False,
T100077,V1050,Ramos PLC,Marketing,INV-44760,71912.91,2025-07-14 15:00:00,Brittany L.,False,
T100019,V1088,Johnson and Sons,Marketing,INV-93320,51377.87,2025-07-14 15:17:00,Brittany M.,False,
T105417,V1062,Donovan-Harris,Facilities,INV-65299,26279.44,2025-07-14 17:07:00,Charlotte D.,False,
T100184,V1050,Ramos PLC,Legal,INV-65255,33305.02,2025-07-14 17:17:00,Julie W.,False,
T103391,V1002,Johnson-Davis,HR,INV-32326,13149.4,2025-07-14 19:17:00,Susan W.,False,
T102546,V1053,Barrera-Martin,Procurement,INV-25026,84101.0,2025-07-15 07:16:00,Courtney C.,False,
T100295,V1139,Oconnell Inc,HR,INV-95461,150616.77,2025-07-15 08:24:00,Sandra B.,False,
T101887,V1118,Nelson LLC,Operations,INV-37684,31451.27,2025-07-15 08:27:00,Christopher H.,False,
T105735,V1101,Torres and Sons,Operations,INV-48353,4430.74,2025-07-15 08:38:00,Julie R.,False,
T104125,V1053,Barrera-Martin,Operations,INV-83396,48920.89,2025-07-15 09:20:00,Joseph S.,False,
T103663,V1134,"Williams, Crane and Walker",HR,INV-20281,71524.08,2025-07-15 09:48:00,James R.,False,
T102828,V1012,Delacruz Group,Legal,INV-20909,12701.63,2025-07-15 10:27:00,Andres G.,False,
T105488,V1134,"Williams, Crane and Walker",Operations,INV-53499,67644.55,2025-07-15 10:46:00,James B.,False,
T104577,V1034,Allen PLC,HR,INV-29580,77585.17,2025-07-15 10:55:00,Erin M.,False,
T102348,V1127,Price Ltd,Marketing,INV-97983,57957.5,2025-07-15 11:19:00,Laura F.,False,
T101936,V1080,Fleming Ltd,IT,INV-79501,36424.77,2025-07-15 11:43:00,Amy W.,False,
T101296,V1069,"Riggs, Roman and Rice",Marketing,INV-99803,151548.7,2025-07-15 12:24:00,Richard F.,False,
T103421,V1011,Stanley LLC,Marketing,INV-35419,79923.84,2025-07-15 12:46:00,Michael S.,False,
T100926,V1012,Delacruz Group,Legal,INV-27451,30817.15,2025-07-15 12:49:00,Lawrence P.,False,
T102945,V1009,"Martinez, Nielsen and Miller",HR,INV-95615,13812.98,2025-07-15 13:17:00,Logan B.,False,
T104880,V1101,Torres and Sons,Procurement,INV-39960,21442.49,2025-07-15 13:23:00,Robert C.,False,
T104913,V1055,Horton-Cross,IT,INV-58971,78955.85,2025-07-15 13:24:00,Leonard R.,False,
T104504,V1139,Oconnell Inc,Marketing,INV-72505,76198.62,2025-07-15 13:30:00,Barbara G.,False,
T101582,V1039,"Santos, Kim and Holmes",Procurement,INV-25985,2953.87,2025-07-15 13:53:00,Kelly C.,False,
T104414,V1069,"Riggs, Roman and Rice",HR,INV-25247,42596.87,2025-07-15 14:13:00,James M.,False,
T102814,V1112,Grant Inc,IT,INV-34057,72379.12,2025-07-15 14:33:00,William H.,False,
T102905,V1104,Campbell Ltd,HR,INV-83649,70769.71,2025-07-15 14:41:00,Bobby S.,False,
T104678,V1104,Campbell Ltd,Operations,INV-30904,67115.65,2025-07-15 14:46:00,Elizabeth P.,False,
T105642,V1113,Contreras-Travis,Procurement,INV-26974,20613.52,2025-07-15 15:25:00,Jose G.,False,
T101288,V1120,Mccarthy Inc,Procurement,INV-97851,48623.71,2025-07-15 16:09:00,Tammie G.,False,
T101343,V1050,Ramos PLC,Legal,INV-96602,40209.94,2025-07-15 16:25:00,Tammy F.,False,
T105375,V1106,Walker-Gonzalez,Marketing,INV-55182,2339.46,2025-07-15 16:36:00,Jennifer G.,False,
T105856,V1113,Contreras-Travis,Facilities,INV-93038,29171.03,2025-07-15 16:50:00,Christy M.,False,
T103297,V1126,Freeman LLC,Facilities,INV-71548,34413.15,2025-07-15 17:07:00,Douglas O.,False,
T100381,V1053,Barrera-Martin,Operations,INV-48652,31064.99,2025-07-15 17:38:00,Wendy G.,False,
T101661,V1001,Rhodes PLC,Legal,INV-17329,25744.38,2025-07-15 19:05:00,Jessica S.,False,
T104850,V1094,"Lee, Williams and Graham",Operations,INV-90779,19624.28,2025-07-16 07:13:00,Diane H.,False,
T105784,V1069,"Riggs, Roman and Rice",Facilities,INV-44711,25299.78,2025-07-16 08:34:00,Yesenia L.,False,
T103147,V1055,Horton-Cross,HR,INV-24733,65129.78,2025-07-16 08:43:00,Laura H.,False,
T105406,V1113,Contreras-Travis,Procurement,INV-31098,14184.34,2025-07-16 08:59:00,William B.,False,
T101027,V1028,Chavez Ltd,Marketing,INV-36143,6366.77,2025-07-16 09:08:00,Jeff M.,False,
T102749,V1080,Fleming Ltd,HR,INV-34044,79020.88,2025-07-16 10:58:00,Sabrina W.,False,
T101928,V1113,Contreras-Travis,HR,INV-67695,22043.74,2025-07-16 11:15:00,Samuel S.,False,
T103351,V1088,Johnson and Sons,Facilities,INV-84336,75731.79,2025-07-16 11:27:00,Katherine B.,False,
T101190,V1067,Ibarra-Suarez,Operations,INV-50123,18198.3,2025-07-16 11:32:00,Carolyn S.,False,
T105354,V1033,Koch-Decker,Operations,INV-42532,149297.03,2025-07-16 11:40:00,Kristy P.,False,
T101889,V1139,Oconnell Inc,IT,INV-64687,60099.7,2025-07-16 12:53:00,Joan R.,False,
T100320,V1121,Daniels-Perry,Marketing,INV-23979,30081.38,2025-07-16 12:54:00,Michael S.,False,
T101898,V1053,Barrera-Martin,Facilities,INV-34352,73685.93,2025-07-16 13:22:00,Kaitlyn W.,False,
T103098,V1097,Alvarado-Martinez,Legal,INV-61150,1050.02,2025-07-16 13:35:00,Diana S.,False,
T104861,V1070,"Evans, Alvarado and Mcmillan",Operations,INV-59828,28487.24,2025-07-16 13:54:00,Mark L.,False,
T102068,V1104,Campbell Ltd,Marketing,INV-91151,23517.9,2025-07-16 14:23:00,Joseph J.,False,
T103614,V1104,Campbell Ltd,Procurement,INV-39418,41570.25,2025-07-16 14:28:00,Marcus S.,False,
T103167,V1081,"Henson, Russell and Oliver",Operations,INV-65291,4228.15,2025-07-16 15:05:00,Gary W.,False,
T104482,V1069,"Riggs, Roman and Rice",Operations,INV-66594,79924.82,2025-07-16 15:59:00,Aimee A.,False,
T102222,V1062,Donovan-Harris,IT,INV-59327,49478.54,2025-07-16 16:28:00,Brian D.,False,
T100973,V1052,Martin Group,Facilities,INV-33456,57436.64,2025-07-16 16:58:00,Rachel O.,False,
T106104,V9999,Meridian Consulting Partners LLC,Operations,INV-68205,5151.32,2025-07-16 18:25:00,Marcus T.,True,fabricated_invoice_benford
T100539,V1007,Davis Inc,Procurement,INV-89310,47965.83,2025-07-16 18:36:00,Kevin S.,False,
T104225,V1050,Ramos PLC,Procurement,INV-35938,89907.25,2025-07-17 07:40:00,Emily R.,False,
T102843,V1088,Johnson and Sons,Marketing,INV-42347,57027.4,2025-07-17 07:59:00,Katie M.,False,
T104484,V1134,"Williams, Crane and Walker",HR,INV-32589,63689.1,2025-07-17 08:36:00,Juan B.,False,
T102193,V1076,Martin-Ramos,Marketing,INV-88694,14336.05,2025-07-17 10:18:00,Keith W.,False,
T105988,V1118,Nelson LLC,Facilities,INV-19781,56573.3,2025-07-17 10:38:00,Ashley G.,False,
T100130,V1002,Johnson-Davis,Operations,INV-34914,12045.86,2025-07-17 10:57:00,Mary C.,False,
T100801,V1052,Martin Group,IT,INV-64238,82626.9,2025-07-17 11:00:00,Kevin C.,False,
T104318,V1011,Stanley LLC,Legal,INV-48523,75118.2,2025-07-17 11:06:00,Javier C.,False,
T101700,V1043,"Young, Caldwell and Lewis",Marketing,INV-76655,105025.57,2025-07-17 11:14:00,Eric G.,False,
T105941,V1050,Ramos PLC,Marketing,INV-59729,105025.78,2025-07-17 11:29:00,William V.,False,
T102062,V1053,Barrera-Martin,HR,INV-53634,15908.86,2025-07-17 11:57:00,Raymond H.,False,
T104459,V1062,Donovan-Harris,HR,INV-90746,37667.74,2025-07-17 12:18:00,Christopher H.,False,
T100526,V1007,Davis Inc,Facilities,INV-75038,37738.12,2025-07-17 12:21:00,Stephanie H.,False,
T101420,V1134,"Williams, Crane and Walker",Procurement,INV-12170,40486.02,2025-07-17 13:08:00,Albert F.,False,
T102725,V1035,Dennis Inc,Marketing,INV-24239,22405.25,2025-07-17 13:12:00,Andres G.,False,
T104858,V1139,Oconnell Inc,Facilities,INV-40432,66669.98,2025-07-17 13:28:00,Donna M.,False,
T103408,V1139,Oconnell Inc,Legal,INV-91327,96325.56,2025-07-17 13:28:00,Ronnie O.,False,
T102889,V1115,"Griffin, Moore and Hensley",Operations,INV-35569,24801.33,2025-07-17 15:18:00,James F.,False,
T103478,V1007,Davis Inc,Marketing,INV-22863,26223.54,2025-07-17 15:27:00,Harold M.,False,
T100037,V1126,Freeman LLC,Operations,INV-71348,44004.17,2025-07-17 16:24:00,Wendy P.,False,
T104406,V1012,Delacruz Group,IT,INV-80485,36390.35,2025-07-17 17:12:00,Anthony T.,False,
T103519,V1076,Martin-Ramos,Legal,INV-24068,19875.58,2025-07-17 18:44:00,Megan P.,False,
T102682,V1001,Rhodes PLC,HR,INV-76736,80033.44,2025-07-18 07:48:00,Alicia H.,False,
T104547,V1001,Rhodes PLC,HR,INV-79380,158831.97,2025-07-18 09:20:00,Craig L.,False,
T100350,V1080,Fleming Ltd,IT,INV-97881,32404.64,2025-07-18 09:29:00,Charles M.,False,
T101159,V1104,Campbell Ltd,Procurement,INV-86418,34737.07,2025-07-18 09:47:00,Deborah P.,False,
T101033,V1011,Stanley LLC,Facilities,INV-13416,87511.47,2025-07-18 10:17:00,Jennifer M.,False,
T106086,V9999,Meridian Consulting Partners LLC,Operations,INV-14359,6045.66,2025-07-18 11:04:00,Marcus T.,True,fabricated_invoice_benford
T105667,V1034,Allen PLC,Legal,INV-27083,56875.41,2025-07-18 11:19:00,Garrett M.,False,
T104790,V1050,Ramos PLC,HR,INV-92186,57650.13,2025-07-18 11:35:00,Karen R.,False,
T101272,V1125,Medina-Navarro,Operations,INV-89450,2826.98,2025-07-18 11:42:00,Tonya H.,False,
T101830,V1007,Davis Inc,Legal,INV-78464,52392.26,2025-07-18 11:45:00,Michelle P.,False,
T104763,V1139,Oconnell Inc,HR,INV-95704,120725.59,2025-07-18 11:49:00,Jamie T.,False,
T103225,V1011,Stanley LLC,Facilities,INV-90004,101423.79,2025-07-18 12:15:00,Jesus E.,False,
T106089,V9999,Meridian Consulting Partners LLC,Operations,INV-67571,5073.61,2025-07-18 12:45:00,Marcus T.,True,fabricated_invoice_benford
T100802,V1112,Grant Inc,Procurement,INV-83339,53120.1,2025-07-18 12:49:00,Christopher F.,False,
T104664,V1088,Johnson and Sons,Procurement,INV-36946,71893.49,2025-07-18 12:51:00,Edward R.,False,
T101959,V1126,Freeman LLC,Procurement,INV-43847,41822.95,2025-07-18 13:21:00,Gina M.,False,
T101732,V1127,Price Ltd,Marketing,INV-28024,87794.39,2025-07-18 13:31:00,Sharon G.,False,
T105971,V1112,Grant Inc,Marketing,INV-12021,72255.28,2025-07-18 13:38:00,Timothy R.,False,
T101096,V1028,Chavez Ltd,Operations,INV-64870,11634.68,2025-07-18 13:52:00,Christopher B.,False,
T103245,V1009,"Martinez, Nielsen and Miller",Marketing,INV-97706,17414.85,2025-07-18 13:55:00,Heather G.,False,
T101090,V1055,Horton-Cross,IT,INV-59996,72358.14,2025-07-18 14:11:00,Ashley W.,False,
T101391,V1047,"Garcia, Powell and Morgan",Marketing,INV-16086,12583.7,2025-07-18 16:30:00,Roy W.,False,
T104460,V1054,Baker-Bowers,HR,INV-41151,7259.11,2025-07-18 17:28:00,Troy W.,False,
T106063,V1063,Baker and Sons,Facilities,INV-53061,797.11,2025-07-19 01:06:00,Gregory T.,True,weekend_after_hours
T103347,V1055,Horton-Cross,Operations,INV-87015,59017.88,2025-07-21 07:06:00,Mary C.,False,
T100819,V1043,"Young, Caldwell and Lewis",Procurement,INV-83905,41481.18,2025-07-21 07:23:00,Sarah E.,False,
T103429,V1103,"Kennedy, Santana and Flynn",Facilities,INV-45162,2755.02,2025-07-21 08:06:00,Tiffany D.,False,
T102325,V1033,Koch-Decker,Marketing,INV-84762,85868.41,2025-07-21 08:56:00,Brittany A.,False,
T102407,V1035,Dennis Inc,Procurement,INV-64558,26522.4,2025-07-21 09:02:00,Judith M.,False,
T102955,V1134,"Williams, Crane and Walker",Legal,INV-80309,53468.66,2025-07-21 09:35:00,Mark N.,False,
T104394,V1055,Horton-Cross,Operations,INV-94305,39232.08,2025-07-21 09:48:00,Cynthia H.,False,
T104806,V1053,Barrera-Martin,Marketing,INV-95218,50057.13,2025-07-21 10:17:00,Yolanda W.,False,
T106077,V1069,"Riggs, Roman and Rice",HR,INV-91532,7500.0,2025-07-21 10:18:00,Ashley W.,True,round_dollar
T104478,V1116,Larsen LLC,Marketing,INV-24240,12880.83,2025-07-21 11:09:00,David F.,False,
T103935,V1050,Ramos PLC,Procurement,INV-55464,88146.43,2025-07-21 11:34:00,Scott G.,False,
T102931,V1074,Davis Group,Facilities,INV-52391,8149.77,2025-07-21 12:06:00,Deanna S.,False,
T103494,V1034,Allen PLC,Marketing,INV-97828,63183.93,2025-07-21 12:08:00,Joshua J.,False,
T105520,V1069,"Riggs, Roman and Rice",Procurement,INV-52630,63803.56,2025-07-21 12:19:00,Teresa G.,False,
T100594,V1080,Fleming Ltd,Marketing,INV-41552,36866.29,2025-07-21 12:32:00,Alexandria G.,False,
T102583,V1043,"Young, Caldwell and Lewis",Procurement,INV-95078,43282.21,2025-07-21 13:34:00,Monique W.,False,
T104511,V1107,Riggs PLC,Facilities,INV-24545,11426.58,2025-07-21 13:58:00,Jason S.,False,
T105494,V1087,Bailey-Hoover,Facilities,INV-56271,7954.28,2025-07-21 14:12:00,Joshua J.,False,
T102374,V1080,Fleming Ltd,Operations,INV-23902,52825.52,2025-07-21 14:23:00,Roger W.,False,
T104119,V1139,Oconnell Inc,Marketing,INV-10743,34143.53,2025-07-21 14:48:00,Amy M.,False,
T105962,V1125,Medina-Navarro,IT,INV-49202,731.44,2025-07-21 14:58:00,Ashley V.,False,
T101962,V1129,"Ferguson, Meadows and Vargas",HR,INV-74494,3460.03,2025-07-21 15:11:00,Eric H.,False,
T105453,V1050,Ramos PLC,Legal,INV-96449,70543.75,2025-07-21 15:43:00,Crystal M.,False,
T101886,V1125,Medina-Navarro,IT,INV-60173,2078.31,2025-07-21 16:40:00,Dalton M.,False,
T100900,V1007,Davis Inc,Facilities,INV-85684,49868.42,2025-07-21 17:31:00,Whitney W.,False,
T103027,V1007,Davis Inc,IT,INV-94275,74465.68,2025-07-21 18:13:00,Scott Z.,False,
T100998,V1001,Rhodes PLC,Legal,INV-52762,25094.79,2025-07-21 18:44:00,Connie C.,False,
T105824,V1048,Lee PLC,Operations,INV-82030,7256.4,2025-07-22 08:44:00,Bryce G.,False,
T105123,V1137,Marshall LLC,Facilities,INV-46247,8150.73,2025-07-22 10:08:00,Thomas L.,False,
T101805,V1053,Barrera-Martin,Operations,INV-90739,41103.03,2025-07-22 10:46:00,Amanda H.,False,
T104433,V1052,Martin Group,Facilities,INV-21338,50365.95,2025-07-22 10:52:00,Dustin E.,False,
T104918,V1069,"Riggs, Roman and Rice",Facilities,INV-12146,267389.92,2025-07-22 11:15:00,Daniel H.,False,
T100689,V1034,Allen PLC,Legal,INV-10395,122024.8,2025-07-22 11:16:00,Sean B.,False,
T100811,V1076,Martin-Ramos,Legal,INV-91289,21328.31,2025-07-22 11:21:00,Rachel S.,False,
T102574,V1050,Ramos PLC,Procurement,INV-28304,86158.6,2025-07-22 11:44:00,Kathleen R.,False,
T105285,V1107,Riggs PLC,Facilities,INV-28535,47898.16,2025-07-22 11:46:00,Ivan F.,False,
T102596,V1112,Grant Inc,Legal,INV-46352,71708.27,2025-07-22 12:07:00,Yolanda S.,False,
T102418,V1069,"Riggs, Roman and Rice",IT,INV-21486,98523.2,2025-07-22 12:51:00,Gary L.,False,
T103300,V1001,Rhodes PLC,IT,INV-39351,58392.84,2025-07-22 13:00:00,John H.,False,
T105836,V1034,Allen PLC,Marketing,INV-51207,84871.51,2025-07-22 13:13:00,Johnathan D.,False,
T104149,V1062,Donovan-Harris,Marketing,INV-16295,23628.65,2025-07-22 13:51:00,Tiffany S.,False,
T103764,V1121,Daniels-Perry,HR,INV-40059,84668.22,2025-07-22 13:55:00,Michael C.,False,
T101533,V1104,Campbell Ltd,Marketing,INV-57600,41118.94,2025-07-22 14:17:00,Theresa T.,False,
T101021,V1053,Barrera-Martin,Procurement,INV-60165,42249.11,2025-07-22 14:31:00,Darlene B.,False,
T101053,V1053,Barrera-Martin,Procurement,INV-54113,59164.01,2025-07-22 14:37:00,Richard D.,False,
T100030,V1107,Riggs PLC,HR,INV-70142,10817.13,2025-07-22 14:56:00,Richard P.,False,
T105425,V1050,Ramos PLC,Operations,INV-15636,117754.49,2025-07-22 15:18:00,Stephanie R.,False,
T104906,V1025,James-Ferrell,Operations,INV-62939,32273.67,2025-07-22 15:35:00,Alicia R.,False,
T101119,V1088,Johnson and Sons,IT,INV-41139,30629.21,2025-07-22 15:56:00,Elaine A.,False,
T104012,V1055,Horton-Cross,Facilities,INV-24500,30589.55,2025-07-22 16:13:00,Jacqueline E.,False,
T101675,V1106,Walker-Gonzalez,Operations,INV-35703,1940.27,2025-07-22 16:41:00,Gabrielle T.,False,
T104715,V1112,Grant Inc,Legal,INV-64916,47006.57,2025-07-22 17:05:00,Michael B.,False,
T105731,V1002,Johnson-Davis,Operations,INV-79361,5682.34,2025-07-22 17:50:00,Bill H.,False,
T105636,V1033,Koch-Decker,HR,INV-29782,48830.31,2025-07-23 09:03:00,Mary Y.,False,
T101133,V1045,Davis Group,Procurement,INV-99282,13467.51,2025-07-23 09:40:00,Jason G.,False,
T102341,V1088,Johnson and Sons,Facilities,INV-60265,20826.99,2025-07-23 11:43:00,Jeff T.,False,
T103249,V1104,Campbell Ltd,Marketing,INV-36145,42988.5,2025-07-23 11:49:00,Daniel W.,False,
T100654,V1119,Taylor and Sons,Marketing,INV-34420,1686.29,2025-07-23 11:50:00,Jessica W.,False,
T103768,V1035,Dennis Inc,Marketing,INV-15542,48780.94,2025-07-23 11:50:00,Catherine J.,False,
T101496,V1139,Oconnell Inc,Legal,INV-85584,120301.99,2025-07-23 12:14:00,Michael C.,False,
T101088,V1104,Campbell Ltd,Marketing,INV-96643,66913.31,2025-07-23 12:30:00,John M.,False,
T102942,V1051,"Kidd, Huff and Novak",IT,INV-88139,22787.98,2025-07-23 12:31:00,Sharon S.,False,
T105858,V1001,Rhodes PLC,IT,INV-89121,39520.17,2025-07-23 12:40:00,David V.,False,
T100195,V1112,Grant Inc,Facilities,INV-19961,29024.96,2025-07-23 12:45:00,Robert G.,False,
T105615,V1007,Davis Inc,Legal,INV-17115,37271.51,2025-07-23 12:46:00,Rachel S.,False,
T100543,V1007,Davis Inc,HR,INV-46528,79787.03,2025-07-23 13:20:00,Steven P.,False,
T105035,V1120,Mccarthy Inc,Marketing,INV-16260,41294.69,2025-07-23 14:00:00,Robert Y.,False,
T100560,V1069,"Riggs, Roman and Rice",HR,INV-72739,87774.2,2025-07-23 14:45:00,Brandy W.,False,
T100787,V1050,Ramos PLC,IT,INV-13883,124819.23,2025-07-23 14:49:00,Dana P.,False,
T105326,V1034,Allen PLC,Operations,INV-21584,35540.63,2025-07-23 14:56:00,Stacy M.,False,
T105429,V1050,Ramos PLC,Operations,INV-24192,67079.06,2025-07-23 15:30:00,Sean M.,False,
T101516,V1104,Campbell Ltd,HR,INV-31409,36067.87,2025-07-23 16:06:00,Kimberly K.,False,
T104655,V1112,Grant Inc,Facilities,INV-80284,209761.17,2025-07-23 16:13:00,Austin S.,False,
T103597,V1137,Marshall LLC,HR,INV-26040,17732.04,2025-07-23 16:30:00,Gregory K.,False,
T102710,V1115,"Griffin, Moore and Hensley",Facilities,INV-37508,56060.51,2025-07-23 17:14:00,Kevin R.,False,
T100522,V1011,Stanley LLC,Operations,INV-72049,80122.55,2025-07-23 18:52:00,Fernando D.,False,
T103933,V1001,Rhodes PLC,IT,INV-47118,33222.9,2025-07-24 07:49:00,Kimberly G.,False,
T103244,V1118,Nelson LLC,Procurement,INV-39235,80581.39,2025-07-24 07:54:00,William R.,False,
T105382,V1073,"Walters, Baker and Freeman",Facilities,INV-41536,20077.06,2025-07-24 09:34:00,Melanie C.,False,
T103379,V1011,Stanley LLC,Operations,INV-51048,149609.21,2025-07-24 10:05:00,Samantha P.,False,
T102978,V1055,Horton-Cross,Procurement,INV-43315,64041.62,2025-07-24 10:29:00,Susan J.,False,
T102207,V1134,"Williams, Crane and Walker",Marketing,INV-97382,72698.51,2025-07-24 11:22:00,Belinda M.,False,
T103913,V1112,Grant Inc,Legal,INV-41927,103738.35,2025-07-24 11:30:00,Dustin Y.,False,
T101673,V1088,Johnson and Sons,Marketing,INV-27088,82946.03,2025-07-24 11:32:00,Alex A.,False,
T102383,V1062,Donovan-Harris,Procurement,INV-37292,52322.19,2025-07-24 12:05:00,Christopher C.,False,
T104179,V1007,Davis Inc,Facilities,INV-59873,68764.62,2025-07-24 12:12:00,Jessica H.,False,
T104021,V1080,Fleming Ltd,Procurement,INV-79817,45253.69,2025-07-24 12:18:00,James L.,False,
T100123,V1053,Barrera-Martin,IT,INV-19099,78999.14,2025-07-24 13:21:00,Stephen T.,False,
T103047,V1050,Ramos PLC,HR,INV-60967,66349.7,2025-07-24 13:32:00,Bradley D.,False,
T104048,V1002,Johnson-Davis,Operations,INV-92479,13908.3,2025-07-24 13:45:00,Kevin W.,False,
T104293,V1034,Allen PLC,Legal,INV-92328,93343.76,2025-07-24 13:52:00,Jason O.,False,
T105259,V1091,Wilson LLC,Facilities,INV-30297,16350.65,2025-07-24 14:17:00,Zachary M.,False,
T104078,V1139,Oconnell Inc,Procurement,INV-53190,102035.34,2025-07-24 14:40:00,Morgan W.,False,
T100125,V1062,Donovan-Harris,Legal,INV-80282,30539.81,2025-07-24 14:43:00,Julie T.,False,
T104578,V1033,Koch-Decker,Procurement,INV-66935,44698.34,2025-07-24 15:23:00,Keith G.,False,
T100387,V1076,Martin-Ramos,HR,INV-22463,65987.89,2025-07-24 15:26:00,Eric P.,False,
T104329,V1134,"Williams, Crane and Walker",Operations,INV-60738,69458.72,2025-07-24 15:40:00,Angela M.,False,
T103809,V1076,Martin-Ramos,IT,INV-25411,20118.5,2025-07-24 17:00:00,Dylan C.,False,
T102742,V1052,Martin Group,Legal,INV-42353,69493.67,2025-07-24 19:38:00,Samantha M.,False,
T101641,V1104,Campbell Ltd,IT,INV-96184,69823.82,2025-07-25 07:32:00,Charles P.,False,
T104639,V1107,Riggs PLC,Procurement,INV-78770,30840.52,2025-07-25 07:34:00,Timothy W.,False,
T104014,V1118,Nelson LLC,Marketing,INV-56140,27335.59,2025-07-25 07:35:00,Kirsten G.,False,
T102630,V1034,Allen PLC,Operations,INV-63884,57938.2,2025-07-25 08:06:00,Heather S.,False,
T101508,V1034,Allen PLC,Marketing,INV-33578,63813.54,2025-07-25 08:17:00,Katherine W.,False,
T103250,V1127,Price Ltd,Procurement,INV-51587,61105.98,2025-07-25 08:21:00,Keith M.,False,
T105811,V1087,Bailey-Hoover,Procurement,INV-71609,11345.69,2025-07-25 08:54:00,Johnathan M.,False,
T100828,V1041,Chapman Inc,Operations,INV-64827,4589.05,2025-07-25 09:34:00,Christina L.,False,
T104263,V1001,Rhodes PLC,HR,INV-86798,104001.41,2025-07-25 10:07:00,Robert C.,False,
T104469,V1139,Oconnell Inc,Legal,INV-92116,62375.95,2025-07-25 10:08:00,Jennifer B.,False,
T102686,V1028,Chavez Ltd,Legal,INV-86543,4007.29,2025-07-25 10:40:00,Theresa F.,False,
T102000,V1113,Contreras-Travis,Procurement,INV-99664,16512.55,2025-07-25 11:20:00,Pamela S.,False,
T103032,V1104,Campbell Ltd,Procurement,INV-23282,50333.04,2025-07-25 12:22:00,Mary B.,False,
T105537,V1007,Davis Inc,Facilities,INV-53370,16506.53,2025-07-25 13:10:00,Gabriella M.,False,
T104705,V1086,Garrison and Sons,Marketing,INV-55539,13698.85,2025-07-25 13:23:00,Vincent K.,False,
T104162,V1046,Owens-Daniel,IT,INV-10832,487.95,2025-07-25 13:36:00,Amber V.,False,
T100076,V1127,Price Ltd,Procurement,INV-31579,73396.08,2025-07-25 13:57:00,Joseph M.,False,
T103953,V1113,Contreras-Travis,Legal,INV-17144,34067.0,2025-07-25 14:27:00,Adrian C.,False,
T103099,V1050,Ramos PLC,IT,INV-37122,94113.12,2025-07-25 14:38:00,Richard S.,False,
T102329,V1082,Hancock and Sons,Marketing,INV-88694,1556.12,2025-07-25 15:39:00,Ryan B.,False,
T100028,V1088,Johnson and Sons,Procurement,INV-37653,46180.81,2025-07-25 17:17:00,Angela B.,False,
T103236,V1043,"Young, Caldwell and Lewis",Legal,INV-91223,51120.01,2025-07-25 17:26:00,Richard H.,False,
T102201,V1118,Nelson LLC,Operations,INV-23332,61288.95,2025-07-25 17:44:00,Carolyn S.,False,
T103915,V1051,"Kidd, Huff and Novak",Procurement,INV-40710,38947.67,2025-07-25 18:19:00,Tiffany W.,False,
T102543,V1067,Ibarra-Suarez,Procurement,INV-74418,12807.2,2025-07-25 18:37:00,Tiffany M.,False,
T104359,V1112,Grant Inc,HR,INV-72181,45315.63,2025-07-28 08:24:00,Peter J.,False,
T103782,V1113,Contreras-Travis,IT,INV-73353,21374.24,2025-07-28 08:35:00,Jennifer W.,False,
T104206,V1007,Davis Inc,Operations,INV-59418,45041.74,2025-07-28 09:02:00,Thomas D.,False,
T102188,V1126,Freeman LLC,Legal,INV-51193,22416.22,2025-07-28 09:07:00,Matthew S.,False,
T100354,V1009,"Martinez, Nielsen and Miller",Procurement,INV-58566,13832.46,2025-07-28 09:17:00,Brooke C.,False,
T100215,V1118,Nelson LLC,Operations,INV-41499,108439.53,2025-07-28 09:31:00,Cynthia M.,False,
T101472,V1062,Donovan-Harris,Procurement,INV-83220,34603.66,2025-07-28 09:32:00,Elizabeth D.,False,
T104796,V1052,Martin Group,Legal,INV-66606,67683.86,2025-07-28 10:03:00,Karen A.,False,
T105027,V1050,Ramos PLC,HR,INV-18231,79459.17,2025-07-28 10:37:00,Lance T.,False,
T102283,V1052,Martin Group,IT,INV-98037,74152.54,2025-07-28 10:57:00,Pamela G.,False,
T102608,V1118,Nelson LLC,Procurement,INV-99151,24756.94,2025-07-28 11:17:00,Barbara C.,False,
T102195,V1053,Barrera-Martin,Legal,INV-66093,81498.61,2025-07-28 12:18:00,Adam C.,False,
T103554,V1080,Fleming Ltd,Operations,INV-19432,19632.45,2025-07-28 12:36:00,Barbara C.,False,
T102307,V1121,Daniels-Perry,Procurement,INV-45918,28120.73,2025-07-28 12:50:00,Kathy B.,False,
T105292,V1033,Koch-Decker,Procurement,INV-20071,38667.7,2025-07-28 12:54:00,Brandon B.,False,
T105340,V1126,Freeman LLC,Facilities,INV-40637,70612.0,2025-07-28 13:02:00,Eric M.,False,
T106145,V1091,Wilson LLC,Marketing,INV-35826,195954.73,2025-07-28 13:16:00,Andrew F.,True,statistical_outlier
T104801,V1001,Rhodes PLC,Legal,INV-93275,106344.23,2025-07-28 13:41:00,Kayla G.,False,
T103677,V1088,Johnson and Sons,Operations,INV-97281,41302.01,2025-07-28 13:43:00,Kevin M.,False,
T103655,V1007,Davis Inc,HR,INV-59114,24737.32,2025-07-28 13:57:00,Heather W.,False,
T100064,V1080,Fleming Ltd,Procurement,INV-22704,41111.21,2025-07-28 14:12:00,Rebekah E.,False,
T105376,V1034,Allen PLC,Procurement,INV-38394,95195.02,2025-07-28 14:40:00,Maria B.,False,
T105801,V1007,Davis Inc,Facilities,INV-37963,51813.87,2025-07-28 16:06:00,Tiffany N.,False,
T105369,V1134,"Williams, Crane and Walker",HR,INV-25440,98639.87,2025-07-28 16:56:00,Evelyn R.,False,
T100115,V1069,"Riggs, Roman and Rice",HR,INV-30257,96739.24,2025-07-28 17:39:00,Jennifer C.,False,
T104529,V1069,"Riggs, Roman and Rice",IT,INV-27346,56272.22,2025-07-28 18:45:00,Janice R.,False,
T100459,V1052,Martin Group,IT,INV-98984,42514.0,2025-07-29 07:49:00,Justin A.,False,
T102529,V1055,Horton-Cross,Facilities,INV-61825,57653.64,2025-07-29 10:24:00,Eric H.,False,
T105700,V1007,Davis Inc,Procurement,INV-42309,29219.41,2025-07-29 10:28:00,Jennifer H.,False,
T101176,V1050,Ramos PLC,Marketing,INV-28772,70468.31,2025-07-29 10:36:00,Amanda M.,False,
T105953,V1053,Barrera-Martin,Operations,INV-51470,33420.68,2025-07-29 10:55:00,Keith M.,False,
T100347,V1139,Oconnell Inc,Facilities,INV-15943,96751.69,2025-07-29 12:07:00,Scott H.,False,
T100266,V1136,"Hernandez, Martinez and Caldwell",IT,INV-97835,5889.99,2025-07-29 12:21:00,Laura W.,False,
T104573,V1127,Price Ltd,Marketing,INV-52515,66736.79,2025-07-29 12:29:00,Laura K.,False,
T104422,V1053,Barrera-Martin,Procurement,INV-64511,68735.95,2025-07-29 13:44:00,Patrick G.,False,
T101734,V1116,Larsen LLC,Procurement,INV-45370,20588.11,2025-07-29 13:48:00,Nancy W.,False,
T100247,V1104,Campbell Ltd,HR,INV-87832,42089.14,2025-07-29 14:28:00,Kristina C.,False,
T100875,V1034,Allen PLC,Marketing,INV-64477,83432.68,2025-07-29 14:43:00,Sherry C.,False,
T102514,V1107,Riggs PLC,Procurement,INV-58442,12137.88,2025-07-29 15:07:00,Lisa W.,False,
T101438,V1043,"Young, Caldwell and Lewis",Procurement,INV-30287,105037.16,2025-07-29 15:23:00,Stephen M.,False,
T103672,V1134,"Williams, Crane and Walker",Procurement,INV-56135,54598.87,2025-07-29 16:23:00,Roberto L.,False,
T102695,V1069,"Riggs, Roman and Rice",Legal,INV-75213,101897.84,2025-07-29 16:23:00,Judith P.,False,
T103680,V1094,"Lee, Williams and Graham",Operations,INV-29450,16640.17,2025-07-29 16:26:00,Justin H.,False,
T105639,V1088,Johnson and Sons,Legal,INV-96531,59252.91,2025-07-29 16:29:00,Jacob K.,False,
T102130,V1043,"Young, Caldwell and Lewis",IT,INV-64331,106417.3,2025-07-29 16:40:00,Jennifer W.,False,
T101618,V1055,Horton-Cross,IT,INV-24478,71979.87,2025-07-29 16:41:00,Gina O.,False,
T105441,V1112,Grant Inc,IT,INV-40003,85095.86,2025-07-29 17:01:00,Nicole W.,False,
T102757,V1120,Mccarthy Inc,Facilities,INV-43130,16039.69,2025-07-29 19:28:00,Heather W.,False,
T100478,V1034,Allen PLC,HR,INV-41133,46775.52,2025-07-30 07:23:00,Richard P.,False,
T104468,V1104,Campbell Ltd,Operations,INV-39751,67882.57,2025-07-30 08:45:00,Jeremy M.,False,
T101901,V1080,Fleming Ltd,Operations,INV-85543,67059.05,2025-07-30 08:59:00,Timothy P.,False,
T104024,V1053,Barrera-Martin,HR,INV-13806,44660.46,2025-07-30 10:12:00,Jeffrey S.,False,
T104819,V1088,Johnson and Sons,IT,INV-88349,67369.18,2025-07-30 10:17:00,Andrea A.,False,
T103489,V1001,Rhodes PLC,Procurement,INV-83257,55043.54,2025-07-30 11:29:00,Kenneth S.,False,
T105273,V1011,Stanley LLC,IT,INV-48089,27128.29,2025-07-30 11:50:00,Duane S.,False,
T105592,V1055,Horton-Cross,Facilities,INV-23213,44723.14,2025-07-30 11:56:00,Caitlyn C.,False,
T105165,V1073,"Walters, Baker and Freeman",Procurement,INV-36864,44427.77,2025-07-30 12:55:00,James K.,False,
T102856,V1101,Torres and Sons,HR,INV-21648,10088.09,2025-07-30 13:48:00,Roberto R.,False,
T100760,V1034,Allen PLC,Procurement,INV-79391,42205.93,2025-07-30 14:00:00,Justin O.,False,
T105847,V1069,"Riggs, Roman and Rice",IT,INV-67121,84749.11,2025-07-30 14:03:00,Nicholas J.,False,
T102791,V1113,Contreras-Travis,Legal,INV-88494,13632.9,2025-07-30 14:19:00,Tristan C.,False,
T100066,V1073,"Walters, Baker and Freeman",Legal,INV-17100,25907.44,2025-07-30 14:29:00,Ashley B.,False,
T102090,V1069,"Riggs, Roman and Rice",IT,INV-95951,210884.23,2025-07-30 14:37:00,Rebecca R.,False,
T105736,V1050,Ramos PLC,Marketing,INV-23051,54237.01,2025-07-30 14:58:00,Rebecca R.,False,
T105249,V1035,Dennis Inc,Legal,INV-90505,33271.59,2025-07-30 16:38:00,Ronald H.,False,
T101232,V1067,Ibarra-Suarez,Procurement,INV-18301,72727.32,2025-07-30 17:28:00,Arthur S.,False,
T100626,V1094,"Lee, Williams and Graham",Legal,INV-90147,11915.83,2025-07-30 17:32:00,Anna N.,False,
T100561,V1139,Oconnell Inc,Marketing,INV-85353,146147.22,2025-07-30 17:49:00,Juan H.,False,
T100118,V1001,Rhodes PLC,HR,INV-42527,98239.13,2025-07-30 17:51:00,Daniel V.,False,
T101115,V1050,Ramos PLC,Marketing,INV-95824,127215.17,2025-07-30 18:16:00,Stephen A.,False,
T103796,V1067,Ibarra-Suarez,HR,INV-54285,37946.4,2025-07-30 19:19:00,Jacob M.,False,
T106038,V1025,James-Ferrell,Facilities,INV-27236,9869.06,2025-07-31 07:22:00,Renee K.,True,just_below_threshold
T106037,V1093,Graham-Joyce,Facilities,INV-82788,9853.96,2025-07-31 07:37:00,Renee K.,True,just_below_threshold
T101095,V1050,Ramos PLC,Operations,INV-39820,113480.87,2025-07-31 07:48:00,Kiara C.,False,
T100386,V1067,Ibarra-Suarez,Legal,INV-69441,12730.61,2025-07-31 08:21:00,James C.,False,
T103239,V1050,Ramos PLC,Marketing,INV-44449,167974.2,2025-07-31 08:32:00,Wendy B.,False,
T100993,V1069,"Riggs, Roman and Rice",IT,INV-70091,240852.48,2025-07-31 08:44:00,Troy M.,False,
T101735,V1062,Donovan-Harris,HR,INV-97993,23833.04,2025-07-31 09:14:00,Roy M.,False,
T104052,V1121,Daniels-Perry,IT,INV-28605,25739.49,2025-07-31 09:42:00,Patricia M.,False,
T105675,V1043,"Young, Caldwell and Lewis",Facilities,INV-26578,27917.67,2025-07-31 10:14:00,Aimee F.,False,
T100724,V1120,Mccarthy Inc,Operations,INV-79467,23587.43,2025-07-31 10:26:00,Kimberly T.,False,
T101276,V1069,"Riggs, Roman and Rice",HR,INV-77147,76292.05,2025-07-31 10:38:00,Brad M.,False,
T103329,V1126,Freeman LLC,Marketing,INV-92009,24878.39,2025-07-31 11:04:00,William P.,False,
T104423,V1002,Johnson-Davis,IT,INV-34837,14136.27,2025-07-31 11:24:00,Michael H.,False,
T100117,V1126,Freeman LLC,Facilities,INV-53540,17079.33,2025-07-31 12:01:00,Jeffrey S.,False,
T105126,V1012,Delacruz Group,IT,INV-37044,21166.36,2025-07-31 12:06:00,Amy G.,False,
T104781,V1069,"Riggs, Roman and Rice",Operations,INV-15210,95216.31,2025-07-31 12:07:00,Brianna E.,False,
T102883,V1115,"Griffin, Moore and Hensley",Facilities,INV-10410,27471.72,2025-07-31 12:42:00,Victor G.,False,
T101820,V1069,"Riggs, Roman and Rice",Marketing,INV-41148,87235.38,2025-07-31 13:05:00,Mercedes R.,False,
T100754,V1033,Koch-Decker,Legal,INV-92667,86923.43,2025-07-31 13:08:00,Regina L.,False,
T105564,V1139,Oconnell Inc,HR,INV-10834,102183.57,2025-07-31 13:09:00,David G.,False,
T103299,V1115,"Griffin, Moore and Hensley",Legal,INV-94523,47701.53,2025-07-31 13:58:00,Rachel W.,False,
T102309,V1007,Davis Inc,Legal,INV-53610,36997.42,2025-07-31 13:59:00,Holly D.,False,
T105691,V1134,"Williams, Crane and Walker",Facilities,INV-23156,157647.56,2025-07-31 14:35:00,Emily H.,False,
T104480,V1034,Allen PLC,Facilities,INV-38465,101809.43,2025-07-31 15:03:00,Melissa W.,False,
T101755,V1107,Riggs PLC,Marketing,INV-13265,46784.02,2025-07-31 15:20:00,Timothy H.,False,
T101443,V1055,Horton-Cross,Legal,INV-83080,38290.15,2025-07-31 15:35:00,Darrell Y.,False,
T104962,V1043,"Young, Caldwell and Lewis",Marketing,INV-64957,51409.54,2025-07-31 15:47:00,Amy P.,False,
T102582,V1052,Martin Group,HR,INV-74091,41393.91,2025-07-31 16:35:00,Alexis P.,False,
T101644,V1107,Riggs PLC,HR,INV-66438,26126.8,2025-07-31 16:48:00,Michael L.,False,
T102033,V1055,Horton-Cross,Facilities,INV-59221,26748.01,2025-07-31 19:55:00,Ashley D.,False,
T103774,V1053,Barrera-Martin,Procurement,INV-81001,64893.14,2025-08-01 10:01:00,Steven M.,False,
T102748,V1069,"Riggs, Roman and Rice",Facilities,INV-90967,60207.04,2025-08-01 10:15:00,Leah B.,False,
T105718,V1069,"Riggs, Roman and Rice",Procurement,INV-50711,90256.25,2025-08-01 10:27:00,Todd W.,False,
T100842,V1001,Rhodes PLC,Procurement,INV-25213,48078.44,2025-08-01 10:58:00,Christopher J.,False,
T104199,V1094,"Lee, Williams and Graham",Facilities,INV-64950,6468.69,2025-08-01 11:52:00,Sarah N.,False,
T102782,V1085,Moore-Haynes,Procurement,INV-52879,1648.75,2025-08-01 12:32:00,Helen L.,False,
T103653,V1078,"Johnson, Wood and Tran",HR,INV-65898,425.35,2025-08-01 13:04:00,Brian H.,False,
T100949,V1121,Daniels-Perry,HR,INV-62727,44887.52,2025-08-01 13:27:00,Antonio W.,False,
T100687,V1115,"Griffin, Moore and Hensley",Operations,INV-17567,37624.15,2025-08-01 13:29:00,Erin L.,False,
T101637,V1088,Johnson and Sons,Procurement,INV-93705,26804.8,2025-08-01 13:47:00,Danny L.,False,
T102124,V1104,Campbell Ltd,Marketing,INV-47831,25874.26,2025-08-01 13:51:00,Devin B.,False,
T102429,V1069,"Riggs, Roman and Rice",Marketing,INV-85846,50328.68,2025-08-01 13:54:00,Alyssa B.,False,
T102126,V1024,Conner Group,Legal,INV-86962,3518.21,2025-08-01 15:08:00,Russell S.,False,
T104327,V1001,Rhodes PLC,Operations,INV-84460,69741.89,2025-08-01 17:35:00,Matthew H.,False,
T100168,V1118,Nelson LLC,IT,INV-81121,55030.16,2025-08-01 19:26:00,Brandy H.,False,
T102244,V1080,Fleming Ltd,Procurement,INV-71564,34341.5,2025-08-04 07:17:00,Randy C.,False,
T105116,V1034,Allen PLC,HR,INV-89332,51333.45,2025-08-04 09:16:00,Ruth S.,False,
T100944,V1053,Barrera-Martin,Operations,INV-99514,54561.27,2025-08-04 09:23:00,Anna D.,False,
T100170,V1118,Nelson LLC,Legal,INV-86556,17183.19,2025-08-04 09:24:00,Elizabeth N.,False,
T103907,V1069,"Riggs, Roman and Rice",IT,INV-54128,110299.91,2025-08-04 09:30:00,Kristin G.,False,
T103276,V1035,Dennis Inc,Operations,INV-31771,70679.52,2025-08-04 10:44:00,Stephanie W.,False,
T104277,V1001,Rhodes PLC,HR,INV-23787,38315.97,2025-08-04 11:03:00,Richard B.,False,
T103045,V1127,Price Ltd,Operations,INV-74955,39162.91,2025-08-04 12:31:00,Courtney A.,False,
T104621,V1050,Ramos PLC,IT,INV-70940,37027.74,2025-08-04 13:05:00,Valerie R.,False,
T100695,V1080,Fleming Ltd,Marketing,INV-68790,28080.21,2025-08-04 13:23:00,Charles H.,False,
T101169,V1050,Ramos PLC,IT,INV-58717,43367.93,2025-08-04 13:50:00,Joseph J.,False,
T103366,V1121,Daniels-Perry,Legal,INV-67043,26921.46,2025-08-04 14:43:00,Melissa I.,False,
T102469,V1118,Nelson LLC,Facilities,INV-28087,83065.56,2025-08-04 15:50:00,Chad L.,False,
T104290,V1050,Ramos PLC,Marketing,INV-15225,138620.27,2025-08-04 15:52:00,Donald H.,False,
T103542,V1036,"Cannon, Anderson and Alvarez",Procurement,INV-18116,1237.79,2025-08-04 15:59:00,James P.,False,
T105775,V1126,Freeman LLC,IT,INV-65987,17877.24,2025-08-05 07:07:00,Margaret S.,False,
T102508,V1076,Martin-Ramos,HR,INV-74165,13282.13,2025-08-05 08:28:00,Rebecca M.,False,
T102277,V1134,"Williams, Crane and Walker",Procurement,INV-36475,143605.47,2025-08-05 09:41:00,Zachary H.,False,
T105822,V1075,Smith and Sons,HR,INV-80569,16612.33,2025-08-05 10:39:00,Karen M.,False,
T104420,V1134,"Williams, Crane and Walker",Operations,INV-92076,67421.48,2025-08-05 11:43:00,Caitlyn N.,False,
T100053,V1053,Barrera-Martin,Operations,INV-36365,40916.76,2025-08-05 12:13:00,Justin M.,False,
T100691,V1050,Ramos PLC,HR,INV-18357,37512.41,2025-08-05 12:22:00,Anne H.,False,
T102490,V1118,Nelson LLC,Procurement,INV-17857,47898.25,2025-08-05 12:32:00,Kent P.,False,
T103189,V1001,Rhodes PLC,Marketing,INV-82634,77460.85,2025-08-05 12:43:00,Kelsey H.,False,
T105834,V1139,Oconnell Inc,HR,INV-18109,276705.57,2025-08-05 12:43:00,Isaac C.,False,
T102565,V1070,"Evans, Alvarado and Mcmillan",Operations,INV-69210,26365.6,2025-08-05 12:58:00,Brenda B.,False,
T105545,V1081,"Henson, Russell and Oliver",Legal,INV-51592,8903.98,2025-08-05 13:23:00,Cindy P.,False,
T103349,V1126,Freeman LLC,HR,INV-45608,12972.78,2025-08-05 13:38:00,Mitchell L.,False,
T104890,V1115,"Griffin, Moore and Hensley",Facilities,INV-40965,44223.97,2025-08-05 13:57:00,Matthew F.,False,
T102976,V1118,Nelson LLC,Operations,INV-43419,47036.76,2025-08-05 14:04:00,Brandon W.,False,
T100923,V1127,Price Ltd,Facilities,INV-72613,30221.59,2025-08-05 14:44:00,Michael G.,False,
T101146,V1070,"Evans, Alvarado and Mcmillan",Marketing,INV-55706,39266.65,2025-08-05 14:57:00,Brenda L.,False,
T100500,V1107,Riggs PLC,Legal,INV-47762,20674.88,2025-08-05 15:07:00,Elizabeth M.,False,
T102391,V1088,Johnson and Sons,IT,INV-90460,41197.97,2025-08-05 15:51:00,Chloe B.,False,
T105670,V1052,Martin Group,IT,INV-90511,49685.37,2025-08-05 16:07:00,Sarah M.,False,
T104735,V1070,"Evans, Alvarado and Mcmillan",HR,INV-62822,39115.78,2025-08-05 16:22:00,David C.,False,
T102310,V1127,Price Ltd,Legal,INV-23159,36200.09,2025-08-05 16:56:00,Lance N.,False,
T102295,V1069,"Riggs, Roman and Rice",HR,INV-42289,94515.47,2025-08-05 18:30:00,Audrey J.,False,
T105220,V1104,Campbell Ltd,HR,INV-81660,57400.83,2025-08-05 18:46:00,Steven S.,False,
T103852,V1112,Grant Inc,Operations,INV-83373,62628.75,2025-08-06 09:13:00,Kimberly E.,False,
T101899,V1127,Price Ltd,Procurement,INV-85751,31285.04,2025-08-06 09:38:00,Ryan B.,False,
T105333,V1043,"Young, Caldwell and Lewis",Operations,INV-94430,59928.7,2025-08-06 09:48:00,Joshua T.,False,
T101507,V1073,"Walters, Baker and Freeman",Marketing,INV-58799,23087.91,2025-08-06 10:13:00,James M.,False,
T103841,V1116,Larsen LLC,Marketing,INV-52872,22487.01,2025-08-06 10:42:00,Michele B.,False,
T103013,V1137,Marshall LLC,Operations,INV-27881,15624.45,2025-08-06 10:43:00,Victor M.,False,
T102689,V1074,Davis Group,Marketing,INV-84890,8584.5,2025-08-06 10:56:00,Elizabeth S.,False,
T100252,V1120,Mccarthy Inc,Operations,INV-39466,42273.31,2025-08-06 11:07:00,Brittney H.,False,
T101896,V1139,Oconnell Inc,Facilities,INV-69558,111565.91,2025-08-06 11:39:00,Stacy R.,False,
T102719,V1033,Koch-Decker,Legal,INV-62870,138811.44,2025-08-06 11:43:00,Trevor A.,False,
T105080,V1088,Johnson and Sons,Procurement,INV-23968,43523.5,2025-08-06 12:18:00,Dakota R.,False,
T102051,V1104,Campbell Ltd,Marketing,INV-72818,38168.36,2025-08-06 12:33:00,Crystal B.,False,
T104820,V1073,"Walters, Baker and Freeman",HR,INV-34687,54702.04,2025-08-06 12:42:00,Scott S.,False,
T104875,V1062,Donovan-Harris,Marketing,INV-43413,55377.06,2025-08-06 13:05:00,David O.,False,
T100701,V1112,Grant Inc,Marketing,INV-40102,44990.16,2025-08-06 13:34:00,Jessica S.,False,
T103153,V1055,Horton-Cross,HR,INV-49526,40051.1,2025-08-06 14:09:00,Lindsay M.,False,
T103624,V1134,"Williams, Crane and Walker",HR,INV-84488,98754.65,2025-08-06 14:36:00,Katrina P.,False,
T102979,V1088,Johnson and Sons,Facilities,INV-80242,127314.28,2025-08-06 14:44:00,Ashley S.,False,
T103778,V1062,Donovan-Harris,HR,INV-13071,31350.7,2025-08-06 15:32:00,Holly G.,False,
T103017,V1076,Martin-Ramos,Operations,INV-55227,23993.57,2025-08-06 15:44:00,Sara B.,False,
T100155,V1134,"Williams, Crane and Walker",Facilities,INV-77889,187253.75,2025-08-06 17:14:00,Christina Y.,False,
T103716,V1033,Koch-Decker,Marketing,INV-78274,72720.74,2025-08-07 07:46:00,Lauren O.,False,
T103560,V1050,Ramos PLC,Marketing,INV-19288,96982.16,2025-08-07 09:40:00,Ashley H.,False,
T101846,V1080,Fleming Ltd,Facilities,INV-88134,36911.56,2025-08-07 10:25:00,James M.,False,
T101084,V1053,Barrera-Martin,IT,INV-96772,50149.25,2025-08-07 11:05:00,Samantha W.,False,
T104237,V1121,Daniels-Perry,Procurement,INV-81213,81621.53,2025-08-07 11:41:00,Chelsea M.,False,
T101439,V1139,Oconnell Inc,Operations,INV-43244,150856.2,2025-08-07 11:41:00,Joseph W.,False,
T103145,V1073,"Walters, Baker and Freeman",Facilities,INV-56309,27622.9,2025-08-07 12:24:00,Timothy T.,False,
T101999,V1118,Nelson LLC,Legal,INV-98918,27684.49,2025-08-07 13:21:00,Michael P.,False,
T102694,V1076,Martin-Ramos,Marketing,INV-66689,7322.66,2025-08-07 13:28:00,Jason B.,False,
T102606,V1033,Koch-Decker,HR,INV-95200,59981.88,2025-08-07 13:41:00,Kenneth M.,False,
T102400,V1011,Stanley LLC,Operations,INV-16255,51529.41,2025-08-07 15:18:00,Belinda B.,False,
T104943,V1033,Koch-Decker,Operations,INV-43442,90128.93,2025-08-07 15:35:00,Mary G.,False,
T102937,V1011,Stanley LLC,Legal,INV-32049,65554.58,2025-08-07 15:43:00,Rebecca J.,False,
T100376,V1112,Grant Inc,Procurement,INV-74260,54459.67,2025-08-07 15:43:00,Eileen A.,False,
T105438,V1043,"Young, Caldwell and Lewis",Legal,INV-40360,95343.74,2025-08-07 16:55:00,Kevin C.,False,
T104164,V1107,Riggs PLC,IT,INV-39214,8508.49,2025-08-07 17:09:00,Christopher E.,False,
T105593,V1132,Murphy-Juarez,IT,INV-96146,161.56,2025-08-07 18:51:00,Jodi C.,False,
T102854,V1001,Rhodes PLC,HR,INV-49612,72650.82,2025-08-07 19:16:00,Geoffrey R.,False,
T102785,V1134,"Williams, Crane and Walker",Facilities,INV-38020,68776.62,2025-08-08 07:07:00,Roger P.,False,
T103052,V1051,"Kidd, Huff and Novak",HR,INV-11052,23933.9,2025-08-08 09:38:00,Justin Y.,False,
T103058,V1051,"Kidd, Huff and Novak",Marketing,INV-23508,12946.6,2025-08-08 10:12:00,Paul P.,False,
T105808,V1074,Davis Group,HR,INV-14137,16279.12,2025-08-08 10:20:00,Thomas M.,False,
T105549,V1034,Allen PLC,Procurement,INV-27842,31567.73,2025-08-08 10:21:00,Amanda V.,False,
T106088,V9999,Meridian Consulting Partners LLC,Operations,INV-81761,5397.39,2025-08-08 10:58:00,Marcus T.,True,fabricated_invoice_benford
T100033,V1121,Daniels-Perry,Operations,INV-62350,30703.33,2025-08-08 11:57:00,Andre P.,False,
T102470,V1104,Campbell Ltd,Marketing,INV-70129,38522.37,2025-08-08 12:26:00,Kimberly S.,False,
T102633,V1023,Campos Inc,Operations,INV-91163,1489.1,2025-08-08 12:56:00,Peter W.,False,
T103037,V1067,Ibarra-Suarez,Facilities,INV-80310,45239.85,2025-08-08 12:57:00,Samantha S.,False,
T101366,V1134,"Williams, Crane and Walker",Procurement,INV-51053,135305.02,2025-08-08 15:10:00,Jessica H.,False,
T100934,V1069,"Riggs, Roman and Rice",Legal,INV-28327,124878.64,2025-08-08 15:20:00,Donald P.,False,
T102675,V1127,Price Ltd,Facilities,INV-16054,47171.55,2025-08-08 15:40:00,Sandra M.,False,
T101184,V1134,"Williams, Crane and Walker",Marketing,INV-10611,86799.34,2025-08-08 17:30:00,Jade B.,False,
T100919,V1011,Stanley LLC,Procurement,INV-22475,50531.79,2025-08-08 17:41:00,Adam L.,False,
T103357,V1137,Marshall LLC,Facilities,INV-56890,15441.55,2025-08-08 17:50:00,Jane O.,False,
T105371,V1002,Johnson-Davis,Procurement,INV-81991,11962.89,2025-08-11 08:21:00,Paul L.,False,
T100306,V1134,"Williams, Crane and Walker",Legal,INV-93066,169715.4,2025-08-11 09:06:00,Scott C.,False,
T104397,V1052,Martin Group,Procurement,INV-74286,65287.6,2025-08-11 09:24:00,Crystal B.,False,
T103053,V1092,Johnson-Carlson,IT,INV-46991,15349.34,2025-08-11 09:30:00,Julia P.,False,
T105023,V1126,Freeman LLC,HR,INV-15167,18364.6,2025-08-11 09:49:00,Jennifer C.,False,
T105321,V1050,Ramos PLC,HR,INV-16076,23443.21,2025-08-11 09:50:00,Annette P.,False,
T103550,V1050,Ramos PLC,Operations,INV-35204,57948.86,2025-08-11 09:52:00,Paul B.,False,
T104586,V1050,Ramos PLC,Facilities,INV-73876,75262.27,2025-08-11 10:54:00,Natasha G.,False,
T101662,V1069,"Riggs, Roman and Rice",Legal,INV-25799,101482.74,2025-08-11 11:26:00,Jessica M.,False,
T106118,V9999,Meridian Consulting Partners LLC,Operations,INV-24688,7564.98,2025-08-11 12:06:00,Marcus T.,True,fabricated_invoice_benford
T104857,V1024,Conner Group,Legal,INV-88606,2820.11,2025-08-11 12:37:00,Lauren L.,False,
T100773,V1043,"Young, Caldwell and Lewis",Legal,INV-53420,78918.42,2025-08-11 12:41:00,Sherry M.,False,
T103621,V1134,"Williams, Crane and Walker",Marketing,INV-17486,66931.51,2025-08-11 12:55:00,Diane R.,False,
T103942,V1001,Rhodes PLC,IT,INV-60340,59374.1,2025-08-11 13:05:00,Cynthia J.,False,
T102392,V1129,"Ferguson, Meadows and Vargas",Marketing,INV-22182,6212.09,2025-08-11 13:40:00,Amanda S.,False,
T104408,V1127,Price Ltd,Operations,INV-78679,54240.55,2025-08-11 13:47:00,David H.,False,
T103810,V1002,Johnson-Davis,HR,INV-98694,11401.86,2025-08-11 14:18:00,Julie S.,False,
T104955,V1051,"Kidd, Huff and Novak",IT,INV-53011,11726.35,2025-08-11 14:30:00,Hailey A.,False,
T105387,V1104,Campbell Ltd,Marketing,INV-61024,53078.65,2025-08-11 14:38:00,Joseph R.,False,
T101866,V1118,Nelson LLC,Legal,INV-54852,49540.02,2025-08-11 15:36:00,Christian A.,False,
T102672,V1002,Johnson-Davis,HR,INV-18569,28458.96,2025-08-11 15:56:00,Tara W.,False,
T103963,V1113,Contreras-Travis,Marketing,INV-46924,21195.03,2025-08-11 17:03:00,Brent S.,False,
T102475,V1084,Pham-Shields,Marketing,INV-14861,1777.34,2025-08-11 17:03:00,Adam Z.,False,
T105196,V1034,Allen PLC,HR,INV-31782,36912.63,2025-08-11 17:14:00,Richard W.,False,
T103485,V1115,"Griffin, Moore and Hensley",Facilities,INV-79018,22794.34,2025-08-12 07:06:00,Jeffery C.,False,
T101055,V1011,Stanley LLC,HR,INV-73858,47592.32,2025-08-12 07:50:00,Christopher M.,False,
T102422,V1112,Grant Inc,HR,INV-80593,47288.22,2025-08-12 09:53:00,Thomas A.,False,
T105713,V1120,Mccarthy Inc,Marketing,INV-67253,15059.74,2025-08-12 09:56:00,Megan O.,False,
T105740,V1034,Allen PLC,Facilities,INV-77552,44506.59,2025-08-12 10:11:00,Stephen M.,False,
T101368,V1007,Davis Inc,Legal,INV-57118,91403.39,2025-08-12 10:17:00,Rachel P.,False,
T104966,V1104,Campbell Ltd,Legal,INV-66645,32195.68,2025-08-12 10:25:00,John C.,False,
T102906,V1139,Oconnell Inc,Facilities,INV-39301,129967.74,2025-08-12 10:51:00,Kimberly B.,False,
T103316,V1139,Oconnell Inc,HR,INV-87763,117667.87,2025-08-12 11:00:00,Bobby H.,False,
T104438,V1050,Ramos PLC,IT,INV-67423,96458.79,2025-08-12 11:39:00,Justin L.,False,
T105133,V1030,Harrell LLC,IT,INV-10400,4024.96,2025-08-12 12:03:00,Michaela R.,False,
T102363,V1062,Donovan-Harris,Marketing,INV-15346,17155.53,2025-08-12 12:07:00,Angela B.,False,
T100207,V1025,James-Ferrell,HR,INV-87656,26209.96,2025-08-12 12:52:00,Ralph B.,False,
T100425,V1069,"Riggs, Roman and Rice",Marketing,INV-20205,62802.74,2025-08-12 13:01:00,Rebecca S.,False,
T105992,V1055,Horton-Cross,Facilities,INV-31327,67602.45,2025-08-12 13:17:00,Nicholas P.,False,
T104863,V1017,Underwood LLC,Operations,INV-54864,1366.16,2025-08-12 13:50:00,Leslie C.,False,
T100490,V1075,Smith and Sons,Facilities,INV-69130,22418.55,2025-08-12 14:05:00,Anthony L.,False,
T102397,V1082,Hancock and Sons,Legal,INV-72601,1763.43,2025-08-12 14:05:00,Heather H.,False,
T102251,V1116,Larsen LLC,Marketing,INV-93288,13674.55,2025-08-12 14:12:00,Paula F.,False,
T104885,V1053,Barrera-Martin,Legal,INV-34382,39959.7,2025-08-12 14:17:00,Zachary M.,False,
T103287,V1034,Allen PLC,IT,INV-96455,307761.05,2025-08-12 14:24:00,Matthew W.,False,
T103345,V1121,Daniels-Perry,Marketing,INV-35304,47493.92,2025-08-12 14:32:00,Teresa B.,False,
T100431,V1139,Oconnell Inc,Marketing,INV-78676,67885.79,2025-08-12 14:37:00,Cindy B.,False,
T100430,V1069,"Riggs, Roman and Rice",Procurement,INV-41891,91063.12,2025-08-12 15:54:00,John F.,False,
T104340,V1086,Garrison and Sons,Facilities,INV-12898,25187.74,2025-08-12 16:04:00,Linda C.,False,
T104269,V1069,"Riggs, Roman and Rice",Legal,INV-26366,81552.35,2025-08-13 07:19:00,Nicholas H.,False,
T104046,V1121,Daniels-Perry,Legal,INV-17836,36551.54,2025-08-13 08:30:00,Sean G.,False,
T101229,V1012,Delacruz Group,Operations,INV-59774,62288.34,2025-08-13 09:11:00,Kristina L.,False,
T105620,V1126,Freeman LLC,HR,INV-37601,39217.17,2025-08-13 09:22:00,David R.,False,
T100709,V1001,Rhodes PLC,Operations,INV-38477,92373.35,2025-08-13 10:14:00,Tiffany D.,False,
T101605,V1139,Oconnell Inc,IT,INV-81137,58386.18,2025-08-13 10:35:00,Charles P.,False,
T104139,V1012,Delacruz Group,IT,INV-85069,16323.78,2025-08-13 11:15:00,Christopher W.,False,
T102456,V1121,Daniels-Perry,Marketing,INV-24539,62604.42,2025-08-13 11:51:00,Kayla S.,False,
T104919,V1062,Donovan-Harris,Marketing,INV-62329,25827.28,2025-08-13 12:16:00,Joshua D.,False,
T104134,V1033,Koch-Decker,IT,INV-24553,123381.44,2025-08-13 12:59:00,Rachel V.,False,
T103594,V1094,"Lee, Williams and Graham",IT,INV-15730,10108.49,2025-08-13 13:11:00,Judith J.,False,
T103708,V1055,Horton-Cross,Facilities,INV-47811,47459.01,2025-08-13 13:14:00,Christopher K.,False,
T102199,V1091,Wilson LLC,HR,INV-98672,9006.57,2025-08-13 14:33:00,Jay K.,False,
T102306,V1045,Davis Group,IT,INV-94466,11817.26,2025-08-13 14:40:00,Christian L.,False,
T101602,V1023,Campos Inc,Facilities,INV-12798,960.15,2025-08-13 14:46:00,Jamie P.,False,
T106073,V1085,Moore-Haynes,Procurement,INV-74528,5000.0,2025-08-13 15:18:00,Nicole K.,True,round_dollar
T106142,V1036,"Cannon, Anderson and Alvarez",IT,INV-26671,7817.65,2025-08-13 15:31:00,Victoria D.,True,statistical_outlier
T100846,V1118,Nelson LLC,HR,INV-69303,49450.48,2025-08-13 15:46:00,Kristen S.,False,
T104309,V1086,Garrison and Sons,IT,INV-30868,24984.01,2025-08-13 15:57:00,Victor S.,False,
T105607,V1088,Johnson and Sons,Facilities,INV-84847,58249.13,2025-08-13 16:00:00,Jennifer J.,False,
T100258,V1087,Bailey-Hoover,Operations,INV-15224,8521.97,2025-08-13 16:05:00,Ronald R.,False,
T103911,V1069,"Riggs, Roman and Rice",Operations,INV-69827,76567.4,2025-08-13 16:51:00,Mark D.,False,
T105958,V1139,Oconnell Inc,Procurement,INV-53438,91190.83,2025-08-13 16:53:00,Marc J.,False,
T105143,V1062,Donovan-Harris,Facilities,INV-12247,25270.75,2025-08-13 17:57:00,Dylan A.,False,
T102463,V1121,Daniels-Perry,Legal,INV-10863,34070.84,2025-08-13 18:26:00,Tiffany G.,False,
T105734,V1115,"Griffin, Moore and Hensley",Procurement,INV-64339,78474.8,2025-08-13 18:43:00,Raymond T.,False,
T104447,V1092,Johnson-Carlson,Legal,INV-67741,23253.72,2025-08-13 19:01:00,David C.,False,
T100537,V1121,Daniels-Perry,Facilities,INV-18812,81137.47,2025-08-13 19:02:00,Anthony S.,False,
T106072,V1014,"Zuniga, Wong and Lynch",Operations,INV-54536,15000.0,2025-08-14 07:40:00,Colton W.,True,round_dollar
T100298,V1079,Parker Inc,Operations,INV-69890,404.68,2025-08-14 08:06:00,Joyce B.,False,
T100884,V1001,Rhodes PLC,Facilities,INV-65725,263779.42,2025-08-14 09:34:00,Sandra K.,False,
T100813,V1088,Johnson and Sons,Marketing,INV-95332,84346.87,2025-08-14 10:21:00,Sandra C.,False,
T104211,V1075,Smith and Sons,Legal,INV-89071,15504.27,2025-08-14 11:08:00,Kimberly R.,False,
T101837,V1134,"Williams, Crane and Walker",Procurement,INV-45737,98574.82,2025-08-14 11:42:00,Joseph M.,False,
T104506,V1011,Stanley LLC,Operations,INV-33833,20203.07,2025-08-14 12:37:00,Daniel S.,False,
T104376,V1112,Grant Inc,Legal,INV-33264,43451.0,2025-08-14 12:45:00,Tonya W.,False,
T106030,V1139,Oconnell Inc,Facilities,INV-84647,9919.44,2025-08-14 13:03:00,Renee K.,True,just_below_threshold
T104103,V1062,Donovan-Harris,Legal,INV-33878,19060.36,2025-08-14 13:07:00,Ashley H.,False,
T105825,V1113,Contreras-Travis,Operations,INV-59959,44622.75,2025-08-14 13:19:00,Evan L.,False,
T100583,V1094,"Lee, Williams and Graham",Marketing,INV-70875,12678.55,2025-08-14 13:26:00,Brittney R.,False,
T105910,V1027,"Potter, Mack and Peterson",Operations,INV-47565,2992.79,2025-08-14 13:30:00,Carol H.,False,
T102867,V1003,"Johnson, Gonzalez and Santos",Operations,INV-24312,5649.35,2025-08-14 13:40:00,Charles J.,False,
T105563,V1081,"Henson, Russell and Oliver",IT,INV-94298,4551.58,2025-08-14 13:46:00,Natalie B.,False,
T102101,V1069,"Riggs, Roman and Rice",IT,INV-34182,123478.91,2025-08-14 15:16:00,Todd H.,False,
T103635,V1137,Marshall LLC,Marketing,INV-14850,11305.97,2025-08-14 16:00:00,Rhonda C.,False,
T104049,V1064,Bryant-Hickman,Legal,INV-26260,633.54,2025-08-14 16:27:00,Kathleen F.,False,
T100912,V1052,Martin Group,Procurement,INV-66072,84999.02,2025-08-14 16:29:00,Zachary A.,False,
T105586,V1011,Stanley LLC,HR,INV-71442,55754.34,2025-08-14 17:07:00,Allen B.,False,
T102292,V1115,"Griffin, Moore and Hensley",IT,INV-87264,22323.53,2025-08-14 17:26:00,Curtis D.,False,
T102186,V1073,"Walters, Baker and Freeman",Procurement,INV-33704,15633.09,2025-08-14 17:43:00,Ernest P.,False,
T101554,V1127,Price Ltd,IT,INV-64028,15682.6,2025-08-15 07:19:00,Patrick B.,False,
T102531,V1043,"Young, Caldwell and Lewis",IT,INV-94661,96738.19,2025-08-15 07:47:00,Sara M.,False,
T103486,V1139,Oconnell Inc,IT,INV-76036,212365.61,2025-08-15 08:44:00,Nicholas M.,False,
T104439,V1113,Contreras-Travis,Legal,INV-15380,114754.08,2025-08-15 09:38:00,Jeff H.,False,
T101965,V1025,James-Ferrell,IT,INV-23538,17855.15,2025-08-15 09:45:00,Deanna R.,False,
T101125,V1073,"Walters, Baker and Freeman",Legal,INV-63368,21274.34,2025-08-15 10:13:00,Kayla R.,False,
T105400,V1076,Martin-Ramos,IT,INV-61214,33937.65,2025-08-15 10:38:00,Eric T.,False,
T105588,V1034,Allen PLC,HR,INV-38478,108725.37,2025-08-15 10:50:00,Brandon B.,False,
T102303,V1104,Campbell Ltd,Procurement,INV-61508,40536.42,2025-08-15 11:24:00,Sean K.,False,
T101545,V1002,Johnson-Davis,Facilities,INV-27206,26969.61,2025-08-15 11:40:00,Dwayne B.,False,
T102934,V1121,Daniels-Perry,Marketing,INV-48152,32289.7,2025-08-15 11:44:00,Samantha P.,False,
T104091,V1139,Oconnell Inc,Marketing,INV-35873,83287.74,2025-08-15 12:05:00,Sheila A.,False,
T100684,V1007,Davis Inc,HR,INV-36922,26696.64,2025-08-15 12:07:00,Rebecca H.,False,
T105397,V1139,Oconnell Inc,Marketing,INV-92179,78511.22,2025-08-15 12:41:00,Kristopher B.,False,
T103120,V1104,Campbell Ltd,IT,INV-45231,44468.62,2025-08-15 13:14:00,Ryan P.,False,
T102364,V1055,Horton-Cross,HR,INV-83512,47407.7,2025-08-15 13:22:00,Michael B.,False,
T103753,V1115,"Griffin, Moore and Hensley",Marketing,INV-44170,41472.93,2025-08-15 13:27:00,Alyssa T.,False,
T106074,V1054,Baker-Bowers,Facilities,INV-26926,7500.0,2025-08-15 13:45:00,Thomas W.,True,round_dollar
T100072,V1116,Larsen LLC,Legal,INV-82132,25496.32,2025-08-15 13:51:00,Hannah H.,False,
T101772,V1130,Day and Sons,Operations,INV-88656,2576.13,2025-08-15 14:05:00,Brian A.,False,
T104552,V1069,"Riggs, Roman and Rice",Operations,INV-10827,79463.36,2025-08-15 14:11:00,Kevin C.,False,
T102223,V1011,Stanley LLC,Procurement,INV-14306,86517.44,2025-08-15 15:29:00,Tiffany R.,False,
T104320,V1012,Delacruz Group,Procurement,INV-42231,43478.72,2025-08-15 15:52:00,Stephanie W.,False,
T102815,V1009,"Martinez, Nielsen and Miller",Procurement,INV-18469,13120.58,2025-08-15 16:40:00,Shawn M.,False,
T100144,V1097,Alvarado-Martinez,HR,INV-38010,1909.38,2025-08-15 17:28:00,Craig K.,False,
T101683,V1034,Allen PLC,Facilities,INV-67732,76273.02,2025-08-15 17:39:00,April M.,False,
T106002,V1073,"Walters, Baker and Freeman",Procurement,INV-33704,15633.09,2025-08-16 17:43:00,Ernest P.,True,duplicate_payment
T100497,V1139,Oconnell Inc,Procurement,INV-20384,39857.85,2025-08-18 09:39:00,Gerald R.,False,
T101302,V1062,Donovan-Harris,HR,INV-19760,47046.57,2025-08-18 10:11:00,Michele C.,False,
T102823,V1126,Freeman LLC,Facilities,INV-45633,19055.68,2025-08-18 10:40:00,Donna M.,False,
T102436,V1033,Koch-Decker,Marketing,INV-12727,45708.18,2025-08-18 10:44:00,Emma A.,False,
T105754,V1080,Fleming Ltd,Facilities,INV-24674,33488.02,2025-08-18 10:57:00,Robin D.,False,
T103692,V1139,Oconnell Inc,Marketing,INV-92684,64182.61,2025-08-18 10:58:00,Kathryn K.,False,
T102104,V1073,"Walters, Baker and Freeman",Facilities,INV-79945,34949.84,2025-08-18 11:34:00,Jennifer W.,False,
T100008,V1070,"Evans, Alvarado and Mcmillan",IT,INV-10851,12636.94,2025-08-18 11:37:00,Ashlee W.,False,
T100441,V1139,Oconnell Inc,Operations,INV-94278,33416.28,2025-08-18 11:43:00,Andrew M.,False,
T103222,V1055,Horton-Cross,Facilities,INV-54436,51496.79,2025-08-18 11:50:00,Julie P.,False,
T104385,V1050,Ramos PLC,HR,INV-82674,119276.27,2025-08-18 12:07:00,Daniel H.,False,
T105455,V1067,Ibarra-Suarez,Procurement,INV-44722,54212.57,2025-08-18 12:59:00,Deanna B.,False,
T103020,V1121,Daniels-Perry,HR,INV-78618,77587.18,2025-08-18 13:10:00,Stephanie P.,False,
T105201,V1139,Oconnell Inc,Facilities,INV-90078,101273.18,2025-08-18 13:27:00,Brittany M.,False,
T100070,V1126,Freeman LLC,Marketing,INV-34050,42712.51,2025-08-18 14:08:00,John A.,False,
T104642,V1053,Barrera-Martin,Procurement,INV-44177,53056.72,2025-08-18 14:10:00,Scott B.,False,
T100371,V1001,Rhodes PLC,IT,INV-77271,78531.49,2025-08-18 14:49:00,Johnathan Y.,False,
T103675,V1050,Ramos PLC,Marketing,INV-40115,348481.32,2025-08-18 14:50:00,Kathleen S.,False,
T105526,V1069,"Riggs, Roman and Rice",IT,INV-16002,78358.29,2025-08-18 14:54:00,Nathaniel K.,False,
T104507,V1050,Ramos PLC,Procurement,INV-74456,51797.35,2025-08-18 14:57:00,Steven A.,False,
T102612,V1053,Barrera-Martin,Procurement,INV-61361,40081.43,2025-08-18 15:20:00,Michael W.,False,
T105337,V1052,Martin Group,Facilities,INV-54906,31583.14,2025-08-18 15:49:00,Amanda P.,False,
T103756,V1055,Horton-Cross,Facilities,INV-85039,38099.98,2025-08-18 17:26:00,Molly R.,False,
T100217,V1001,Rhodes PLC,Procurement,INV-22196,30871.3,2025-08-18 18:50:00,Darryl W.,False,
T102527,V1050,Ramos PLC,Marketing,INV-29527,70195.85,2025-08-19 09:42:00,Dennis M.,False,
T103353,V1053,Barrera-Martin,Procurement,INV-77024,37688.85,2025-08-19 10:10:00,Lisa G.,False,
T105692,V1054,Baker-Bowers,IT,INV-21793,8980.27,2025-08-19 10:25:00,Douglas H.,False,
T104118,V1033,Koch-Decker,Marketing,INV-83831,152335.92,2025-08-19 11:19:00,Albert C.,False,
T104799,V1088,Johnson and Sons,Legal,INV-39454,51591.38,2025-08-19 11:38:00,Vicki N.,False,
T105172,V1034,Allen PLC,Facilities,INV-22252,29250.12,2025-08-19 11:57:00,Eric C.,False,
T104020,V1002,Johnson-Davis,Legal,INV-33281,21251.27,2025-08-19 12:10:00,Dustin S.,False,
T100209,V1089,Lin-Rasmussen,Legal,INV-70910,2178.02,2025-08-19 12:15:00,Kaitlyn B.,False,
T102426,V1062,Donovan-Harris,Facilities,INV-36389,33636.98,2025-08-19 12:37:00,Alyssa G.,False,
T105852,V1104,Campbell Ltd,IT,INV-51803,62970.59,2025-08-19 12:50:00,Neil T.,False,
T100451,V1052,Martin Group,Legal,INV-84928,120439.59,2025-08-19 12:58:00,Timothy W.,False,
T100855,V1055,Horton-Cross,Marketing,INV-60965,41276.91,2025-08-19 13:37:00,Kirsten W.,False,
T103273,V1053,Barrera-Martin,Legal,INV-26478,96459.82,2025-08-19 13:53:00,Crystal I.,False,
T100727,V1139,Oconnell Inc,IT,INV-22119,225698.88,2025-08-19 13:54:00,Barbara B.,False,
T101987,V1114,Salazar-Ball,Procurement,INV-54470,6773.84,2025-08-19 14:01:00,Cole H.,False,
T101363,V1127,Price Ltd,Operations,INV-96431,81434.52,2025-08-19 14:21:00,George S.,False,
T105895,V1050,Ramos PLC,Legal,INV-62185,59450.37,2025-08-19 14:28:00,Ryan R.,False,
T105917,V1104,Campbell Ltd,Legal,INV-82413,35365.4,2025-08-19 14:45:00,Nicholas K.,False,
T103693,V1033,Koch-Decker,Legal,INV-67106,153841.56,2025-08-19 15:47:00,Kelsey W.,False,
T100603,V1080,Fleming Ltd,Operations,INV-46663,23390.1,2025-08-19 15:48:00,Janice S.,False,
T104569,V1046,Owens-Daniel,HR,INV-72973,1627.16,2025-08-19 16:22:00,Brianna L.,False,
T101002,V1052,Martin Group,IT,INV-63282,52574.82,2025-08-19 16:29:00,Wendy B.,False,
T101519,V1086,Garrison and Sons,IT,INV-44048,19075.6,2025-08-19 17:47:00,Diane O.,False,
T101610,V1139,Oconnell Inc,Legal,INV-44517,45684.85,2025-08-19 18:18:00,Rhonda R.,False,
T105343,V1088,Johnson and Sons,HR,INV-12366,135014.32,2025-08-20 07:44:00,Diana V.,False,
T104230,V1034,Allen PLC,Marketing,INV-91436,56604.9,2025-08-20 08:13:00,Benjamin M.,False,
T105863,V1118,Nelson LLC,Marketing,INV-96067,75628.44,2025-08-20 08:27:00,Christie R.,False,
T104479,V1050,Ramos PLC,Legal,INV-91735,42716.25,2025-08-20 09:19:00,Earl S.,False,
T100902,V1069,"Riggs, Roman and Rice",HR,INV-22202,112108.79,2025-08-20 10:04:00,Christopher G.,False,
T103445,V1118,Nelson LLC,HR,INV-55977,24348.33,2025-08-20 10:31:00,Michael S.,False,
T105786,V1001,Rhodes PLC,IT,INV-29882,47023.46,2025-08-20 10:32:00,Reginald J.,False,
T104347,V1043,"Young, Caldwell and Lewis",Operations,INV-98430,82979.4,2025-08-20 11:19:00,Kristen F.,False,
T102379,V1043,"Young, Caldwell and Lewis",HR,INV-84600,74336.63,2025-08-20 11:20:00,Sara J.,False,
T100549,V1070,"Evans, Alvarado and Mcmillan",HR,INV-68341,12745.39,2025-08-20 12:11:00,David C.,False,
T101752,V1052,Martin Group,HR,INV-75622,131167.94,2025-08-20 13:05:00,Raymond H.,False,
T101256,V1034,Allen PLC,Procurement,INV-96364,219789.6,2025-08-20 13:07:00,Paul W.,False,
T106022,V1097,Alvarado-Martinez,Facilities,INV-21808,9903.21,2025-08-20 13:15:00,Renee K.,True,just_below_threshold
T101275,V1050,Ramos PLC,Facilities,INV-28111,246019.34,2025-08-20 13:51:00,Jason L.,False,
T104992,V1121,Daniels-Perry,Operations,INV-50160,14752.36,2025-08-20 14:22:00,Mary F.,False,
T103416,V1011,Stanley LLC,IT,INV-25509,89198.87,2025-08-20 14:22:00,Michael O.,False,
T104006,V1116,Larsen LLC,Marketing,INV-13875,13175.45,2025-08-20 14:43:00,Carla S.,False,
T104365,V1033,Koch-Decker,Procurement,INV-78664,52485.04,2025-08-20 15:48:00,Jerry M.,False,
T102524,V1112,Grant Inc,IT,INV-59454,86731.98,2025-08-20 15:57:00,Katherine J.,False,
T104884,V1067,Ibarra-Suarez,IT,INV-28564,71132.91,2025-08-20 16:09:00,Gary J.,False,
T105683,V1050,Ramos PLC,Marketing,INV-50404,92321.55,2025-08-20 16:23:00,Ethan S.,False,
T104471,V1034,Allen PLC,Marketing,INV-70754,89591.2,2025-08-20 16:28:00,Adam W.,False,
T102321,V1069,"Riggs, Roman and Rice",Legal,INV-27499,78276.67,2025-08-20 17:30:00,William S.,False,
T105070,V1115,"Griffin, Moore and Hensley",Procurement,INV-84834,30252.97,2025-08-20 18:12:00,Cody W.,False,
T101004,V1034,Allen PLC,Marketing,INV-44735,111109.76,2025-08-20 18:19:00,Nancy M.,False,
T104241,V1055,Horton-Cross,Operations,INV-20874,26641.79,2025-08-20 19:27:00,Billy M.,False,
T101955,V1039,"Santos, Kim and Holmes",IT,INV-65965,4889.19,2025-08-21 07:59:00,Tanya P.,False,
T100382,V1055,Horton-Cross,Operations,INV-66387,42352.0,2025-08-21 09:32:00,Clarence S.,False,
T100958,V1116,Larsen LLC,Operations,INV-17212,14117.07,2025-08-21 09:39:00,Jill V.,False,
T103319,V1009,"Martinez, Nielsen and Miller",HR,INV-56939,11074.47,2025-08-21 09:40:00,Brian W.,False,
T103609,V1033,Koch-Decker,Procurement,INV-75392,42638.54,2025-08-21 10:07:00,Erin B.,False,
T105978,V1033,Koch-Decker,Marketing,INV-13063,239006.35,2025-08-21 11:57:00,Brad J.,False,
T104834,V1092,Johnson-Carlson,Operations,INV-86491,47115.45,2025-08-21 11:59:00,Daniel J.,False,
T101757,V1073,"Walters, Baker and Freeman",IT,INV-52477,20006.3,2025-08-21 12:05:00,Raymond T.,False,
T100078,V1001,Rhodes PLC,Marketing,INV-82845,83663.25,2025-08-21 12:18:00,James W.,False,
T100409,V1080,Fleming Ltd,Facilities,INV-58503,45454.59,2025-08-21 12:21:00,Sarah D.,False,
T100269,V1086,Garrison and Sons,IT,INV-43082,7045.41,2025-08-21 13:05:00,Russell B.,False,
T103698,V1034,Allen PLC,IT,INV-67486,47641.84,2025-08-21 13:24:00,Tim D.,False,
T105024,V1134,"Williams, Crane and Walker",Operations,INV-81712,36081.91,2025-08-21 13:46:00,Becky J.,False,
T105584,V1094,"Lee, Williams and Graham",HR,INV-82587,6454.94,2025-08-21 14:24:00,Jacqueline S.,False,
T102059,V1069,"Riggs, Roman and Rice",Legal,INV-28169,35880.24,2025-08-21 14:29:00,Earl R.,False,
T100042,V1116,Larsen LLC,HR,INV-44522,22006.77,2025-08-21 15:00:00,Hannah L.,False,
T105521,V1084,Pham-Shields,IT,INV-52960,1160.07,2025-08-21 15:06:00,Cassandra C.,False,
T104625,V1055,Horton-Cross,Facilities,INV-86871,57189.9,2025-08-21 15:18:00,Brenda D.,False,
T104270,V1009,"Martinez, Nielsen and Miller",Procurement,INV-54744,8901.6,2025-08-21 17:09:00,Melissa W.,False,
T100341,V1139,Oconnell Inc,HR,INV-98125,37688.1,2025-08-21 19:23:00,Stephanie B.,False,
T102332,V1134,"Williams, Crane and Walker",HR,INV-74769,116230.2,2025-08-21 19:52:00,Elizabeth S.,False,
T102670,V1050,Ramos PLC,IT,INV-58804,61197.31,2025-08-22 08:15:00,William H.,False,
T106106,V9999,Meridian Consulting Partners LLC,Operations,INV-83737,7895.49,2025-08-22 08:21:00,Marcus T.,True,fabricated_invoice_benford
T100291,V1001,Rhodes PLC,IT,INV-34727,107081.8,2025-08-22 08:59:00,Emily H.,False,
T101550,V1067,Ibarra-Suarez,HR,INV-93342,50584.53,2025-08-22 09:40:00,Jeffrey H.,False,
T104297,V1055,Horton-Cross,IT,INV-57000,59805.55,2025-08-22 09:54:00,James M.,False,
T100319,V1080,Fleming Ltd,IT,INV-36111,64798.53,2025-08-22 09:54:00,Angelica B.,False,
T104683,V1050,Ramos PLC,Legal,INV-36825,82531.37,2025-08-22 10:59:00,Jessica C.,False,
T101225,V1121,Daniels-Perry,Legal,INV-60556,52839.19,2025-08-22 11:17:00,Samuel B.,False,
T103282,V1088,Johnson and Sons,Marketing,INV-56101,78659.32,2025-08-22 12:26:00,Jamie G.,False,
T103102,V1050,Ramos PLC,HR,INV-78822,83653.59,2025-08-22 12:32:00,Christina V.,False,
T105352,V1139,Oconnell Inc,Operations,INV-48738,34768.95,2025-08-22 13:05:00,Gabrielle C.,False,
T104084,V1121,Daniels-Perry,Procurement,INV-89840,39546.25,2025-08-22 13:11:00,Joseph A.,False,
T100844,V1084,Pham-Shields,Facilities,INV-78303,641.19,2025-08-22 13:50:00,Dakota D.,False,
T101895,V1067,Ibarra-Suarez,Legal,INV-89223,31877.37,2025-08-22 13:57:00,Amy T.,False,
T100981,V1134,"Williams, Crane and Walker",IT,INV-36302,69724.46,2025-08-22 14:00:00,Cynthia B.,False,
T105578,V1033,Koch-Decker,Legal,INV-33680,47001.64,2025-08-22 14:11:00,Sierra S.,False,
T100610,V1033,Koch-Decker,Operations,INV-77568,33106.31,2025-08-22 15:09:00,Joseph W.,False,
T105986,V1045,Davis Group,HR,INV-21824,8299.31,2025-08-22 15:18:00,Dean M.,False,
T100151,V1033,Koch-Decker,HR,INV-85454,20099.69,2025-08-22 15:26:00,Mark C.,False,
T105328,V1092,Johnson-Carlson,IT,INV-37899,8200.41,2025-08-22 16:04:00,Daniel R.,False,
T101570,V1011,Stanley LLC,Marketing,INV-45669,95479.12,2025-08-22 16:39:00,Steven P.,False,
T104687,V1011,Stanley LLC,Operations,INV-83065,243728.93,2025-08-22 16:55:00,Scott B.,False,
T106056,V1084,Pham-Shields,IT,INV-20493,1230.73,2025-08-23 03:39:00,Molly R.,True,weekend_after_hours
T102764,V1112,Grant Inc,Procurement,INV-81883,37308.61,2025-08-25 10:04:00,Brittany H.,False,
T101749,V1112,Grant Inc,Marketing,INV-48590,103176.54,2025-08-25 10:10:00,Brenda G.,False,
T102744,V1067,Ibarra-Suarez,Procurement,INV-21941,26998.48,2025-08-25 10:36:00,Marie P.,False,
T101941,V1025,James-Ferrell,HR,INV-41692,15299.42,2025-08-25 10:49:00,John V.,False,
T101811,V1069,"Riggs, Roman and Rice",Legal,INV-64257,122232.96,2025-08-25 11:50:00,Ian R.,False,
T100271,V1115,"Griffin, Moore and Hensley",Procurement,INV-34586,32113.19,2025-08-25 12:26:00,Raymond B.,False,
T100446,V1012,Delacruz Group,Procurement,INV-17456,23127.53,2025-08-25 12:28:00,Dale P.,False,
T100450,V1055,Horton-Cross,Operations,INV-15376,29431.25,2025-08-25 12:37:00,Gail P.,False,
T103991,V1011,Stanley LLC,Legal,INV-93211,94416.06,2025-08-25 12:38:00,Justin A.,False,
T101357,V1113,Contreras-Travis,Operations,INV-19587,32147.51,2025-08-25 12:41:00,Jillian A.,False,
T100483,V1112,Grant Inc,IT,INV-60052,112888.94,2025-08-25 12:49:00,Deanna C.,False,
T104996,V1062,Donovan-Harris,HR,INV-30344,43970.51,2025-08-25 13:09:00,John S.,False,
T102328,V1069,"Riggs, Roman and Rice",IT,INV-32119,60930.02,2025-08-25 13:12:00,Jared B.,False,
T103816,V1025,James-Ferrell,IT,INV-27739,18825.01,2025-08-25 13:13:00,Kelly L.,False,
T102406,V1074,Davis Group,Legal,INV-33882,8552.74,2025-08-25 14:11:00,Joshua S.,False,
T100024,V1112,Grant Inc,IT,INV-93886,99606.44,2025-08-25 14:24:00,Troy N.,False,
T101862,V1116,Larsen LLC,Operations,INV-64190,57880.4,2025-08-25 14:25:00,Debra R.,False,
T106112,V9999,Meridian Consulting Partners LLC,Operations,INV-13232,7520.14,2025-08-25 15:29:00,Marcus T.,True,fabricated_invoice_benford
T105688,V1054,Baker-Bowers,Procurement,INV-24491,7559.49,2025-08-25 16:27:00,Jeremy R.,False,
T105477,V1104,Campbell Ltd,Operations,INV-79756,61317.74,2025-08-25 16:31:00,Jessica P.,False,
T102046,V1076,Martin-Ramos,Procurement,INV-66113,35757.87,2025-08-25 17:17:00,Matthew H.,False,
T102760,V1121,Daniels-Perry,IT,INV-62342,108188.64,2025-08-25 17:24:00,Kathryn R.,False,
T103495,V1081,"Henson, Russell and Oliver",Legal,INV-77896,12827.82,2025-08-25 17:51:00,Scott B.,False,
T104901,V1001,Rhodes PLC,Marketing,INV-32956,71461.11,2025-08-25 18:15:00,Shawn F.,False,
T104022,V1139,Oconnell Inc,Facilities,INV-99568,107000.38,2025-08-26 07:41:00,Omar W.,False,
T100518,V1001,Rhodes PLC,Marketing,INV-92802,76337.16,2025-08-26 07:44:00,Briana S.,False,
T104667,V1116,Larsen LLC,HR,INV-92066,27676.57,2025-08-26 08:03:00,Kristen B.,False,
T105134,V1081,"Henson, Russell and Oliver",Procurement,INV-17810,3518.51,2025-08-26 09:10:00,Melissa R.,False,
T102276,V1007,Davis Inc,Operations,INV-67164,32797.95,2025-08-26 09:31:00,Corey H.,False,
T103520,V1001,Rhodes PLC,Legal,INV-65683,73435.57,2025-08-26 10:26:00,Sheri B.,False,
T100346,V1127,Price Ltd,HR,INV-49608,29019.81,2025-08-26 10:58:00,Tasha S.,False,
T106027,V1007,Davis Inc,Facilities,INV-24314,9880.07,2025-08-26 12:56:00,Renee K.,True,just_below_threshold
T103217,V1121,Daniels-Perry,HR,INV-22227,45608.06,2025-08-26 13:05:00,Jordan R.,False,
T104476,V1002,Johnson-Davis,Legal,INV-63504,13161.42,2025-08-26 13:35:00,Noah H.,False,
T105601,V1034,Allen PLC,HR,INV-74631,37994.57,2025-08-26 13:47:00,Nathaniel S.,False,
T100723,V1011,Stanley LLC,Procurement,INV-83713,33967.04,2025-08-26 13:58:00,Amber W.,False,
T100156,V1043,"Young, Caldwell and Lewis",Operations,INV-42662,38377.29,2025-08-26 14:03:00,Gabrielle M.,False,
T105575,V1034,Allen PLC,Procurement,INV-79797,82941.23,2025-08-26 14:22:00,Robert C.,False,
T101527,V1011,Stanley LLC,Facilities,INV-31964,112396.19,2025-08-26 14:40:00,Megan K.,False,
T100440,V1007,Davis Inc,Operations,INV-85952,40815.94,2025-08-26 14:48:00,Kristin R.,False,
T103028,V1043,"Young, Caldwell and Lewis",Operations,INV-73998,46796.93,2025-08-26 14:57:00,Ann E.,False,
T105028,V1043,"Young, Caldwell and Lewis",Operations,INV-84959,75414.23,2025-08-26 14:58:00,Crystal M.,False,
T104574,V1025,James-Ferrell,Marketing,INV-69267,40223.61,2025-08-26 15:55:00,Laura R.,False,
T101217,V1034,Allen PLC,Procurement,INV-32898,107569.64,2025-08-26 16:03:00,Christian R.,False,
T104692,V1093,Graham-Joyce,Facilities,INV-11739,2811.6,2025-08-27 08:26:00,James H.,False,
T105619,V1134,"Williams, Crane and Walker",Operations,INV-76311,66203.45,2025-08-27 08:33:00,Mariah D.,False,
T104338,V1043,"Young, Caldwell and Lewis",Operations,INV-16973,42432.1,2025-08-27 09:17:00,Cindy G.,False,
T104924,V1120,Mccarthy Inc,Marketing,INV-95646,35912.75,2025-08-27 10:58:00,Tracy C.,False,
T101850,V1121,Daniels-Perry,Facilities,INV-22178,30099.33,2025-08-27 11:36:00,Crystal F.,False,
T105278,V1069,"Riggs, Roman and Rice",Legal,INV-18064,158646.1,2025-08-27 11:39:00,Ashley W.,False,
T100588,V1121,Daniels-Perry,IT,INV-68929,63051.21,2025-08-27 12:07:00,Kyle R.,False,
T100672,V1137,Marshall LLC,Facilities,INV-63138,11646.77,2025-08-27 12:19:00,Danielle S.,False,
T104710,V1139,Oconnell Inc,Legal,INV-80675,62182.35,2025-08-27 12:28:00,Zachary G.,False,
T104920,V1033,Koch-Decker,Marketing,INV-58702,136050.27,2025-08-27 12:45:00,Andrea R.,False,
T105055,V1110,Stafford Inc,Procurement,INV-73077,834.32,2025-08-27 13:32:00,Nicole N.,False,
T102041,V1104,Campbell Ltd,Marketing,INV-32439,48463.91,2025-08-27 14:29:00,Rachel W.,False,
T101905,V1076,Martin-Ramos,Procurement,INV-78597,20638.31,2025-08-27 14:33:00,Katherine T.,False,
T100191,V1139,Oconnell Inc,IT,INV-58351,292830.3,2025-08-27 14:44:00,Courtney W.,False,
T100169,V1052,Martin Group,Procurement,INV-37110,57520.54,2025-08-27 15:26:00,Dana S.,False,
T103851,V1139,Oconnell Inc,HR,INV-55349,76762.4,2025-08-27 16:49:00,Gerald M.,False,
T105287,V1055,Horton-Cross,Legal,INV-26223,79092.22,2025-08-27 17:46:00,Christian G.,False,
T103344,V1008,Munoz-Roman,Legal,INV-74985,13021.31,2025-08-28 07:47:00,Sean M.,False,
T100558,V1025,James-Ferrell,Operations,INV-27009,63591.56,2025-08-28 09:51:00,Christopher L.,False,
T101628,V1080,Fleming Ltd,HR,INV-17956,27824.8,2025-08-28 10:51:00,Alex B.,False,
T102894,V1043,"Young, Caldwell and Lewis",Marketing,INV-25162,43796.55,2025-08-28 11:10:00,Meghan A.,False,
T105414,V1070,"Evans, Alvarado and Mcmillan",Procurement,INV-70850,4413.85,2025-08-28 11:34:00,Noah B.,False,
T105610,V1062,Donovan-Harris,Operations,INV-75234,27471.43,2025-08-28 11:48:00,Carl N.,False,
T101954,V1080,Fleming Ltd,Procurement,INV-93726,71628.75,2025-08-28 12:42:00,Randy S.,False,
T102441,V1069,"Riggs, Roman and Rice",IT,INV-61166,74431.34,2025-08-28 13:08:00,Carlos J.,False,
T105890,V1001,Rhodes PLC,HR,INV-29089,52222.75,2025-08-28 13:21:00,Glenn E.,False,
T104145,V1134,"Williams, Crane and Walker",Marketing,INV-57474,75791.36,2025-08-28 14:14:00,Joseph P.,False,
T102264,V1118,Nelson LLC,HR,INV-79824,36150.85,2025-08-28 14:17:00,Michaela M.,False,
T103823,V1127,Price Ltd,Facilities,INV-18751,31949.22,2025-08-28 14:38:00,Kevin B.,False,
T103626,V1088,Johnson and Sons,Facilities,INV-27284,31367.21,2025-08-28 14:47:00,Kylie N.,False,
T100659,V1139,Oconnell Inc,Facilities,INV-24764,95218.91,2025-08-28 15:17:00,Richard P.,False,
T102820,V1065,Ellis PLC,Facilities,INV-35891,3896.35,2025-08-28 15:19:00,Harold J.,False,
T100593,V1112,Grant Inc,IT,INV-75191,76225.44,2025-08-28 15:31:00,Brett C.,False,
T102712,V1104,Campbell Ltd,Legal,INV-70476,38021.22,2025-08-28 15:46:00,Jeffrey M.,False,
T105166,V1127,Price Ltd,Operations,INV-19516,30670.16,2025-08-28 16:26:00,Jordan G.,False,
T103196,V1118,Nelson LLC,IT,INV-95550,21416.98,2025-08-28 17:30:00,Jaclyn R.,False,
T105248,V1118,Nelson LLC,Marketing,INV-37252,19199.05,2025-08-29 07:03:00,Roberto B.,False,
T102173,V1134,"Williams, Crane and Walker",IT,INV-15672,96197.24,2025-08-29 07:07:00,Vincent W.,False,
T100120,V1001,Rhodes PLC,Facilities,INV-70332,120774.95,2025-08-29 07:14:00,Sarah C.,False,
T103656,V1001,Rhodes PLC,Operations,INV-14083,80428.01,2025-08-29 09:18:00,Monique B.,False,
T104550,V1055,Horton-Cross,HR,INV-98625,56449.21,2025-08-29 09:18:00,Elizabeth K.,False,
T101910,V1062,Donovan-Harris,Operations,INV-71503,23034.06,2025-08-29 09:29:00,Carla R.,False,
T100263,V1051,"Kidd, Huff and Novak",HR,INV-67963,12791.55,2025-08-29 09:33:00,Jennifer J.,False,
T101853,V1076,Martin-Ramos,Facilities,INV-28837,7673.91,2025-08-29 10:14:00,Brandon G.,False,
T104435,V1080,Fleming Ltd,Procurement,INV-24602,31341.64,2025-08-29 11:30:00,Jennifer L.,False,
T100511,V1050,Ramos PLC,HR,INV-60709,53167.0,2025-08-29 12:02:00,Raymond L.,False,
T100248,V1069,"Riggs, Roman and Rice",Procurement,INV-40340,113227.32,2025-08-29 13:18:00,Alfred B.,False,
T103184,V1134,"Williams, Crane and Walker",HR,INV-54215,75124.67,2025-08-29 13:26:00,Zachary F.,False,
T101731,V1089,Lin-Rasmussen,HR,INV-59015,4073.98,2025-08-29 14:45:00,Amber S.,False,
T105101,V1011,Stanley LLC,IT,INV-63213,49265.84,2025-08-29 14:51:00,Gabriel S.,False,
T101171,V1011,Stanley LLC,Legal,INV-93151,73013.91,2025-08-29 15:03:00,Lisa C.,False,
T100481,V1126,Freeman LLC,Legal,INV-35430,14552.81,2025-08-29 15:57:00,Erika K.,False,
T102438,V1012,Delacruz Group,Marketing,INV-40422,22297.08,2025-08-29 16:22:00,April B.,False,
T103036,V1092,Johnson-Carlson,IT,INV-49227,9412.67,2025-08-29 18:25:00,Katie W.,False,
T102504,V1067,Ibarra-Suarez,Marketing,INV-20233,27325.89,2025-09-01 07:13:00,Molly H.,False,
T102297,V1050,Ramos PLC,IT,INV-50392,126827.89,2025-09-01 07:45:00,Amber W.,False,
T103516,V1012,Delacruz Group,IT,INV-47938,38231.72,2025-09-01 09:30:00,Brenda T.,False,
T101518,V1112,Grant Inc,HR,INV-22622,86506.53,2025-09-01 09:53:00,Lisa G.,False,
T102525,V1107,Riggs PLC,HR,INV-89391,13661.58,2025-09-01 09:53:00,Mitchell M.,False,
T102257,V1043,"Young, Caldwell and Lewis",Facilities,INV-55523,77292.02,2025-09-01 10:27:00,Sabrina F.,False,
T100150,V1027,"Potter, Mack and Peterson",Legal,INV-19545,2594.58,2025-09-01 10:39:00,Raymond M.,False,
T105524,V1080,Fleming Ltd,Legal,INV-78750,57993.14,2025-09-01 10:46:00,Lauren D.,False,
T101120,V1007,Davis Inc,IT,INV-58816,45724.0,2025-09-01 10:58:00,Kelly R.,False,
T104210,V1127,Price Ltd,Marketing,INV-80349,40857.98,2025-09-01 11:29:00,Dan C.,False,
T101317,V1001,Rhodes PLC,Legal,INV-95105,34957.75,2025-09-01 11:35:00,Brent W.,False,
T104458,V1112,Grant Inc,Operations,INV-94513,80861.54,2025-09-01 11:59:00,Logan R.,False,
T101888,V1050,Ramos PLC,Facilities,INV-82800,32836.72,2025-09-01 12:08:00,Peter P.,False,
T103540,V1086,Garrison and Sons,Legal,INV-40347,17463.36,2025-09-01 12:20:00,Gregory S.,False,
T105916,V1080,Fleming Ltd,Operations,INV-38500,38414.0,2025-09-01 12:38:00,Alejandro C.,False,
T100216,V1034,Allen PLC,HR,INV-74332,106092.92,2025-09-01 12:41:00,Jacqueline B.,False,
T102581,V1050,Ramos PLC,Procurement,INV-98172,230040.63,2025-09-01 13:00:00,Thomas F.,False,
T100776,V1034,Allen PLC,Procurement,INV-19744,42164.05,2025-09-01 14:17:00,Steven O.,False,
T101932,V1137,Marshall LLC,Marketing,INV-79798,3902.22,2025-09-01 15:19:00,Nathan T.,False,
T100161,V1050,Ramos PLC,IT,INV-42406,59984.36,2025-09-01 15:28:00,Anthony N.,False,
T105802,V1050,Ramos PLC,Marketing,INV-10055,127647.86,2025-09-01 15:46:00,Jeffrey A.,False,
T102900,V1055,Horton-Cross,HR,INV-26134,25517.77,2025-09-01 15:57:00,Vickie H.,False,
T104747,V1011,Stanley LLC,Operations,INV-22065,93970.57,2025-09-01 19:16:00,Darrell W.,False,
T104496,V1092,Johnson-Carlson,HR,INV-32966,9357.81,2025-09-01 19:21:00,Sheryl E.,False,
T101226,V1017,Underwood LLC,Marketing,INV-95045,7113.99,2025-09-02 07:51:00,Gabriel G.,False,
T105235,V1034,Allen PLC,Marketing,INV-78448,107250.14,2025-09-02 08:18:00,Christopher C.,False,
T103158,V1121,Daniels-Perry,Procurement,INV-24832,68096.58,2025-09-02 08:52:00,Angela K.,False,
T104215,V1001,Rhodes PLC,HR,INV-84873,44393.6,2025-09-02 10:31:00,Jacob H.,False,
T104588,V1126,Freeman LLC,IT,INV-28543,48777.73,2025-09-02 10:38:00,Ann M.,False,
T101047,V1070,"Evans, Alvarado and Mcmillan",IT,INV-90495,20460.1,2025-09-02 11:00:00,Vanessa J.,False,
T103581,V1134,"Williams, Crane and Walker",Legal,INV-39852,35963.44,2025-09-02 11:19:00,Bradley J.,False,
T104628,V1082,Hancock and Sons,Facilities,INV-51322,620.06,2025-09-02 12:23:00,Tammy T.,False,
T104793,V1025,James-Ferrell,Procurement,INV-84207,14624.79,2025-09-02 12:32:00,Anthony S.,False,
T103434,V1139,Oconnell Inc,IT,INV-41276,56539.21,2025-09-02 12:47:00,Ashlee R.,False,
T102736,V1033,Koch-Decker,Procurement,INV-60986,146351.2,2025-09-02 12:47:00,Megan M.,False,
T105534,V1052,Martin Group,IT,INV-57315,66713.97,2025-09-02 13:00:00,Melissa B.,False,
T105473,V1053,Barrera-Martin,Operations,INV-96078,13298.27,2025-09-02 13:12:00,George M.,False,
T104739,V1134,"Williams, Crane and Walker",Operations,INV-87769,81022.22,2025-09-02 13:40:00,Nancy P.,False,
T100676,V1107,Riggs PLC,Marketing,INV-89395,12555.24,2025-09-02 14:09:00,Nathaniel M.,False,
T101971,V1050,Ramos PLC,Marketing,INV-19188,90674.56,2025-09-02 14:27:00,Tracy K.,False,
T103215,V1033,Koch-Decker,Legal,INV-14903,106561.61,2025-09-02 14:37:00,Roberto W.,False,
T102999,V1034,Allen PLC,Facilities,INV-43955,116437.94,2025-09-02 14:37:00,Brett G.,False,
T101433,V1012,Delacruz Group,Facilities,INV-20986,34166.43,2025-09-02 14:49:00,Christopher R.,False,
T106133,V1048,Lee PLC,Procurement,INV-17074,40070.47,2025-09-02 15:10:00,Mitchell T.,True,statistical_outlier
T101498,V1069,"Riggs, Roman and Rice",Procurement,INV-75860,52141.78,2025-09-02 15:34:00,Aaron K.,False,
T105446,V1034,Allen PLC,Procurement,INV-62777,84027.99,2025-09-02 15:44:00,Kevin S.,False,
T104088,V1033,Koch-Decker,Procurement,INV-80376,92738.47,2025-09-02 16:29:00,Jessica R.,False,
T105631,V1088,Johnson and Sons,HR,INV-77027,25893.85,2025-09-02 17:17:00,Dustin D.,False,
T100083,V1007,Davis Inc,Legal,INV-79615,13953.62,2025-09-02 18:32:00,Samantha G.,False,
T104689,V1107,Riggs PLC,HR,INV-30092,20985.75,2025-09-03 09:04:00,Grant R.,False,
T103579,V1051,"Kidd, Huff and Novak",IT,INV-15471,17046.27,2025-09-03 09:08:00,Kimberly O.,False,
T101370,V1088,Johnson and Sons,Marketing,INV-57020,61498.67,2025-09-03 10:29:00,Monica F.,False,
T101405,V1009,"Martinez, Nielsen and Miller",Operations,INV-31134,9309.87,2025-09-03 11:13:00,Tracy C.,False,
T104645,V1073,"Walters, Baker and Freeman",Procurement,INV-38704,69516.11,2025-09-03 12:02:00,Julie A.,False,
T103044,V1115,"Griffin, Moore and Hensley",IT,INV-25570,21186.24,2025-09-03 12:42:00,Jasmine C.,False,
T100735,V1112,Grant Inc,Facilities,INV-89220,43467.65,2025-09-03 12:58:00,Maxwell S.,False,
T100620,V1050,Ramos PLC,Operations,INV-92447,63658.81,2025-09-03 13:10:00,Michael M.,False,
T100233,V1069,"Riggs, Roman and Rice",IT,INV-34164,76752.18,2025-09-03 13:28:00,Stacy H.,False,
T103138,V1034,Allen PLC,Operations,INV-68238,74401.72,2025-09-03 13:48:00,Taylor W.,False,
T101808,V1001,Rhodes PLC,Marketing,INV-14660,76670.4,2025-09-03 13:58:00,Matthew S.,False,
T101031,V1001,Rhodes PLC,Legal,INV-73527,89844.0,2025-09-03 14:34:00,John N.,False,
T103014,V1069,"Riggs, Roman and Rice",Operations,INV-99800,95128.34,2025-09-03 16:31:00,Juan W.,False,
T105738,V1086,Garrison and Sons,IT,INV-42537,21573.81,2025-09-03 16:36:00,Mark C.,False,
T104877,V1067,Ibarra-Suarez,Facilities,INV-38722,20073.77,2025-09-03 19:10:00,Troy K.,False,
T104789,V1139,Oconnell Inc,Procurement,INV-32599,61624.17,2025-09-03 19:13:00,Sharon K.,False,
T105579,V1050,Ramos PLC,IT,INV-44123,72242.31,2025-09-03 19:29:00,Norman F.,False,
T101858,V1035,Dennis Inc,Legal,INV-32387,50754.75,2025-09-03 19:29:00,Angela P.,False,
T101399,V1055,Horton-Cross,Operations,INV-10864,72766.7,2025-09-04 07:56:00,Wesley T.,False,
T105556,V1038,"Campos, Vaughn and Marquez",Operations,INV-36750,17773.97,2025-09-04 10:02:00,Benjamin A.,False,
T105516,V1088,Johnson and Sons,Marketing,INV-31602,51487.05,2025-09-04 10:38:00,Michael M.,False,
T102895,V1139,Oconnell Inc,Operations,INV-41575,64954.5,2025-09-04 10:42:00,Justin M.,False,
T105001,V1030,Harrell LLC,Marketing,INV-26071,6244.15,2025-09-04 11:27:00,Crystal W.,False,
T104762,V1139,Oconnell Inc,Facilities,INV-10746,94009.46,2025-09-04 11:31:00,Charles M.,False,
T101904,V1048,Lee PLC,Procurement,INV-28623,2411.08,2025-09-04 11:44:00,Alex M.,False,
T101238,V1069,"Riggs, Roman and Rice",HR,INV-98643,36399.3,2025-09-04 12:22:00,Patricia B.,False,
T101426,V1113,Contreras-Travis,Facilities,INV-89098,12316.26,2025-09-04 12:42:00,Tyler L.,False,
T103162,V1112,Grant Inc,Marketing,INV-88871,71740.71,2025-09-04 12:44:00,Lauren E.,False,
T101430,V1075,Smith and Sons,Legal,INV-59969,29630.43,2025-09-04 12:50:00,Amy L.,False,
T105227,V1070,"Evans, Alvarado and Mcmillan",Procurement,INV-67537,19454.53,2025-09-04 12:51:00,Elizabeth C.,False,
T101553,V1002,Johnson-Davis,Facilities,INV-21738,25907.52,2025-09-04 13:34:00,Heather W.,False,
T102142,V1113,Contreras-Travis,Marketing,INV-43804,48928.51,2025-09-04 13:36:00,Christopher C.,False,
T102523,V1055,Horton-Cross,IT,INV-84155,18513.97,2025-09-04 13:36:00,Bryan H.,False,
T101864,V1043,"Young, Caldwell and Lewis",Procurement,INV-54658,117406.8,2025-09-04 14:24:00,Mark D.,False,
T103265,V1033,Koch-Decker,Operations,INV-31061,53005.24,2025-09-04 14:30:00,Elizabeth H.,False,
T105944,V1118,Nelson LLC,Marketing,INV-25951,61167.66,2025-09-04 14:45:00,Eric V.,False,
T103945,V1115,"Griffin, Moore and Hensley",IT,INV-65277,34239.34,2025-09-04 15:02:00,Justin N.,False,
T102797,V1025,James-Ferrell,IT,INV-12313,43755.29,2025-09-04 16:04:00,Leah C.,False,
T102824,V1007,Davis Inc,IT,INV-62198,32853.38,2025-09-04 17:05:00,Travis O.,False,
T104072,V1113,Contreras-Travis,Marketing,INV-59790,36331.27,2025-09-04 17:11:00,Jonathan P.,False,
T102658,V1137,Marshall LLC,Legal,INV-53452,19128.12,2025-09-04 17:47:00,Laura M.,False,
T101444,V1007,Davis Inc,IT,INV-83281,35142.05,2025-09-05 07:11:00,Pamela S.,False,
T101445,V1031,"Lynch, Hernandez and Farmer",IT,INV-85713,181.99,2025-09-05 07:16:00,Devon H.,False,
T101387,V1002,Johnson-Davis,Procurement,INV-38681,21518.74,2025-09-05 07:22:00,Kim J.,False,
T102095,V1115,"Griffin, Moore and Hensley",IT,INV-16202,23758.11,2025-09-05 07:23:00,Donna A.,False,
T100632,V1002,Johnson-Davis,Facilities,INV-46569,17009.6,2025-09-05 09:12:00,Erin T.,False,
T101903,V1008,Munoz-Roman,IT,INV-24832,6559.41,2025-09-05 10:45:00,Robert M.,False,
T103397,V1050,Ramos PLC,Procurement,INV-44578,160412.89,2025-09-05 12:14:00,Sabrina B.,False,
T105018,V1067,Ibarra-Suarez,Legal,INV-75677,45617.44,2025-09-05 12:49:00,Richard R.,False,
T105066,V1127,Price Ltd,Operations,INV-18768,20804.35,2025-09-05 12:49:00,Harold R.,False,
T101231,V1080,Fleming Ltd,Marketing,INV-24802,21528.56,2025-09-05 13:58:00,Shannon L.,False,
T103449,V1069,"Riggs, Roman and Rice",IT,INV-99887,78775.53,2025-09-05 14:07:00,James M.,False,
T106033,V1137,Marshall LLC,Facilities,INV-95674,9704.34,2025-09-05 14:16:00,Renee K.,True,just_below_threshold
T100845,V1137,Marshall LLC,Marketing,INV-22795,15762.54,2025-09-05 14:22:00,Angela C.,False,
T103335,V1053,Barrera-Martin,Operations,INV-81628,21886.77,2025-09-05 14:39:00,Mark S.,False,
T101658,V1137,Marshall LLC,Marketing,INV-85527,42431.2,2025-09-05 16:11:00,Debbie M.,False,
T100282,V1080,Fleming Ltd,Facilities,INV-69871,30410.94,2025-09-05 16:30:00,Ruth W.,False,
T105812,V1139,Oconnell Inc,HR,INV-18563,86425.95,2025-09-05 16:57:00,Anthony H.,False,
T103510,V1055,Horton-Cross,Legal,INV-40792,43893.79,2025-09-05 18:11:00,Sonya U.,False,
T104720,V1069,"Riggs, Roman and Rice",IT,INV-58932,76753.08,2025-09-08 07:07:00,Amy S.,False,
T104813,V1050,Ramos PLC,Operations,INV-77763,70706.94,2025-09-08 07:21:00,Melanie W.,False,
T102045,V1067,Ibarra-Suarez,Facilities,INV-87539,23963.55,2025-09-08 07:55:00,Kimberly W.,False,
T105898,V1001,Rhodes PLC,Procurement,INV-35117,79708.29,2025-09-08 09:10:00,Jason B.,False,
T102389,V1121,Daniels-Perry,Marketing,INV-72447,44879.24,2025-09-08 09:28:00,Elizabeth S.,False,
T103714,V1002,Johnson-Davis,Legal,INV-13378,27183.02,2025-09-08 09:53:00,Sandra B.,False,
T103440,V1121,Daniels-Perry,Facilities,INV-71940,32470.04,2025-09-08 09:55:00,Jason C.,False,
T103936,V1075,Smith and Sons,HR,INV-86864,29836.14,2025-09-08 10:42:00,Taylor M.,False,
T106117,V9999,Meridian Consulting Partners LLC,Operations,INV-10560,5521.73,2025-09-08 10:46:00,Marcus T.,True,fabricated_invoice_benford
T105574,V1127,Price Ltd,Facilities,INV-82449,76518.4,2025-09-08 11:10:00,Michael C.,False,
T104603,V1027,"Potter, Mack and Peterson",Marketing,INV-12542,2045.39,2025-09-08 11:36:00,Steven W.,False,
T101624,V1113,Contreras-Travis,Operations,INV-87371,27320.7,2025-09-08 12:33:00,Kenneth W.,False,
T101182,V1045,Davis Group,Legal,INV-21539,9364.92,2025-09-08 12:50:00,Louis R.,False,
T100047,V1012,Delacruz Group,Procurement,INV-57576,68574.11,2025-09-08 13:01:00,Michael T.,False,
T105693,V1086,Garrison and Sons,Marketing,INV-77669,50300.06,2025-09-08 13:10:00,Mark W.,False,
T100751,V1139,Oconnell Inc,Operations,INV-94123,84287.07,2025-09-08 13:11:00,Briana P.,False,
T103741,V1052,Martin Group,HR,INV-61407,77761.9,2025-09-08 13:50:00,Abigail H.,False,
T104428,V1076,Martin-Ramos,Facilities,INV-80377,26763.14,2025-09-08 14:04:00,Stephanie M.,False,
T100685,V1116,Larsen LLC,Operations,INV-68390,26156.05,2025-09-08 14:05:00,Amanda M.,False,
T101985,V1134,"Williams, Crane and Walker",Procurement,INV-80851,108581.73,2025-09-08 15:24:00,Eric C.,False,
T105510,V1069,"Riggs, Roman and Rice",IT,INV-60630,46623.05,2025-09-08 16:33:00,Mark P.,False,
T101738,V1034,Allen PLC,IT,INV-69971,78991.37,2025-09-08 16:44:00,Rebecca H.,False,
T105618,V1104,Campbell Ltd,Legal,INV-99917,92083.18,2025-09-08 18:38:00,Cole V.,False,
T105850,V1050,Ramos PLC,Marketing,INV-54553,75397.56,2025-09-08 18:48:00,Theresa D.,False,
T105178,V1007,Davis Inc,Facilities,INV-63976,7811.38,2025-09-08 19:52:00,William C.,False,
T100789,V1116,Larsen LLC,IT,INV-82487,53455.57,2025-09-09 07:14:00,Alfred P.,False,
T103033,V1118,Nelson LLC,Procurement,INV-79349,89960.69,2025-09-09 08:12:00,Lynn E.,False,
T103075,V1053,Barrera-Martin,IT,INV-49892,58229.59,2025-09-09 10:23:00,Taylor M.,False,
T102198,V1011,Stanley LLC,Procurement,INV-61952,72897.42,2025-09-09 10:43:00,Cathy S.,False,
T101961,V1116,Larsen LLC,Facilities,INV-89993,31440.45,2025-09-09 12:59:00,Brian K.,False,
T103148,V1011,Stanley LLC,Procurement,INV-39428,67636.24,2025-09-09 13:10:00,Tristan Y.,False,
T104759,V1062,Donovan-Harris,Marketing,INV-48455,20786.03,2025-09-09 13:11:00,Pamela B.,False,
T105894,V1116,Larsen LLC,Operations,INV-21123,29781.59,2025-09-09 13:43:00,Madison S.,False,
T105405,V1139,Oconnell Inc,HR,INV-72146,161575.26,2025-09-09 14:46:00,Alexander D.,False,
T102860,V1011,Stanley LLC,Procurement,INV-19154,79690.7,2025-09-09 15:00:00,Marcus D.,False,
T100991,V1034,Allen PLC,Facilities,INV-46677,76170.6,2025-09-09 15:03:00,Laura S.,False,
T102816,V1120,Mccarthy Inc,Facilities,INV-16829,60008.98,2025-09-09 15:04:00,Tracy H.,False,
T100265,V1052,Martin Group,Marketing,INV-55607,38549.94,2025-09-09 15:05:00,William J.,False,
T102836,V1134,"Williams, Crane and Walker",Marketing,INV-61727,108569.72,2025-09-09 15:25:00,Paul G.,False,
T104874,V1025,James-Ferrell,HR,INV-68369,18544.88,2025-09-09 15:27:00,Laura P.,False,
T102219,V1115,"Griffin, Moore and Hensley",IT,INV-81098,51572.38,2025-09-09 15:32:00,David V.,False,
T104590,V1052,Martin Group,IT,INV-92773,27555.9,2025-09-09 16:00:00,Jessica R.,False,
T104984,V1053,Barrera-Martin,IT,INV-87774,63465.11,2025-09-09 17:06:00,Tammy B.,False,
T104606,V1088,Johnson and Sons,Operations,INV-44866,47423.15,2025-09-09 18:29:00,Heather G.,False,
T100236,V1045,Davis Group,Operations,INV-92502,6045.16,2025-09-09 19:04:00,Brent C.,False,
T102902,V1120,Mccarthy Inc,Legal,INV-53620,21299.75,2025-09-09 19:05:00,Joseph J.,False,
T105478,V1023,Campos Inc,Operations,INV-29649,1157.25,2025-09-10 07:24:00,Jose M.,False,
T103719,V1035,Dennis Inc,Procurement,INV-27933,12368.09,2025-09-10 09:16:00,Adam J.,False,
T101492,V1121,Daniels-Perry,Procurement,INV-80972,54171.85,2025-09-10 09:39:00,Matthew B.,False,
T105443,V1115,"Griffin, Moore and Hensley",HR,INV-87150,30063.52,2025-09-10 09:50:00,Timothy R.,False,
T105732,V1114,Salazar-Ball,Facilities,INV-94938,18251.91,2025-09-10 10:40:00,Scott M.,False,
T102141,V1007,Davis Inc,Operations,INV-57416,40783.15,2025-09-10 11:04:00,Jerry J.,False,
T101575,V1104,Campbell Ltd,IT,INV-65082,40436.57,2025-09-10 11:13:00,Andrea J.,False,
T105290,V1118,Nelson LLC,Facilities,INV-63083,80682.47,2025-09-10 11:13:00,Christina R.,False,
T101214,V1069,"Riggs, Roman and Rice",Procurement,INV-77070,76243.57,2025-09-10 12:09:00,Lisa C.,False,
T102597,V1087,Bailey-Hoover,Operations,INV-35397,4316.2,2025-09-10 12:10:00,Elizabeth M.,False,
T102135,V1086,Garrison and Sons,HR,INV-70745,9809.81,2025-09-10 12:35:00,Lorraine W.,False,
T103012,V1055,Horton-Cross,Legal,INV-11401,41412.06,2025-09-10 12:51:00,Lawrence G.,False,
T102351,V1055,Horton-Cross,IT,INV-71352,61483.2,2025-09-10 12:59:00,Veronica A.,False,
T101770,V1028,Chavez Ltd,Facilities,INV-87183,11401.07,2025-09-10 13:15:00,Richard D.,False,
T103380,V1086,Garrison and Sons,Procurement,INV-61554,19538.03,2025-09-10 13:39:00,Leslie M.,False,
T102594,V1052,Martin Group,HR,INV-89433,41658.49,2025-09-10 13:57:00,Richard R.,False,
T102446,V1139,Oconnell Inc,Facilities,INV-37450,127705.87,2025-09-10 14:19:00,Brooke S.,False,
T100984,V1120,Mccarthy Inc,Legal,INV-35614,20275.37,2025-09-10 14:49:00,Richard B.,False,
T103974,V1104,Campbell Ltd,IT,INV-55270,36870.8,2025-09-10 15:27:00,Melinda B.,False,
T102365,V1055,Horton-Cross,Legal,INV-29405,82090.9,2025-09-10 16:07:00,Keith S.,False,
T104562,V1115,"Griffin, Moore and Hensley",HR,INV-17917,15001.26,2025-09-10 16:22:00,Christopher K.,False,
T102754,V1011,Stanley LLC,Legal,INV-82459,131442.05,2025-09-10 16:26:00,Tara J.,False,
T105482,V1009,"Martinez, Nielsen and Miller",Procurement,INV-94319,30569.28,2025-09-10 16:47:00,Kyle E.,False,
T103613,V1087,Bailey-Hoover,Legal,INV-60146,5932.96,2025-09-11 07:01:00,William O.,False,
T103124,V1134,"Williams, Crane and Walker",Marketing,INV-34251,30240.92,2025-09-11 07:11:00,William H.,False,
T102656,V1050,Ramos PLC,Procurement,INV-93724,65322.75,2025-09-11 07:14:00,Ian T.,False,
T100907,V1088,Johnson and Sons,IT,INV-47171,43810.09,2025-09-11 09:17:00,Shaun J.,False,
T102395,V1094,"Lee, Williams and Graham",HR,INV-94833,9139.11,2025-09-11 10:33:00,Michael L.,False,
T102435,V1115,"Griffin, Moore and Hensley",HR,INV-55451,36015.34,2025-09-11 10:39:00,Breanna M.,False,
T100211,V1001,Rhodes PLC,IT,INV-33834,50022.94,2025-09-11 10:54:00,Nathan L.,False,
T103430,V1033,Koch-Decker,Facilities,INV-36683,88184.94,2025-09-11 12:13:00,James J.,False,
T105672,V1139,Oconnell Inc,Procurement,INV-31804,57906.6,2025-09-11 12:17:00,Roger H.,False,
T103096,V1053,Barrera-Martin,Operations,INV-77303,86253.06,2025-09-11 12:43:00,Ryan S.,False,
T104707,V1007,Davis Inc,Operations,INV-63454,52858.34,2025-09-11 12:43:00,Laurie G.,False,
T102053,V1091,Wilson LLC,Procurement,INV-83202,5709.38,2025-09-11 13:15:00,Annette M.,False,
T100153,V1139,Oconnell Inc,Facilities,INV-29342,92657.5,2025-09-11 13:25:00,Courtney C.,False,
T100717,V1067,Ibarra-Suarez,IT,INV-94320,22248.74,2025-09-11 14:03:00,Christina M.,False,
T102923,V1012,Delacruz Group,HR,INV-59375,12074.05,2025-09-11 14:18:00,Joshua O.,False,
T100941,V1062,Donovan-Harris,Procurement,INV-41599,49324.95,2025-09-11 14:24:00,Christine G.,False,
T100809,V1043,"Young, Caldwell and Lewis",Operations,INV-35630,64525.77,2025-09-11 15:38:00,Terri J.,False,
T104019,V1139,Oconnell Inc,Marketing,INV-47523,57006.66,2025-09-11 15:48:00,Joshua L.,False,
T103327,V1069,"Riggs, Roman and Rice",IT,INV-37259,72410.58,2025-09-11 15:54:00,Jessica L.,False,
T102231,V1069,"Riggs, Roman and Rice",Marketing,INV-90863,69811.58,2025-09-11 16:37:00,Tyler M.,False,
T100596,V1139,Oconnell Inc,Legal,INV-95755,85223.21,2025-09-11 16:38:00,Lorraine A.,False,
T104276,V1050,Ramos PLC,HR,INV-66685,75198.34,2025-09-11 16:53:00,Randy H.,False,
T104105,V1069,"Riggs, Roman and Rice",Facilities,INV-18593,27804.76,2025-09-11 17:10:00,Kyle M.,False,
T100967,V1050,Ramos PLC,Operations,INV-57202,44796.86,2025-09-12 07:29:00,Kristen L.,False,
T103785,V1007,Davis Inc,Marketing,INV-58855,37201.93,2025-09-12 08:46:00,Cynthia V.,False,
T103556,V1112,Grant Inc,Legal,INV-37194,49357.4,2025-09-12 09:12:00,Stephen H.,False,
T105447,V1011,Stanley LLC,Marketing,INV-77931,101715.43,2025-09-12 09:15:00,Russell S.,False,
T104583,V1002,Johnson-Davis,Facilities,INV-49783,5852.37,2025-09-12 09:25:00,Tracy S.,False,
T103580,V1054,Baker-Bowers,Facilities,INV-95240,10345.38,2025-09-12 09:32:00,Frederick C.,False,
T102211,V1012,Delacruz Group,HR,INV-27643,103926.6,2025-09-12 10:14:00,Donna G.,False,
T105007,V1055,Horton-Cross,HR,INV-62099,90405.3,2025-09-12 10:29:00,Jade O.,False,
T101063,V1088,Johnson and Sons,IT,INV-20198,95420.23,2025-09-12 11:09:00,Darren S.,False,
T104434,V1126,Freeman LLC,Facilities,INV-77924,12330.48,2025-09-12 11:12:00,Alec B.,False,
T103732,V1126,Freeman LLC,Facilities,INV-36027,34723.52,2025-09-12 11:18:00,Dana M.,False,
T104770,V1053,Barrera-Martin,Legal,INV-66357,42939.9,2025-09-12 11:23:00,Dan R.,False,
T104307,V1069,"Riggs, Roman and Rice",Facilities,INV-60160,100988.66,2025-09-12 11:40:00,Jessica S.,False,
T105709,V1052,Martin Group,Facilities,INV-25793,59645.86,2025-09-12 12:01:00,John H.,False,
T104634,V1050,Ramos PLC,Procurement,INV-28338,109949.68,2025-09-12 12:04:00,Eric H.,False,
T100527,V1038,"Campos, Vaughn and Marquez",Legal,INV-78062,13483.15,2025-09-12 12:23:00,Colleen M.,False,
T103165,V1112,Grant Inc,Operations,INV-74566,28505.42,2025-09-12 12:34:00,Michele G.,False,
T105480,V1103,"Kennedy, Santana and Flynn",Legal,INV-30173,5824.3,2025-09-12 12:45:00,Kevin A.,False,
T101795,V1039,"Santos, Kim and Holmes",Legal,INV-33580,2445.96,2025-09-12 13:31:00,Laura W.,False,
T105682,V1074,Davis Group,Legal,INV-93864,22776.43,2025-09-12 13:36:00,Donald C.,False,
T103292,V1116,Larsen LLC,Legal,INV-91766,26189.85,2025-09-12 13:47:00,Kayla M.,False,
T104382,V1104,Campbell Ltd,Operations,INV-30349,59571.88,2025-09-12 14:12:00,Brett M.,False,
T105117,V1080,Fleming Ltd,Procurement,INV-63155,66638.59,2025-09-12 15:00:00,Alexander N.,False,
T105663,V1070,"Evans, Alvarado and Mcmillan",Procurement,INV-22736,16171.32,2025-09-12 15:52:00,Kimberly H.,False,
T106000,V1012,Delacruz Group,Procurement,INV-85303,24188.62,2025-09-12 15:53:00,Sherry J.,False,
T100739,V1088,Johnson and Sons,Procurement,INV-71537,55851.59,2025-09-12 17:29:00,Amanda A.,False,
T102921,V1116,Larsen LLC,Procurement,INV-45841,12046.25,2025-09-15 07:44:00,Selena R.,False,
T104910,V1067,Ibarra-Suarez,Marketing,INV-26546,12123.56,2025-09-15 07:54:00,Sierra K.,False,
T103956,V1011,Stanley LLC,Legal,INV-72068,78192.66,2025-09-15 08:23:00,Samantha K.,False,
T105756,V1011,Stanley LLC,Operations,INV-47980,44547.1,2025-09-15 08:40:00,Danielle S.,False,
T102249,V1011,Stanley LLC,Legal,INV-97475,71458.26,2025-09-15 08:51:00,Derek M.,False,
T103188,V1121,Daniels-Perry,Procurement,INV-61955,60253.26,2025-09-15 09:10:00,Matthew M.,False,
T103473,V1034,Allen PLC,Legal,INV-83498,85250.31,2025-09-15 09:42:00,Jessica M.,False,
T103433,V1130,Day and Sons,HR,INV-91542,2243.5,2025-09-15 09:58:00,Heather C.,False,
T103005,V1053,Barrera-Martin,IT,INV-66068,89168.27,2025-09-15 10:18:00,Tiffany L.,False,
T100492,V1062,Donovan-Harris,Facilities,INV-60615,27594.57,2025-09-15 10:23:00,David H.,False,
T106019,V1054,Baker-Bowers,Facilities,INV-83399,9992.6,2025-09-15 11:10:00,Renee K.,True,just_below_threshold
T103527,V1043,"Young, Caldwell and Lewis",IT,INV-78820,21723.41,2025-09-15 11:13:00,Karen F.,False,
T105887,V1104,Campbell Ltd,IT,INV-57451,49758.01,2025-09-15 11:20:00,Marie L.,False,
T101425,V1096,Jones-Beck,Procurement,INV-22214,2342.42,2025-09-15 11:48:00,Justin G.,False,
T103092,V1034,Allen PLC,Procurement,INV-31880,76370.45,2025-09-15 11:50:00,Matthew H.,False,
T101383,V1121,Daniels-Perry,HR,INV-41310,51207.16,2025-09-15 12:00:00,Henry M.,False,
T102405,V1001,Rhodes PLC,Procurement,INV-96714,315526.97,2025-09-15 12:01:00,Johnathan G.,False,
T103294,V1115,"Griffin, Moore and Hensley",Legal,INV-14277,41795.27,2025-09-15 12:37:00,Brian W.,False,
T100762,V1011,Stanley LLC,HR,INV-98346,65297.58,2025-09-15 12:52:00,Michael A.,False,
T102538,V1127,Price Ltd,Procurement,INV-25765,47856.6,2025-09-15 12:57:00,Caitlyn L.,False,
T100297,V1047,"Garcia, Powell and Morgan",IT,INV-23154,3029.63,2025-09-15 13:37:00,Diane J.,False,
T104440,V1007,Davis Inc,Facilities,INV-37581,80694.47,2025-09-15 13:49:00,Jennifer S.,False,
T106144,V1115,"Griffin, Moore and Hensley",Marketing,INV-53970,341142.95,2025-09-15 14:05:00,Tina S.,True,statistical_outlier
T105389,V1120,Mccarthy Inc,Procurement,INV-20644,46868.55,2025-09-15 14:12:00,Jenna G.,False,
T105921,V1121,Daniels-Perry,HR,INV-43483,27620.09,2025-09-15 15:32:00,Katie A.,False,
T101100,V1033,Koch-Decker,Operations,INV-84905,36361.77,2025-09-15 15:36:00,Teresa C.,False,
T100484,V1112,Grant Inc,Marketing,INV-31241,85710.85,2025-09-15 16:33:00,Stacy J.,False,
T103857,V1008,Munoz-Roman,Procurement,INV-89531,6580.33,2025-09-15 16:58:00,Darryl M.,False,
T100566,V1121,Daniels-Perry,Legal,INV-17263,53070.69,2025-09-15 16:58:00,Richard W.,False,
T101312,V1116,Larsen LLC,Marketing,INV-81182,18226.19,2025-09-16 07:10:00,Jenna P.,False,
T102556,V1001,Rhodes PLC,Procurement,INV-45296,27276.96,2025-09-16 08:24:00,Eric J.,False,
T102180,V1001,Rhodes PLC,Procurement,INV-22989,122268.16,2025-09-16 09:36:00,Deborah D.,False,
T102184,V1139,Oconnell Inc,HR,INV-72221,62434.44,2025-09-16 09:54:00,Jasmine A.,False,
T100682,V1086,Garrison and Sons,Operations,INV-80341,15242.62,2025-09-16 10:12:00,Michael S.,False,
T105771,V1069,"Riggs, Roman and Rice",Marketing,INV-61393,145019.06,2025-09-16 11:09:00,Megan D.,False,
T104242,V1137,Marshall LLC,Marketing,INV-76965,10693.85,2025-09-16 11:11:00,Felicia A.,False,
T104897,V1073,"Walters, Baker and Freeman",Procurement,INV-61616,31469.77,2025-09-16 11:57:00,Jennifer L.,False,
T100160,V1067,Ibarra-Suarez,Legal,INV-81810,18409.69,2025-09-16 13:27:00,Garrett E.,False,
T105294,V1067,Ibarra-Suarez,Legal,INV-52918,11154.19,2025-09-16 13:31:00,Joshua B.,False,
T103313,V1055,Horton-Cross,HR,INV-85619,30630.81,2025-09-16 14:07:00,Amber J.,False,
T105753,V1134,"Williams, Crane and Walker",Legal,INV-86639,104401.06,2025-09-16 14:56:00,Leslie T.,False,
T101273,V1121,Daniels-Perry,Marketing,INV-64875,36778.13,2025-09-16 14:56:00,Stacy C.,False,
T106034,V1096,Jones-Beck,Facilities,INV-50928,9725.55,2025-09-16 15:36:00,Renee K.,True,just_below_threshold
T102826,V1119,Taylor and Sons,HR,INV-66810,11983.8,2025-09-16 15:39:00,William D.,False,
T102756,V1074,Davis Group,Legal,INV-52731,11982.03,2025-09-16 15:49:00,David A.,False,
T104152,V1011,Stanley LLC,Legal,INV-52869,60197.87,2025-09-16 16:55:00,Tiffany B.,False,
T100104,V1028,Chavez Ltd,IT,INV-16658,3094.27,2025-09-16 18:31:00,Johnny W.,False,
T101241,V1011,Stanley LLC,Marketing,INV-74990,124413.75,2025-09-16 19:54:00,Brian R.,False,
T101825,V1052,Martin Group,Legal,INV-73263,143185.92,2025-09-17 07:01:00,Kathryn D.,False,
T103916,V1011,Stanley LLC,Marketing,INV-65822,114044.6,2025-09-17 07:06:00,Stephanie P.,False,
T102019,V1069,"Riggs, Roman and Rice",Marketing,INV-92111,46087.94,2025-09-17 09:14:00,Robert S.,False,
T102107,V1094,"Lee, Williams and Graham",HR,INV-48739,21546.37,2025-09-17 09:21:00,Andrew S.,False,
T101612,V1007,Davis Inc,HR,INV-34318,44056.94,2025-09-17 10:24:00,Leslie P.,False,
T104377,V1113,Contreras-Travis,Legal,INV-68340,26172.39,2025-09-17 11:09:00,Kimberly L.,False,
T104712,V1033,Koch-Decker,Legal,INV-91928,69729.35,2025-09-17 11:58:00,Amber J.,False,
T104936,V1080,Fleming Ltd,Facilities,INV-59535,44268.86,2025-09-17 12:04:00,Eric R.,False,
T103301,V1011,Stanley LLC,IT,INV-96334,83107.04,2025-09-17 12:18:00,Joel R.,False,
T105465,V1139,Oconnell Inc,HR,INV-27037,121669.16,2025-09-17 12:18:00,Gloria C.,False,
T100510,V1069,"Riggs, Roman and Rice",Procurement,INV-61177,51611.46,2025-09-17 12:35:00,Nicole J.,False,
T104079,V1050,Ramos PLC,IT,INV-82520,46334.75,2025-09-17 13:04:00,Tina M.,False,
T104864,V1055,Horton-Cross,Marketing,INV-67958,36745.22,2025-09-17 13:39:00,Heather W.,False,
T103645,V1120,Mccarthy Inc,Marketing,INV-86007,25947.21,2025-09-17 13:55:00,Jessica H.,False,
T102230,V1053,Barrera-Martin,Marketing,INV-44523,37346.52,2025-09-17 14:03:00,Tyler D.,False,
T104928,V1075,Smith and Sons,Procurement,INV-23277,11226.48,2025-09-17 14:10:00,Shawn H.,False,
T103784,V1053,Barrera-Martin,Marketing,INV-12256,22054.14,2025-09-17 14:15:00,Elizabeth L.,False,
T104335,V1062,Donovan-Harris,Marketing,INV-80170,53377.38,2025-09-17 14:45:00,Mary D.,False,
T102439,V1020,"Ellis, Baker and Wright",Operations,INV-99780,5521.34,2025-09-17 15:14:00,Victoria E.,False,
T100095,V1034,Allen PLC,Facilities,INV-55745,81662.18,2025-09-17 15:16:00,Scott R.,False,
T103951,V1011,Stanley LLC,HR,INV-69597,120147.27,2025-09-17 15:24:00,David S.,False,
T105540,V1073,"Walters, Baker and Freeman",Legal,INV-68953,50779.72,2025-09-17 17:26:00,Mark W.,False,
T103650,V1115,"Griffin, Moore and Hensley",Procurement,INV-76982,64145.46,2025-09-17 17:28:00,Lisa C.,False,
T104349,V1139,Oconnell Inc,Facilities,INV-80728,31739.28,2025-09-18 07:26:00,William A.,False,
T105331,V1069,"Riggs, Roman and Rice",Facilities,INV-67178,133573.08,2025-09-18 07:35:00,Andrea B.,False,
T101897,V1033,Koch-Decker,Operations,INV-68988,97703.16,2025-09-18 09:27:00,Brittany B.,False,
T101323,V1011,Stanley LLC,Marketing,INV-15747,47901.69,2025-09-18 09:28:00,Thomas A.,False,
T100281,V1121,Daniels-Perry,IT,INV-64459,8559.06,2025-09-18 10:45:00,Shelley H.,False,
T104956,V1050,Ramos PLC,Marketing,INV-63046,149513.64,2025-09-18 11:19:00,Crystal Y.,False,
T103419,V1069,"Riggs, Roman and Rice",Procurement,INV-67847,39669.43,2025-09-18 11:21:00,David S.,False,
T102679,V1080,Fleming Ltd,Marketing,INV-37425,22580.41,2025-09-18 11:37:00,Christina R.,False,
T102841,V1139,Oconnell Inc,Marketing,INV-93228,55741.31,2025-09-18 11:45:00,Jose G.,False,
T104534,V1069,"Riggs, Roman and Rice",Procurement,INV-13015,207382.87,2025-09-18 11:57:00,Erin J.,False,
T100971,V1033,Koch-Decker,Procurement,INV-11610,164585.84,2025-09-18 12:00:00,Kelly A.,False,
T105384,V1139,Oconnell Inc,HR,INV-15316,69424.36,2025-09-18 12:17:00,Jennifer R.,False,
T102368,V1126,Freeman LLC,IT,INV-83825,48050.89,2025-09-18 12:52:00,Nicole B.,False,
T103696,V1007,Davis Inc,Facilities,INV-11020,20326.2,2025-09-18 14:05:00,Brian C.,False,
T104279,V1002,Johnson-Davis,Marketing,INV-97422,25522.1,2025-09-18 14:21:00,Jason F.,False,
T105211,V1080,Fleming Ltd,Operations,INV-81259,36316.22,2025-09-18 14:54:00,James J.,False,
T104654,V1052,Martin Group,Legal,INV-31519,129047.58,2025-09-18 14:57:00,Pedro C.,False,
T105108,V1062,Donovan-Harris,Marketing,INV-10692,38766.84,2025-09-18 15:15:00,Kelli R.,False,
T106131,V1120,Mccarthy Inc,IT,INV-50762,319258.56,2025-09-18 16:17:00,Emily C.,True,statistical_outlier
T100471,V1039,"Santos, Kim and Holmes",Procurement,INV-57526,2833.31,2025-09-18 16:23:00,Kenneth G.,False,
T101251,V1001,Rhodes PLC,Facilities,INV-95799,138819.83,2025-09-18 16:35:00,Jamie L.,False,
T104792,V1107,Riggs PLC,Legal,INV-18912,13656.79,2025-09-19 07:09:00,Karen R.,False,
T105543,V1017,Underwood LLC,HR,INV-97728,3546.68,2025-09-19 07:21:00,Stacy P.,False,
T104809,V1055,Horton-Cross,Marketing,INV-87274,84864.61,2025-09-19 07:31:00,Joseph K.,False,
T103143,V1139,Oconnell Inc,Legal,INV-64432,56904.25,2025-09-19 07:56:00,Fernando C.,False,
T102983,V1104,Campbell Ltd,Facilities,INV-65009,23474.32,2025-09-19 08:38:00,James S.,False,
T101761,V1033,Koch-Decker,Facilities,INV-59634,64451.88,2025-09-19 08:39:00,William H.,False,
T101206,V1120,Mccarthy Inc,Operations,INV-25431,26693.59,2025-09-19 09:46:00,Christina K.,False,
T105583,V1050,Ramos PLC,Legal,INV-97789,45502.16,2025-09-19 09:52:00,Denise P.,False,
T100434,V1048,Lee PLC,Procurement,INV-79547,4000.73,2025-09-19 10:40:00,Bailey H.,False,
T103660,V1011,Stanley LLC,Legal,INV-76608,95834.37,2025-09-19 11:45:00,Victoria M.,False,
T105950,V1050,Ramos PLC,Procurement,INV-73253,95102.69,2025-09-19 12:48:00,Matthew G.,False,
T105768,V1012,Delacruz Group,Marketing,INV-98387,24641.56,2025-09-19 12:57:00,Melissa T.,False,
T105804,V1081,"Henson, Russell and Oliver",Marketing,INV-53574,12149.27,2025-09-19 13:06:00,Samuel G.,False,
T103500,V1035,Dennis Inc,HR,INV-16949,36922.46,2025-09-19 13:47:00,David W.,False,
T100837,V1011,Stanley LLC,Operations,INV-83137,95162.41,2025-09-19 13:47:00,Norman B.,False,
T103515,V1127,Price Ltd,HR,INV-81654,27629.97,2025-09-19 13:47:00,Jason H.,False,
T101382,V1067,Ibarra-Suarez,Marketing,INV-57692,20752.88,2025-09-19 15:05:00,Douglas H.,False,
T103068,V1002,Johnson-Davis,HR,INV-16770,15433.92,2025-09-19 15:27:00,Roberto R.,False,
T100435,V1033,Koch-Decker,Legal,INV-55793,41837.62,2025-09-19 16:12:00,Kelly S.,False,
T100145,V1011,Stanley LLC,Legal,INV-32241,266261.66,2025-09-19 16:30:00,Cory L.,False,
T101461,V1045,Davis Group,HR,INV-40365,9002.94,2025-09-19 17:33:00,Jessica S.,False,
T106103,V9999,Meridian Consulting Partners LLC,Operations,INV-41847,9912.61,2025-09-19 18:16:00,Marcus T.,True,fabricated_invoice_benford
T104934,V1115,"Griffin, Moore and Hensley",Procurement,INV-67461,25171.18,2025-09-22 09:37:00,Linda G.,False,
T101398,V1011,Stanley LLC,IT,INV-55224,212520.34,2025-09-22 10:25:00,Larry G.,False,
T106021,V1137,Marshall LLC,Facilities,INV-31091,9843.22,2025-09-22 11:11:00,Renee K.,True,just_below_threshold
T102319,V1007,Davis Inc,Legal,INV-95089,47846.14,2025-09-22 11:45:00,Megan C.,False,
T103947,V1011,Stanley LLC,Procurement,INV-70938,118674.83,2025-09-22 11:53:00,Stacy R.,False,
T105242,V1118,Nelson LLC,Operations,INV-29655,23837.51,2025-09-22 12:17:00,Michael O.,False,
T101411,V1052,Martin Group,Operations,INV-83872,73402.06,2025-09-22 12:25:00,Jennifer C.,False,
T103220,V1038,"Campos, Vaughn and Marquez",Operations,INV-95379,11280.98,2025-09-22 12:46:00,Ashley S.,False,
T102471,V1043,"Young, Caldwell and Lewis",HR,INV-57418,46483.67,2025-09-22 12:50:00,Tyler D.,False,
T105819,V1069,"Riggs, Roman and Rice",Procurement,INV-39684,152492.9,2025-09-22 12:54:00,Katie B.,False,
T103733,V1012,Delacruz Group,HR,INV-38074,20996.16,2025-09-22 12:54:00,Christopher M.,False,
T102357,V1065,Ellis PLC,Marketing,INV-31624,2272.93,2025-09-22 13:20:00,Daniel C.,False,
T100564,V1069,"Riggs, Roman and Rice",Facilities,INV-82260,122046.84,2025-09-22 13:22:00,Daniel A.,False,
T102473,V1009,"Martinez, Nielsen and Miller",Procurement,INV-54342,12284.95,2025-09-22 14:04:00,Peter H.,False,
T101397,V1033,Koch-Decker,Marketing,INV-39215,54116.04,2025-09-22 14:16:00,Jeremy W.,False,
T104068,V1011,Stanley LLC,Marketing,INV-91062,93909.7,2025-09-22 14:25:00,Adam A.,False,
T105813,V1139,Oconnell Inc,HR,INV-43907,50760.5,2025-09-22 15:08:00,Ryan D.,False,
T101126,V1093,Graham-Joyce,IT,INV-17367,5295.91,2025-09-22 15:55:00,Daniel C.,False,
T102610,V1116,Larsen LLC,Procurement,INV-39431,31176.4,2025-09-22 17:48:00,Matthew R.,False,
T105577,V1127,Price Ltd,Procurement,INV-97183,29391.45,2025-09-23 07:45:00,Timothy H.,False,
T103625,V1052,Martin Group,Facilities,INV-59976,75130.82,2025-09-23 09:16:00,Veronica M.,False,
T102647,V1043,"Young, Caldwell and Lewis",HR,INV-98906,57898.88,2025-09-23 09:37:00,Elizabeth M.,False,
T100939,V1043,"Young, Caldwell and Lewis",Operations,INV-34726,65420.03,2025-09-23 09:38:00,Garrett R.,False,
T102967,V1065,Ellis PLC,Legal,INV-48456,12253.93,2025-09-23 09:57:00,Brittany M.,False,
T100545,V1030,Harrell LLC,Operations,INV-25435,11883.52,2025-09-23 10:24:00,Luis T.,False,
T103424,V1080,Fleming Ltd,Procurement,INV-99281,34609.53,2025-09-23 10:27:00,Kelly C.,False,
T103568,V1116,Larsen LLC,Operations,INV-75542,9004.14,2025-09-23 10:59:00,Ryan C.,False,
T102692,V1115,"Griffin, Moore and Hensley",Facilities,INV-86541,103883.64,2025-09-23 11:22:00,Michael P.,False,
T100272,V1139,Oconnell Inc,Operations,INV-75338,167419.03,2025-09-23 11:23:00,Larry E.,False,
T103705,V1069,"Riggs, Roman and Rice",Operations,INV-90671,88650.33,2025-09-23 12:17:00,Darryl D.,False,
T101236,V1086,Garrison and Sons,HR,INV-91033,8860.17,2025-09-23 12:33:00,Shelly S.,False,
T104196,V1134,"Williams, Crane and Walker",Facilities,INV-71579,57114.31,2025-09-23 13:09:00,Shawn D.,False,
T105322,V1089,Lin-Rasmussen,Procurement,INV-25271,5768.53,2025-09-23 13:44:00,Kathy P.,False,
T103450,V1076,Martin-Ramos,HR,INV-12716,2897.83,2025-09-23 13:46:00,Jeffery G.,False,
T102609,V1043,"Young, Caldwell and Lewis",Marketing,INV-57378,275056.74,2025-09-23 14:29:00,Gail O.,False,
T101390,V1069,"Riggs, Roman and Rice",Legal,INV-57349,67388.55,2025-09-23 14:58:00,Ryan J.,False,
T103815,V1139,Oconnell Inc,IT,INV-71880,67694.86,2025-09-23 16:38:00,Crystal L.,False,
T104825,V1001,Rhodes PLC,Procurement,INV-48202,97446.8,2025-09-24 08:11:00,Diamond L.,False,
T102217,V1104,Campbell Ltd,Marketing,INV-71082,45031.12,2025-09-24 08:49:00,Katherine B.,False,
T100714,V1062,Donovan-Harris,Marketing,INV-49387,23262.96,2025-09-24 09:14:00,Eric L.,False,
T105573,V1121,Daniels-Perry,Marketing,INV-44392,27046.96,2025-09-24 09:15:00,Shelia Y.,False,
T102809,V1139,Oconnell Inc,Marketing,INV-94940,154806.3,2025-09-24 09:50:00,Kathy M.,False,
T103507,V1034,Allen PLC,Facilities,INV-36777,52029.03,2025-09-24 10:06:00,Amy G.,False,
T102478,V1034,Allen PLC,Marketing,INV-62691,77495.23,2025-09-24 10:18:00,Lisa J.,False,
T104042,V1080,Fleming Ltd,Legal,INV-60504,29041.67,2025-09-24 10:30:00,Daniel S.,False,
T105075,V1126,Freeman LLC,Legal,INV-25269,20312.66,2025-09-24 10:35:00,Rhonda S.,False,
T102499,V1089,Lin-Rasmussen,Facilities,INV-23792,4700.2,2025-09-24 10:47:00,Tammy S.,False,
T101743,V1120,Mccarthy Inc,Marketing,INV-69886,33766.78,2025-09-24 11:06:00,Jonathan S.,False,
T103006,V1011,Stanley LLC,Legal,INV-39984,134626.53,2025-09-24 11:45:00,David M.,False,
T102487,V1062,Donovan-Harris,Legal,INV-93320,50601.24,2025-09-24 12:21:00,Kathleen R.,False,
T101833,V1011,Stanley LLC,HR,INV-50957,92690.54,2025-09-24 12:49:00,Alan C.,False,
T104887,V1126,Freeman LLC,Facilities,INV-22094,86788.13,2025-09-24 13:04:00,David T.,False,
T100374,V1092,Johnson-Carlson,Marketing,INV-94323,18553.58,2025-09-24 13:19:00,Elizabeth R.,False,
T101109,V1050,Ramos PLC,Legal,INV-11620,143648.79,2025-09-24 13:29:00,Jamie B.,False,
T101393,V1087,Bailey-Hoover,Legal,INV-45847,8499.42,2025-09-24 13:40:00,Jessica D.,False,
T104953,V1112,Grant Inc,IT,INV-87837,38754.96,2025-09-24 13:43:00,Travis C.,False,
T102621,V1033,Koch-Decker,Facilities,INV-19556,38004.76,2025-09-24 13:50:00,Karen H.,False,
T105325,V1001,Rhodes PLC,Facilities,INV-57359,58636.91,2025-09-24 13:56:00,Amanda G.,False,
T105973,V1070,"Evans, Alvarado and Mcmillan",HR,INV-84154,16500.93,2025-09-24 13:57:00,Jeffrey M.,False,
T100132,V1052,Martin Group,Legal,INV-80575,175845.58,2025-09-24 13:59:00,Sean W.,False,
T105364,V1001,Rhodes PLC,Facilities,INV-52700,214084.67,2025-09-24 14:38:00,Steven D.,False,
T101943,V1094,"Lee, Williams and Graham",HR,INV-33582,18120.24,2025-09-24 15:21:00,Clifford W.,False,
T104931,V1069,"Riggs, Roman and Rice",Procurement,INV-68767,132295.85,2025-09-24 15:23:00,Trevor M.,False,
T105318,V1120,Mccarthy Inc,Marketing,INV-15616,24887.35,2025-09-24 15:34:00,Karen H.,False,
T104717,V1007,Davis Inc,Operations,INV-10529,51197.25,2025-09-24 16:06:00,Amanda A.,False,
T101588,V1011,Stanley LLC,IT,INV-73075,63654.0,2025-09-24 16:07:00,John W.,False,
T101148,V1094,"Lee, Williams and Graham",Operations,INV-62055,11546.61,2025-09-24 16:52:00,James B.,False,
T101712,V1120,Mccarthy Inc,Operations,INV-91988,123155.04,2025-09-24 17:43:00,Dana J.,False,
T105197,V1115,"Griffin, Moore and Hensley",Operations,INV-98754,38584.51,2025-09-24 19:45:00,Sarah Y.,False,
T105262,V1139,Oconnell Inc,HR,INV-97752,58269.49,2025-09-25 07:36:00,Miranda S.,False,
T100205,V1075,Smith and Sons,IT,INV-90728,30799.83,2025-09-25 07:41:00,Ray S.,False,
T102602,V1139,Oconnell Inc,Legal,INV-45956,67594.65,2025-09-25 07:46:00,Monica S.,False,
T103284,V1053,Barrera-Martin,IT,INV-24860,38349.29,2025-09-25 09:48:00,Christopher F.,False,
T105062,V1127,Price Ltd,HR,INV-80098,20064.57,2025-09-25 09:52:00,Mark F.,False,
T104086,V1032,"Sellers, George and Burns",Procurement,INV-37227,287.88,2025-09-25 10:19:00,Tracie G.,False,
T102537,V1081,"Henson, Russell and Oliver",Legal,INV-72368,21049.54,2025-09-25 11:12:00,Greg H.,False,
T105147,V1093,Graham-Joyce,HR,INV-22954,3654.71,2025-09-25 11:16:00,Megan E.,False,
T105517,V1043,"Young, Caldwell and Lewis",HR,INV-53727,54466.32,2025-09-25 11:53:00,Julie L.,False,
T102267,V1052,Martin Group,IT,INV-70619,51519.39,2025-09-25 12:12:00,Maria T.,False,
T104082,V1126,Freeman LLC,Facilities,INV-43563,31200.84,2025-09-25 12:15:00,Teresa N.,False,
T101428,V1065,Ellis PLC,IT,INV-15693,3497.52,2025-09-25 12:26:00,Teresa H.,False,
T100457,V1011,Stanley LLC,Facilities,INV-57696,44736.28,2025-09-25 12:39:00,Lisa K.,False,
T101259,V1139,Oconnell Inc,HR,INV-23935,108863.84,2025-09-25 13:23:00,Jose H.,False,
T102970,V1033,Koch-Decker,IT,INV-89452,81103.02,2025-09-25 15:58:00,Nicholas D.,False,
T103221,V1011,Stanley LLC,Legal,INV-54749,53798.63,2025-09-25 15:59:00,Matthew Y.,False,
T102775,V1137,Marshall LLC,HR,INV-96512,6333.24,2025-09-25 16:41:00,Carlos W.,False,
T104253,V1053,Barrera-Martin,Marketing,INV-71342,25334.27,2025-09-25 17:26:00,Jennifer M.,False,
T102165,V1050,Ramos PLC,IT,INV-32571,157413.48,2025-09-25 19:48:00,Paul H.,False,
T105560,V1118,Nelson LLC,Marketing,INV-60570,94488.24,2025-09-26 07:39:00,Frank R.,False,
T101827,V1134,"Williams, Crane and Walker",Legal,INV-52904,45470.64,2025-09-26 08:19:00,David F.,False,
T101193,V1052,Martin Group,Marketing,INV-27536,56857.09,2025-09-26 08:21:00,Matthew T.,False,
T103443,V1115,"Griffin, Moore and Hensley",Facilities,INV-29212,74200.92,2025-09-26 08:32:00,Richard M.,False,
T103262,V1104,Campbell Ltd,HR,INV-44006,34769.02,2025-09-26 09:13:00,Mary B.,False,
T106137,V1002,Johnson-Davis,Procurement,INV-18655,197603.61,2025-09-26 09:47:00,James W.,True,statistical_outlier
T101234,V1075,Smith and Sons,HR,INV-85582,23877.26,2025-09-26 09:49:00,Matthew B.,False,
T102732,V1118,Nelson LLC,Marketing,INV-17530,71379.28,2025-09-26 10:04:00,Chase L.,False,
T102287,V1088,Johnson and Sons,Marketing,INV-21829,58110.25,2025-09-26 10:16:00,James M.,False,
T103668,V1120,Mccarthy Inc,Marketing,INV-51541,37850.56,2025-09-26 10:33:00,Tammy H.,False,
T101946,V1000,"Rodriguez, Figueroa and Sanchez",HR,INV-68450,915.46,2025-09-26 11:06:00,Eric C.,False,
T105493,V1103,"Kennedy, Santana and Flynn",Marketing,INV-87803,1201.51,2025-09-26 11:25:00,Christina A.,False,
T105654,V1001,Rhodes PLC,IT,INV-11145,81611.78,2025-09-26 12:08:00,Jennifer M.,False,
T100658,V1088,Johnson and Sons,Facilities,INV-76088,12947.72,2025-09-26 12:31:00,Cheryl F.,False,
T101541,V1050,Ramos PLC,Procurement,INV-23622,95154.94,2025-09-26 12:48:00,Daniel J.,False,
T105135,V1118,Nelson LLC,Facilities,INV-64185,54266.75,2025-09-26 13:18:00,Joan C.,False,
T103702,V1088,Johnson and Sons,Operations,INV-65927,67689.49,2025-09-26 13:37:00,Sheryl H.,False,
T105301,V1127,Price Ltd,Procurement,INV-42032,69169.36,2025-09-26 13:59:00,Kristy R.,False,
T105715,V1139,Oconnell Inc,Legal,INV-28117,179898.51,2025-09-26 15:15:00,Mark E.,False,
T105532,V1097,Alvarado-Martinez,Operations,INV-17882,1459.27,2025-09-26 15:30:00,Angela R.,False,
T104907,V1033,Koch-Decker,HR,INV-78112,49689.37,2025-09-26 16:29:00,Sarah M.,False,
T102396,V1118,Nelson LLC,IT,INV-71370,43072.87,2025-09-26 17:05:00,Kenneth J.,False,
T100408,V1073,"Walters, Baker and Freeman",Marketing,INV-65028,21150.78,2025-09-29 08:13:00,Timothy W.,False,
T102063,V1011,Stanley LLC,IT,INV-65823,139559.6,2025-09-29 09:02:00,Heidi G.,False,
T102018,V1000,"Rodriguez, Figueroa and Sanchez",Operations,INV-57435,1062.54,2025-09-29 09:06:00,Wendy K.,False,
T101174,V1137,Marshall LLC,Marketing,INV-17086,12366.31,2025-09-29 09:19:00,Jesse M.,False,
T104879,V1134,"Williams, Crane and Walker",Facilities,INV-14757,73891.79,2025-09-29 10:51:00,Shawn J.,False,
T105198,V1133,King-Miller,Operations,INV-86758,541.98,2025-09-29 11:57:00,Sarah M.,False,
T102880,V1055,Horton-Cross,HR,INV-42576,86563.32,2025-09-29 12:17:00,Emily K.,False,
T105676,V1080,Fleming Ltd,Procurement,INV-54877,73848.23,2025-09-29 12:41:00,Thomas M.,False,
T103687,V1076,Martin-Ramos,Marketing,INV-65359,49678.76,2025-09-29 12:58:00,Judy C.,False,
T105084,V1050,Ramos PLC,Procurement,INV-75311,61721.55,2025-09-29 13:23:00,Barbara C.,False,
T102956,V1043,"Young, Caldwell and Lewis",Procurement,INV-78013,80126.49,2025-09-29 13:31:00,Kathleen D.,False,
T103739,V1052,Martin Group,Facilities,INV-49334,62552.37,2025-09-29 13:42:00,Bobby C.,False,
T103152,V1076,Martin-Ramos,Operations,INV-33771,19153.53,2025-09-29 14:21:00,Michele G.,False,
T102150,V1009,"Martinez, Nielsen and Miller",Procurement,INV-77353,7552.63,2025-09-29 14:40:00,Emily H.,False,
T104473,V1043,"Young, Caldwell and Lewis",Facilities,INV-38437,122153.15,2025-09-29 15:13:00,Bradley W.,False,
T100928,V1092,Johnson-Carlson,Procurement,INV-89995,26147.85,2025-09-29 16:36:00,Michael E.,False,
T100046,V1002,Johnson-Davis,Procurement,INV-88504,12402.33,2025-09-29 16:58:00,Marissa P.,False,
T100220,V1043,"Young, Caldwell and Lewis",Marketing,INV-82140,28178.61,2025-09-29 18:22:00,Amanda P.,False,
T104490,V1045,Davis Group,HR,INV-14627,4689.41,2025-09-29 19:47:00,Charles S.,False,
T105502,V1055,Horton-Cross,IT,INV-73347,58085.2,2025-09-30 07:48:00,Brian C.,False,
T105497,V1062,Donovan-Harris,Operations,INV-45291,33748.11,2025-09-30 08:47:00,Stephanie A.,False,
T104156,V1062,Donovan-Harris,Legal,INV-77305,27890.33,2025-09-30 09:10:00,Katrina G.,False,
T100200,V1139,Oconnell Inc,HR,INV-58571,71937.91,2025-09-30 09:27:00,Tammy P.,False,
T102079,V1050,Ramos PLC,IT,INV-69241,73936.13,2025-09-30 09:57:00,Christopher S.,False,
T103015,V1034,Allen PLC,Procurement,INV-63145,67316.88,2025-09-30 10:44:00,Russell O.,False,
T104166,V1011,Stanley LLC,HR,INV-97215,157398.04,2025-09-30 11:29:00,Lisa R.,False,
T103166,V1033,Koch-Decker,Legal,INV-40161,150557.12,2025-09-30 11:34:00,Anna R.,False,
T102855,V1121,Daniels-Perry,Marketing,INV-86818,55246.93,2025-09-30 11:42:00,Benjamin B.,False,
T102162,V1001,Rhodes PLC,Operations,INV-24937,122691.02,2025-09-30 11:45:00,Natalie R.,False,
T101567,V1034,Allen PLC,IT,INV-64120,51067.0,2025-09-30 11:51:00,Billy R.,False,
T105483,V1067,Ibarra-Suarez,HR,INV-78732,24873.7,2025-09-30 12:20:00,Kathryn S.,False,
T102998,V1104,Campbell Ltd,Operations,INV-62776,26587.92,2025-09-30 12:35:00,Charles H.,False,
T105200,V1069,"Riggs, Roman and Rice",Operations,INV-38257,82125.08,2025-09-30 12:42:00,Joseph R.,False,
T103971,V1033,Koch-Decker,Marketing,INV-42588,144123.26,2025-09-30 12:47:00,Sarah H.,False,
T100050,V1088,Johnson and Sons,Facilities,INV-26828,16668.02,2025-09-30 13:49:00,Kelly R.,False,
T103616,V1112,Grant Inc,HR,INV-49996,31604.95,2025-09-30 14:03:00,Randall P.,False,
T101702,V1134,"Williams, Crane and Walker",Facilities,INV-36066,120782.29,2025-09-30 14:05:00,Robert R.,False,
T104101,V1127,Price Ltd,IT,INV-46082,72389.65,2025-09-30 14:15:00,Tyler S.,False,
T102604,V1113,Contreras-Travis,IT,INV-99218,35372.52,2025-09-30 14:39:00,Courtney C.,False,
T103959,V1069,"Riggs, Roman and Rice",Marketing,INV-98436,56957.19,2025-09-30 14:48:00,Gary C.,False,
T100614,V1043,"Young, Caldwell and Lewis",HR,INV-83783,49338.83,2025-09-30 15:31:00,Janet V.,False,
T105883,V1050,Ramos PLC,Marketing,INV-82627,77101.25,2025-09-30 16:03:00,Marc W.,False,
T104247,V1116,Larsen LLC,Operations,INV-40202,51527.88,2025-09-30 16:23:00,Kyle D.,False,
T104499,V1018,Clark PLC,Operations,INV-63697,1113.92,2025-09-30 16:58:00,Sabrina C.,False,
T105162,V1052,Martin Group,Marketing,INV-39829,48239.58,2025-09-30 17:21:00,Justin R.,False,
T104317,V1127,Price Ltd,Marketing,INV-27436,33346.12,2025-09-30 18:22:00,Kim B.,False,
T104405,V1112,Grant Inc,Procurement,INV-49707,49532.82,2025-10-01 07:01:00,Michael R.,False,
T101642,V1011,Stanley LLC,Marketing,INV-56179,112557.91,2025-10-01 08:38:00,John G.,False,
T101038,V1062,Donovan-Harris,Legal,INV-17328,40463.78,2025-10-01 08:52:00,Debbie B.,False,
T103583,V1062,Donovan-Harris,Legal,INV-59727,28181.1,2025-10-01 09:38:00,Steven C.,False,
T100023,V1104,Campbell Ltd,Facilities,INV-31417,36272.95,2025-10-01 09:46:00,Elizabeth R.,False,
T104080,V1070,"Evans, Alvarado and Mcmillan",HR,INV-80481,22589.53,2025-10-01 09:54:00,Jason W.,False,
T103375,V1051,"Kidd, Huff and Novak",Operations,INV-15127,64940.06,2025-10-01 09:58:00,Richard M.,False,
T105793,V1052,Martin Group,Operations,INV-75773,63779.49,2025-10-01 10:25:00,Heather M.,False,
T102496,V1007,Davis Inc,Operations,INV-40649,44650.24,2025-10-01 10:54:00,Paul S.,False,
T104895,V1051,"Kidd, Huff and Novak",Facilities,INV-42197,26737.06,2025-10-01 10:59:00,Ryan T.,False,
T101338,V1018,Clark PLC,HR,INV-91048,1618.07,2025-10-01 13:00:00,Paula Y.,False,
T103109,V1134,"Williams, Crane and Walker",Procurement,INV-95019,80713.03,2025-10-01 13:07:00,John W.,False,
T105970,V1052,Martin Group,Operations,INV-84003,31063.99,2025-10-01 13:46:00,Tina F.,False,
T105915,V1001,Rhodes PLC,IT,INV-18645,119546.11,2025-10-01 13:56:00,Robin O.,False,
T104452,V1007,Davis Inc,Operations,INV-32271,12339.21,2025-10-01 14:01:00,Steven A.,False,
T105040,V1127,Price Ltd,Operations,INV-47690,81220.9,2025-10-01 14:42:00,Tracy P.,False,
T100179,V1113,Contreras-Travis,Marketing,INV-87580,22330.41,2025-10-01 15:01:00,Kenneth L.,False,
T100303,V1028,Chavez Ltd,IT,INV-92155,8281.2,2025-10-01 15:24:00,Caitlyn W.,False,
T100906,V1092,Johnson-Carlson,Facilities,INV-66314,21074.2,2025-10-01 15:25:00,Connor B.,False,
T101326,V1008,Munoz-Roman,HR,INV-18581,6960.85,2025-10-01 16:00:00,Christopher J.,False,
T105353,V1102,"Lawson, Morris and Ramos",IT,INV-85927,1111.93,2025-10-02 07:50:00,Andrew G.,False,
T101742,V1092,Johnson-Carlson,HR,INV-15047,13234.75,2025-10-02 08:33:00,Carmen S.,False,
T103338,V1011,Stanley LLC,Operations,INV-77075,119846.72,2025-10-02 10:01:00,Albert T.,False,
T105434,V1134,"Williams, Crane and Walker",Facilities,INV-23413,166877.16,2025-10-02 10:52:00,Tiffany B.,False,
T103763,V1053,Barrera-Martin,Facilities,INV-80215,37131.47,2025-10-02 11:12:00,Jocelyn B.,False,
T104757,V1075,Smith and Sons,HR,INV-16385,11636.89,2025-10-02 11:41:00,Samuel C.,False,
T101097,V1113,Contreras-Travis,Legal,INV-72236,24379.41,2025-10-02 12:43:00,Miguel C.,False,
T101814,V1120,Mccarthy Inc,Facilities,INV-85680,41637.24,2025-10-02 13:01:00,John B.,False,
T100504,V1067,Ibarra-Suarez,HR,INV-77551,19233.85,2025-10-02 13:01:00,Grant W.,False,
T100953,V1139,Oconnell Inc,Marketing,INV-86865,97688.24,2025-10-02 13:20:00,Ashley A.,False,
T101313,V1095,"Mcdaniel, Bentley and Mclaughlin",Procurement,INV-55796,5352.92,2025-10-02 13:25:00,Kimberly W.,False,
T100013,V1134,"Williams, Crane and Walker",Marketing,INV-20328,56397.9,2025-10-02 14:07:00,Michael S.,False,
T105204,V1067,Ibarra-Suarez,Procurement,INV-86205,30750.42,2025-10-02 14:29:00,Alexandria L.,False,
T105175,V1115,"Griffin, Moore and Hensley",HR,INV-41615,41114.46,2025-10-02 14:47:00,Keith P.,False,
T101990,V1053,Barrera-Martin,HR,INV-85936,99739.47,2025-10-02 15:09:00,Daniel L.,False,
T102252,V1069,"Riggs, Roman and Rice",IT,INV-44754,139190.75,2025-10-02 15:13:00,Lisa R.,False,
T100728,V1050,Ramos PLC,Legal,INV-34966,115903.61,2025-10-02 15:46:00,Loretta Y.,False,
T101482,V1139,Oconnell Inc,HR,INV-44517,82061.39,2025-10-02 16:00:00,Christian W.,False,
T105870,V1034,Allen PLC,Procurement,INV-72204,108613.18,2025-10-02 18:00:00,Bob B.,False,
T100040,V1133,King-Miller,IT,INV-94012,1332.56,2025-10-02 19:48:00,Jennifer S.,False,
T102954,V1051,"Kidd, Huff and Novak",Marketing,INV-12588,23966.27,2025-10-03 07:11:00,Jessica K.,False,
T102971,V1033,Koch-Decker,Facilities,INV-22977,63435.87,2025-10-03 07:32:00,Ashley S.,False,
T100206,V1055,Horton-Cross,Marketing,INV-70931,108694.27,2025-10-03 07:49:00,Angela D.,False,
T100032,V1139,Oconnell Inc,HR,INV-86622,53884.93,2025-10-03 08:16:00,Jennifer W.,False,
T103387,V1073,"Walters, Baker and Freeman",HR,INV-16880,19769.8,2025-10-03 09:00:00,Anthony R.,False,
T102028,V1088,Johnson and Sons,Facilities,INV-13809,41602.94,2025-10-03 09:11:00,Adam J.,False,
T105814,V1053,Barrera-Martin,Legal,INV-81646,26309.07,2025-10-03 09:36:00,Dennis F.,False,
T104334,V1033,Koch-Decker,Facilities,INV-22664,80538.84,2025-10-03 09:37:00,Cory M.,False,
T105541,V1104,Campbell Ltd,IT,INV-49144,47077.93,2025-10-03 11:28:00,Barbara G.,False,
T104743,V1065,Ellis PLC,Procurement,INV-65404,6487.87,2025-10-03 11:49:00,Frances S.,False,
T103713,V1053,Barrera-Martin,Facilities,INV-10873,81415.06,2025-10-03 11:51:00,Jessica G.,False,
T102584,V1011,Stanley LLC,Legal,INV-98029,111606.51,2025-10-03 12:01:00,Ryan W.,False,
T106041,V1033,Koch-Decker,Facilities,INV-37946,9937.41,2025-10-03 12:05:00,Renee K.,True,just_below_threshold
T100721,V1106,Walker-Gonzalez,Facilities,INV-39536,1874.58,2025-10-03 12:30:00,Monica S.,False,
T105922,V1137,Marshall LLC,Marketing,INV-91539,7524.68,2025-10-03 12:47:00,Hannah J.,False,
T101524,V1033,Koch-Decker,Legal,INV-47304,25380.31,2025-10-03 13:11:00,Kelly B.,False,
T102720,V1062,Donovan-Harris,IT,INV-86933,33273.15,2025-10-03 13:19:00,Carol C.,False,
T101745,V1034,Allen PLC,HR,INV-15144,133908.27,2025-10-03 13:25:00,Alexandra M.,False,
T104153,V1112,Grant Inc,IT,INV-85342,145095.02,2025-10-03 13:31:00,Daniel S.,False,
T105228,V1069,"Riggs, Roman and Rice",IT,INV-17503,127519.08,2025-10-03 13:41:00,Anthony B.,False,
T105851,V1088,Johnson and Sons,Procurement,INV-84869,59548.8,2025-10-03 13:57:00,Felicia M.,False,
T104830,V1116,Larsen LLC,Facilities,INV-43387,11039.46,2025-10-03 14:21:00,Allen K.,False,
T103666,V1033,Koch-Decker,Procurement,INV-79174,173792.47,2025-10-03 14:46:00,Roger O.,False,
T100678,V1043,"Young, Caldwell and Lewis",HR,INV-38627,86085.44,2025-10-03 14:51:00,Laurie P.,False,
T102917,V1113,Contreras-Travis,Marketing,INV-51409,28945.58,2025-10-03 14:54:00,Christopher G.,False,
T104044,V1080,Fleming Ltd,HR,INV-89557,101308.08,2025-10-03 15:07:00,Tanya H.,False,
T100869,V1033,Koch-Decker,HR,INV-32706,41828.39,2025-10-03 15:44:00,Kimberly N.,False,
T102183,V1012,Delacruz Group,HR,INV-22934,15029.56,2025-10-03 16:00:00,Cynthia M.,False,
T102242,V1053,Barrera-Martin,Procurement,INV-70412,75780.65,2025-10-03 16:20:00,Andrea W.,False,
T100174,V1088,Johnson and Sons,HR,INV-81582,21906.21,2025-10-03 16:47:00,Kevin H.,False,
T100893,V1052,Martin Group,IT,INV-48356,56818.05,2025-10-03 17:10:00,Martin H.,False,
T105899,V1081,"Henson, Russell and Oliver",HR,INV-32245,4703.57,2025-10-03 17:24:00,Jacob W.,False,
T105835,V1104,Campbell Ltd,Legal,INV-82776,66266.17,2025-10-03 18:48:00,Gregory J.,False,
T100879,V1121,Daniels-Perry,Facilities,INV-69942,64189.12,2025-10-03 19:18:00,Donald T.,False,
T106059,V1023,Campos Inc,Legal,INV-52539,850.73,2025-10-04 03:59:00,Susan P.,True,weekend_after_hours
T105373,V1002,Johnson-Davis,Facilities,INV-66904,7111.11,2025-10-06 07:43:00,Amanda B.,False,
T103293,V1070,"Evans, Alvarado and Mcmillan",HR,INV-68209,22840.72,2025-10-06 10:06:00,Stephanie G.,False,
T101607,V1012,Delacruz Group,IT,INV-71393,24396.11,2025-10-06 10:22:00,Benjamin J.,False,
T100637,V1118,Nelson LLC,Marketing,INV-55237,19169.88,2025-10-06 10:24:00,Justin M.,False,
T101867,V1092,Johnson-Carlson,Facilities,INV-32686,28077.57,2025-10-06 10:44:00,Steven F.,False,
T104772,V1069,"Riggs, Roman and Rice",Marketing,INV-72083,114574.51,2025-10-06 11:06:00,Todd M.,False,
T105444,V1125,Medina-Navarro,HR,INV-66189,1928.32,2025-10-06 11:46:00,Thomas G.,False,
T105724,V1114,Salazar-Ball,Operations,INV-18905,9543.75,2025-10-06 11:49:00,Elizabeth W.,False,
T105288,V1069,"Riggs, Roman and Rice",Operations,INV-36033,106741.02,2025-10-06 14:03:00,Tammy L.,False,
T102153,V1047,"Garcia, Powell and Morgan",Legal,INV-51446,2254.6,2025-10-06 14:20:00,Christina W.,False,
T103457,V1139,Oconnell Inc,Marketing,INV-79062,71956.52,2025-10-06 14:57:00,Jason B.,False,
T100829,V1104,Campbell Ltd,Legal,INV-57124,24026.86,2025-10-06 15:02:00,Tanya N.,False,
T102965,V1052,Martin Group,Marketing,INV-96266,62300.98,2025-10-06 15:10:00,Shannon R.,False,
T105472,V1094,"Lee, Williams and Graham",Marketing,INV-61183,35331.1,2025-10-06 16:25:00,James F.,False,
T106107,V9999,Meridian Consulting Partners LLC,Operations,INV-52372,9789.16,2025-10-06 16:28:00,Marcus T.,True,fabricated_invoice_benford
T101769,V1062,Donovan-Harris,Procurement,INV-89689,12293.1,2025-10-06 16:51:00,Jenny A.,False,
T104702,V1118,Nelson LLC,IT,INV-96324,63156.62,2025-10-06 17:10:00,Susan C.,False,
T103599,V1069,"Riggs, Roman and Rice",Marketing,INV-56787,189040.85,2025-10-06 18:13:00,Scott W.,False,
T105059,V1069,"Riggs, Roman and Rice",HR,INV-12389,34534.63,2025-10-07 08:16:00,Leah C.,False,
T101346,V1034,Allen PLC,HR,INV-28884,128664.66,2025-10-07 08:18:00,Timothy R.,False,
T103800,V1139,Oconnell Inc,IT,INV-95460,44122.36,2025-10-07 08:31:00,Brittany L.,False,
T105420,V1034,Allen PLC,IT,INV-59280,64805.16,2025-10-07 08:36:00,Danielle S.,False,
T103786,V1069,"Riggs, Roman and Rice",Procurement,INV-69279,194171.88,2025-10-07 09:45:00,Laura C.,False,
T102221,V1011,Stanley LLC,Legal,INV-14141,52564.32,2025-10-07 10:01:00,Jason C.,False,
T104140,V1053,Barrera-Martin,HR,INV-44172,99048.09,2025-10-07 10:48:00,Edward P.,False,
T100985,V1094,"Lee, Williams and Graham",Legal,INV-42129,14612.42,2025-10-07 10:48:00,Heather W.,False,
T103910,V1080,Fleming Ltd,Legal,INV-12850,50881.41,2025-10-07 11:11:00,Gabriella R.,False,
T103446,V1120,Mccarthy Inc,HR,INV-73765,24820.8,2025-10-07 11:16:00,Douglas A.,False,
T105758,V1120,Mccarthy Inc,Marketing,INV-44083,24339.33,2025-10-07 11:59:00,Todd R.,False,
T100003,V1007,Davis Inc,Operations,INV-65302,50381.54,2025-10-07 12:05:00,Shelly G.,False,
T103570,V1137,Marshall LLC,Procurement,INV-86385,17033.01,2025-10-07 12:44:00,Cody H.,False,
T100110,V1139,Oconnell Inc,Legal,INV-58393,82505.88,2025-10-07 13:02:00,Scott W.,False,
T103511,V1073,"Walters, Baker and Freeman",Legal,INV-90315,11908.98,2025-10-07 14:16:00,Katherine S.,False,
T101070,V1050,Ramos PLC,Procurement,INV-72847,77311.2,2025-10-07 14:24:00,Nathan B.,False,
T105469,V1116,Larsen LLC,Marketing,INV-14692,35105.97,2025-10-07 15:32:00,Thomas C.,False,
T106084,V9999,Meridian Consulting Partners LLC,Operations,INV-55365,9891.01,2025-10-07 16:22:00,Marcus T.,True,fabricated_invoice_benford
T100516,V1052,Martin Group,Legal,INV-94252,168938.85,2025-10-07 17:21:00,Zachary A.,False,
T102699,V1034,Allen PLC,Procurement,INV-46231,88021.88,2025-10-07 18:41:00,Mary H.,False,
T103085,V1127,Price Ltd,IT,INV-49515,16025.32,2025-10-07 19:39:00,Kayla S.,False,
T100499,V1139,Oconnell Inc,Operations,INV-79176,54688.58,2025-10-08 07:46:00,Tammy D.,False,
T101351,V1086,Garrison and Sons,IT,INV-37532,11418.92,2025-10-08 08:05:00,John B.,False,
T105050,V1002,Johnson-Davis,Procurement,INV-19991,32837.69,2025-10-08 08:40:00,Tyler S.,False,
T102313,V1134,"Williams, Crane and Walker",IT,INV-69409,15121.35,2025-10-08 09:47:00,Paula S.,False,
T101075,V1134,"Williams, Crane and Walker",Procurement,INV-54295,84146.16,2025-10-08 09:57:00,Theresa B.,False,
T103228,V1127,Price Ltd,Legal,INV-21425,20411.94,2025-10-08 10:55:00,Nicholas M.,False,
T102093,V1011,Stanley LLC,Marketing,INV-49856,70195.01,2025-10-08 11:28:00,Joseph M.,False,
T100908,V1107,Riggs PLC,Facilities,INV-84205,12094.61,2025-10-08 11:36:00,Bradley P.,False,
T101692,V1112,Grant Inc,Operations,INV-28526,71751.7,2025-10-08 12:30:00,Christian K.,False,
T104641,V1087,Bailey-Hoover,Procurement,INV-37165,7602.9,2025-10-08 12:52:00,Jorge S.,False,
T100141,V1043,"Young, Caldwell and Lewis",Procurement,INV-49829,48682.77,2025-10-08 12:53:00,Denise H.,False,
T104721,V1033,Koch-Decker,Marketing,INV-78566,84038.69,2025-10-08 12:59:00,Brandi G.,False,
T104321,V1069,"Riggs, Roman and Rice",HR,INV-45885,58969.73,2025-10-08 13:09:00,Michael T.,False,
T101672,V1012,Delacruz Group,IT,INV-21151,24055.09,2025-10-08 13:25:00,Christopher C.,False,
T102928,V1113,Contreras-Travis,IT,INV-65369,18521.43,2025-10-08 13:25:00,Joshua M.,False,
T104450,V1076,Martin-Ramos,Procurement,INV-24596,47613.73,2025-10-08 14:20:00,Andrew L.,False,
T101561,V1113,Contreras-Travis,Facilities,INV-63967,14053.25,2025-10-08 14:23:00,Michael C.,False,
T105616,V1033,Koch-Decker,Facilities,INV-14935,49260.59,2025-10-08 16:12:00,Marcus F.,False,
T101803,V1137,Marshall LLC,Legal,INV-10803,6937.15,2025-10-09 07:20:00,Jacqueline M.,False,
T101762,V1043,"Young, Caldwell and Lewis",Procurement,INV-32398,77106.86,2025-10-09 09:24:00,Lauren M.,False,
T104718,V1050,Ramos PLC,Facilities,INV-39724,74270.42,2025-10-09 09:42:00,April C.,False,
T100881,V1050,Ramos PLC,Procurement,INV-85066,100666.5,2025-10-09 10:32:00,Rodney B.,False,
T105339,V1012,Delacruz Group,Operations,INV-27890,23275.55,2025-10-09 10:47:00,Justin M.,False,
T101646,V1139,Oconnell Inc,HR,INV-43303,171702.8,2025-10-09 10:59:00,Chad L.,False,
T106114,V9999,Meridian Consulting Partners LLC,Operations,INV-33715,6225.42,2025-10-09 11:00:00,Marcus T.,True,fabricated_invoice_benford
T100821,V1033,Koch-Decker,HR,INV-70505,149737.38,2025-10-09 11:01:00,Melissa R.,False,
T103417,V1050,Ramos PLC,IT,INV-66554,167654.0,2025-10-09 11:05:00,Christine L.,False,
T105935,V1092,Johnson-Carlson,Procurement,INV-61366,19593.79,2025-10-09 11:31:00,Daniel J.,False,
T103088,V1118,Nelson LLC,IT,INV-83445,64879.75,2025-10-09 11:45:00,Brandon B.,False,
T105093,V1001,Rhodes PLC,Operations,INV-20441,61677.08,2025-10-09 11:48:00,Derrick A.,False,
T100648,V1002,Johnson-Davis,Facilities,INV-63334,15024.29,2025-10-09 11:59:00,Carrie H.,False,
T105666,V1069,"Riggs, Roman and Rice",Operations,INV-58062,137918.72,2025-10-09 12:20:00,Heather O.,False,
T104629,V1053,Barrera-Martin,HR,INV-66919,92676.64,2025-10-09 13:01:00,Patty B.,False,
T105215,V1034,Allen PLC,Legal,INV-33371,102813.81,2025-10-09 13:08:00,Angela R.,False,
T101310,V1088,Johnson and Sons,Procurement,INV-51662,34229.9,2025-10-09 13:22:00,Nathaniel B.,False,
T100746,V1034,Allen PLC,HR,INV-54245,216928.5,2025-10-09 13:41:00,Shannon W.,False,
T104584,V1091,Wilson LLC,Facilities,INV-34896,13876.59,2025-10-09 14:17:00,Michael F.,False,
T104234,V1113,Contreras-Travis,HR,INV-22648,27615.98,2025-10-09 15:29:00,Erin T.,False,
T104832,V1086,Garrison and Sons,Procurement,INV-18722,24315.69,2025-10-09 16:25:00,Bradley Y.,False,
T100552,V1115,"Griffin, Moore and Hensley",IT,INV-49315,104993.69,2025-10-09 16:34:00,Robert E.,False,
T106075,V1131,Williams Group,IT,INV-87317,3000.0,2025-10-09 17:03:00,Brenda H.,True,round_dollar
T101012,V1043,"Young, Caldwell and Lewis",Procurement,INV-70560,82830.89,2025-10-09 17:15:00,Brittney S.,False,
T101026,V1045,Davis Group,Procurement,INV-21497,4902.76,2025-10-09 18:30:00,Christina R.,False,
T103587,V1116,Larsen LLC,Procurement,INV-67403,19287.44,2025-10-09 19:08:00,Ellen M.,False,
T101108,V1087,Bailey-Hoover,Legal,INV-46202,3796.14,2025-10-10 07:20:00,Joann P.,False,
T104481,V1034,Allen PLC,Facilities,INV-96461,84120.54,2025-10-10 07:56:00,Dana B.,False,
T100111,V1113,Contreras-Travis,Marketing,INV-26704,22718.98,2025-10-10 08:09:00,Joseph A.,False,
T105077,V1034,Allen PLC,Legal,INV-54656,97970.01,2025-10-10 08:46:00,Katie V.,False,
T103174,V1080,Fleming Ltd,Marketing,INV-41784,46080.93,2025-10-10 09:59:00,Tara H.,False,
T105817,V1070,"Evans, Alvarado and Mcmillan",Procurement,INV-45585,14360.13,2025-10-10 10:09:00,Jesse L.,False,
T102401,V1033,Koch-Decker,Procurement,INV-77294,34467.7,2025-10-10 11:04:00,Diana C.,False,
T102995,V1104,Campbell Ltd,Operations,INV-22984,74372.27,2025-10-10 11:17:00,Terri S.,False,
T101136,V1074,Davis Group,IT,INV-31432,8508.37,2025-10-10 11:22:00,Brandon E.,False,
T100108,V1065,Ellis PLC,Marketing,INV-83519,1913.65,2025-10-10 11:45:00,Brian S.,False,
T104751,V1076,Martin-Ramos,HR,INV-69139,20745.35,2025-10-10 11:49:00,Christopher S.,False,
T101617,V1139,Oconnell Inc,Operations,INV-47110,161247.16,2025-10-10 12:09:00,Wesley R.,False,
T104085,V1107,Riggs PLC,Procurement,INV-34905,20471.38,2025-10-10 12:17:00,Rachel P.,False,
T103585,V1034,Allen PLC,Procurement,INV-60741,128976.79,2025-10-10 12:30:00,Benjamin K.,False,
T103205,V1002,Johnson-Davis,HR,INV-14242,26763.15,2025-10-10 13:12:00,Kimberly I.,False,
T100283,V1096,Jones-Beck,Marketing,INV-34983,1630.08,2025-10-10 14:09:00,Keith E.,False,
T102300,V1104,Campbell Ltd,IT,INV-93748,70536.22,2025-10-10 14:24:00,Christopher M.,False,
T104926,V1055,Horton-Cross,Procurement,INV-72843,37796.3,2025-10-10 14:30:00,Stacie S.,False,
T105247,V1104,Campbell Ltd,Procurement,INV-91922,53090.68,2025-10-10 14:45:00,Desiree S.,False,
T103899,V1118,Nelson LLC,HR,INV-45251,42864.34,2025-10-10 14:53:00,Shirley R.,False,
T105351,V1033,Koch-Decker,Operations,INV-88683,126875.23,2025-10-10 15:41:00,Garrett G.,False,
T105296,V1126,Freeman LLC,Legal,INV-78743,55902.28,2025-10-10 15:46:00,Brandon R.,False,
T100246,V1112,Grant Inc,Facilities,INV-10350,81404.78,2025-10-10 16:04:00,David H.,False,
T100014,V1092,Johnson-Carlson,Legal,INV-92397,21465.82,2025-10-10 16:18:00,Steve H.,False,
T105990,V1092,Johnson-Carlson,IT,INV-22045,23607.62,2025-10-10 17:09:00,Michael F.,False,
T100771,V1137,Marshall LLC,Procurement,INV-93459,5951.09,2025-10-10 18:30:00,Jerry H.,False,
T101601,V1001,Rhodes PLC,HR,INV-55523,146884.04,2025-10-13 08:50:00,Gina H.,False,
T100798,V1116,Larsen LLC,Operations,INV-63483,19488.69,2025-10-13 09:35:00,Laura M.,False,
T105068,V1001,Rhodes PLC,Marketing,INV-60760,120691.58,2025-10-13 10:49:00,Jacqueline G.,False,
T103735,V1134,"Williams, Crane and Walker",Facilities,INV-33345,89257.6,2025-10-13 11:39:00,Jimmy W.,False,
T105653,V1038,"Campos, Vaughn and Marquez",Marketing,INV-91965,18092.55,2025-10-13 11:43:00,Maria M.,False,
T105536,V1002,Johnson-Davis,Legal,INV-55654,7781.05,2025-10-13 11:54:00,James J.,False,
T102447,V1053,Barrera-Martin,Procurement,INV-57026,42672.09,2025-10-13 12:03:00,Jay G.,False,
T105250,V1139,Oconnell Inc,Operations,INV-56540,75703.76,2025-10-13 12:29:00,Darren R.,False,
T105779,V1011,Stanley LLC,IT,INV-59464,63676.43,2025-10-13 13:14:00,Nancy A.,False,
T102454,V1069,"Riggs, Roman and Rice",Facilities,INV-77552,346554.8,2025-10-13 13:17:00,Donna J.,False,
T104141,V1115,"Griffin, Moore and Hensley",Legal,INV-48196,35617.16,2025-10-13 13:33:00,Matthew W.,False,
T101249,V1011,Stanley LLC,Procurement,INV-21913,38580.29,2025-10-13 13:35:00,Madison W.,False,
T103466,V1086,Garrison and Sons,Facilities,INV-49799,14450.32,2025-10-13 13:42:00,Daisy M.,False,
T105538,V1116,Larsen LLC,Legal,INV-66118,28706.9,2025-10-13 13:51:00,Steven P.,False,
T101746,V1055,Horton-Cross,Operations,INV-92660,56811.29,2025-10-13 14:24:00,Nicholas H.,False,
T103997,V1048,Lee PLC,IT,INV-54642,1895.17,2025-10-13 15:00:00,Erin A.,False,
T104367,V1118,Nelson LLC,HR,INV-58909,70448.54,2025-10-13 15:03:00,Barbara M.,False,
T100239,V1069,"Riggs, Roman and Rice",Marketing,INV-89471,39244.44,2025-10-13 15:48:00,Angela W.,False,
T100633,V1050,Ramos PLC,Facilities,INV-49008,124312.46,2025-10-13 16:19:00,Tamara S.,False,
T103171,V1113,Contreras-Travis,Facilities,INV-24438,15215.67,2025-10-13 16:30:00,Monica M.,False,
T100606,V1080,Fleming Ltd,Legal,INV-28909,39698.9,2025-10-13 18:23:00,Sue S.,False,
T105511,V1107,Riggs PLC,Procurement,INV-89938,11204.34,2025-10-14 09:20:00,Donna H.,False,
T103843,V1116,Larsen LLC,Marketing,INV-60532,30396.62,2025-10-14 09:25:00,Gary B.,False,
T102629,V1045,Davis Group,IT,INV-59998,16406.95,2025-10-14 10:03:00,Micheal N.,False,
T100688,V1009,"Martinez, Nielsen and Miller",HR,INV-50392,5958.55,2025-10-14 10:29:00,Tracy N.,False,
T103848,V1009,"Martinez, Nielsen and Miller",Marketing,INV-42838,13077.55,2025-10-14 11:28:00,Jennifer S.,False,
T104341,V1011,Stanley LLC,Operations,INV-95233,57224.62,2025-10-14 11:28:00,Melissa L.,False,
T102605,V1091,Wilson LLC,Marketing,INV-10256,21057.59,2025-10-14 11:56:00,Hannah S.,False,
T101166,V1062,Donovan-Harris,Facilities,INV-99091,43017.05,2025-10-14 12:48:00,Jennifer C.,False,
T103824,V1121,Daniels-Perry,Facilities,INV-55214,40317.1,2025-10-14 12:56:00,Rita M.,False,
T105207,V1035,Dennis Inc,Marketing,INV-95151,14943.85,2025-10-14 13:30:00,Brian D.,False,
T103195,V1086,Garrison and Sons,Legal,INV-20119,9707.15,2025-10-14 16:38:00,Robert B.,False,
T104699,V1001,Rhodes PLC,Marketing,INV-40345,73674.79,2025-10-14 16:44:00,Adam S.,False,
T104313,V1053,Barrera-Martin,Facilities,INV-62162,28989.14,2025-10-14 17:34:00,Meredith W.,False,
T102535,V1134,"Williams, Crane and Walker",Facilities,INV-91094,236170.03,2025-10-14 18:05:00,Douglas N.,False,
T103673,V1009,"Martinez, Nielsen and Miller",Procurement,INV-57486,31095.15,2025-10-14 18:32:00,Ryan M.,False,
T104674,V1080,Fleming Ltd,IT,INV-97428,74172.89,2025-10-15 08:38:00,Brianna C.,False,
T103828,V1034,Allen PLC,HR,INV-96424,92554.14,2025-10-15 09:34:00,Charles A.,False,
T100006,V1113,Contreras-Travis,HR,INV-95181,39457.68,2025-10-15 10:12:00,Kevin S.,False,
T102452,V1050,Ramos PLC,Marketing,INV-43793,38961.77,2025-10-15 10:14:00,Jack R.,False,
T104102,V1055,Horton-Cross,IT,INV-92040,53637.78,2025-10-15 10:32:00,Lisa T.,False,
T102534,V1118,Nelson LLC,Procurement,INV-94399,68571.74,2025-10-15 10:41:00,Thomas M.,False,
T102123,V1055,Horton-Cross,Facilities,INV-68224,40592.96,2025-10-15 11:05:00,Gabriella H.,False,
T105788,V1137,Marshall LLC,Procurement,INV-60585,7960.35,2025-10-15 11:21:00,Jose R.,False,
T100874,V1007,Davis Inc,HR,INV-74876,19924.28,2025-10-15 11:32:00,Anthony A.,False,
T102071,V1121,Daniels-Perry,Legal,INV-36832,24335.77,2025-10-15 11:45:00,Michael L.,False,
T105710,V1007,Davis Inc,IT,INV-36078,77644.15,2025-10-15 12:00:00,Troy M.,False,
T102458,V1092,Johnson-Carlson,Operations,INV-23816,14346.44,2025-10-15 12:02:00,Jonathan N.,False,
T104399,V1055,Horton-Cross,Operations,INV-60961,47291.79,2025-10-15 12:30:00,Michael C.,False,
T101676,V1012,Delacruz Group,HR,INV-78714,17395.24,2025-10-15 12:39:00,Donald M.,False,
T100401,V1086,Garrison and Sons,Legal,INV-91490,27441.75,2025-10-15 12:49:00,Rebecca L.,False,
T101703,V1062,Donovan-Harris,HR,INV-12816,20408.47,2025-10-15 12:59:00,Daniel L.,False,
T100601,V1115,"Griffin, Moore and Hensley",IT,INV-82512,64081.32,2025-10-15 13:12:00,Cheryl R.,False,
T101562,V1033,Koch-Decker,Marketing,INV-42754,124825.9,2025-10-15 13:27:00,Joanna G.,False,
T103502,V1007,Davis Inc,Marketing,INV-27878,23711.08,2025-10-15 13:47:00,Emily W.,False,
T100587,V1112,Grant Inc,IT,INV-41685,55070.18,2025-10-15 14:06:00,Daniel B.,False,
T106025,V1075,Smith and Sons,Facilities,INV-17733,9719.44,2025-10-15 14:41:00,Renee K.,True,just_below_threshold
T105103,V1103,"Kennedy, Santana and Flynn",Legal,INV-42450,2147.13,2025-10-15 14:57:00,Samuel A.,False,
T104804,V1086,Garrison and Sons,HR,INV-29079,24330.67,2025-10-15 15:05:00,Rebecca C.,False,
T102783,V1001,Rhodes PLC,Facilities,INV-91877,133255.64,2025-10-15 15:40:00,Emily R.,False,
T105580,V1112,Grant Inc,IT,INV-73417,37789.38,2025-10-15 15:40:00,Suzanne G.,False,
T105163,V1088,Johnson and Sons,HR,INV-19996,52584.3,2025-10-15 17:01:00,Annette G.,False,
T104500,V1127,Price Ltd,HR,INV-71547,68249.66,2025-10-15 17:35:00,Shaun O.,False,
T100642,V1001,Rhodes PLC,IT,INV-27992,136984.95,2025-10-15 17:44:00,Robert M.,False,
T102832,V1112,Grant Inc,Marketing,INV-19429,52260.03,2025-10-15 18:38:00,Barry T.,False,
T103751,V1011,Stanley LLC,IT,INV-44289,57673.95,2025-10-15 18:49:00,Mary B.,False,
T105159,V1126,Freeman LLC,Procurement,INV-59797,28849.46,2025-10-16 09:22:00,Sherri H.,False,
T101476,V1069,"Riggs, Roman and Rice",Legal,INV-41886,59511.07,2025-10-16 09:30:00,William H.,False,
T101093,V1050,Ramos PLC,Facilities,INV-97486,113720.99,2025-10-16 10:03:00,Brandon M.,False,
T101645,V1086,Garrison and Sons,Facilities,INV-59160,8587.6,2025-10-16 10:34:00,Jimmy M.,False,
T100180,V1118,Nelson LLC,Procurement,INV-21003,41598.19,2025-10-16 10:42:00,Andrew G.,False,
T103207,V1052,Martin Group,Marketing,INV-15987,81774.98,2025-10-16 10:50:00,Peter H.,False,
T100094,V1052,Martin Group,Procurement,INV-80468,92973.61,2025-10-16 11:06:00,Gregory S.,False,
T101794,V1053,Barrera-Martin,Operations,INV-92818,45654.78,2025-10-16 11:31:00,Jonathan M.,False,
T102573,V1069,"Riggs, Roman and Rice",IT,INV-21759,45616.86,2025-10-16 12:04:00,Steven B.,False,
T103831,V1007,Davis Inc,Facilities,INV-78461,25664.91,2025-10-16 12:06:00,Connor M.,False,
T105359,V1069,"Riggs, Roman and Rice",Procurement,INV-63453,47397.24,2025-10-16 12:35:00,James A.,False,
T105725,V1118,Nelson LLC,HR,INV-92716,20905.76,2025-10-16 12:48:00,Daniel M.,False,
T103789,V1069,"Riggs, Roman and Rice",HR,INV-50712,71930.02,2025-10-16 13:06:00,Matthew K.,False,
T105243,V1011,Stanley LLC,Facilities,INV-64129,104843.51,2025-10-16 13:07:00,Diana S.,False,
T100238,V1034,Allen PLC,Procurement,INV-42530,59142.26,2025-10-16 13:19:00,Jamie G.,False,
T104457,V1118,Nelson LLC,Procurement,INV-12594,123061.71,2025-10-16 13:34:00,Robert T.,False,
T100778,V1008,Munoz-Roman,Procurement,INV-33508,1729.21,2025-10-16 13:42:00,Amy W.,False,
T100681,V1092,Johnson-Carlson,Procurement,INV-81781,25661.29,2025-10-16 14:07:00,Alicia R.,False,
T104246,V1134,"Williams, Crane and Walker",Operations,INV-78818,50030.96,2025-10-16 14:55:00,Alexis M.,False,
T105766,V1053,Barrera-Martin,IT,INV-88077,21727.28,2025-10-16 15:05:00,Clarence D.,False,
T101551,V1093,Graham-Joyce,Operations,INV-93858,2941.55,2025-10-16 15:27:00,Paul D.,False,
T102390,V1053,Barrera-Martin,Marketing,INV-21825,27944.65,2025-10-16 15:38:00,Amber R.,False,
T104371,V1121,Daniels-Perry,Legal,INV-19094,75219.07,2025-10-16 17:23:00,Anthony S.,False,
T102266,V1115,"Griffin, Moore and Hensley",HR,INV-17848,30051.61,2025-10-17 07:46:00,Natalie W.,False,
T104817,V1052,Martin Group,IT,INV-50153,35240.62,2025-10-17 08:12:00,Ricky R.,False,
T100767,V1115,"Griffin, Moore and Hensley",HR,INV-39603,50425.15,2025-10-17 08:15:00,Michelle F.,False,
T101441,V1134,"Williams, Crane and Walker",Operations,INV-46118,48071.23,2025-10-17 09:23:00,Melissa W.,False,
T105164,V1070,"Evans, Alvarado and Mcmillan",Facilities,INV-40317,18996.81,2025-10-17 10:57:00,Mary N.,False,
T103881,V1011,Stanley LLC,Marketing,INV-21555,58123.54,2025-10-17 10:59:00,Kenneth B.,False,
T101386,V1088,Johnson and Sons,HR,INV-29162,34320.38,2025-10-17 11:36:00,Shannon C.,False,
T101365,V1120,Mccarthy Inc,IT,INV-51462,48030.51,2025-10-17 11:36:00,Thomas F.,False,
T104155,V1069,"Riggs, Roman and Rice",Operations,INV-24723,99946.41,2025-10-17 12:05:00,Marcus A.,False,
T102840,V1030,Harrell LLC,Facilities,INV-67186,6915.12,2025-10-17 12:10:00,Eric B.,False,
T105589,V1104,Campbell Ltd,Operations,INV-34398,45376.24,2025-10-17 12:41:00,Gregory S.,False,
T105407,V1110,Stafford Inc,Operations,INV-18754,2998.85,2025-10-17 12:44:00,Zachary W.,False,
T100324,V1051,"Kidd, Huff and Novak",HR,INV-16428,12820.34,2025-10-17 12:55:00,Richard B.,False,
T103493,V1009,"Martinez, Nielsen and Miller",IT,INV-17017,18216.05,2025-10-17 12:56:00,Michael J.,False,
T100880,V1011,Stanley LLC,Legal,INV-74921,51141.82,2025-10-17 13:47:00,Johnny M.,False,
T100406,V1031,"Lynch, Hernandez and Farmer",Marketing,INV-19120,445.86,2025-10-17 14:42:00,James J.,False,
T100199,V1001,Rhodes PLC,Procurement,INV-55508,42782.13,2025-10-17 14:50:00,Robin R.,False,
T101235,V1075,Smith and Sons,HR,INV-54341,21363.66,2025-10-17 15:14:00,Eugene J.,False,
T100774,V1134,"Williams, Crane and Walker",Procurement,INV-79226,61328.47,2025-10-17 15:54:00,Kathryn B.,False,
T101813,V1115,"Griffin, Moore and Hensley",HR,INV-51353,33274.85,2025-10-17 16:46:00,Jillian Y.,False,
T101763,V1091,Wilson LLC,HR,INV-29672,11806.63,2025-10-17 16:55:00,Gabrielle W.,False,
T104285,V1052,Martin Group,Operations,INV-78022,70513.94,2025-10-17 17:24:00,Lindsey C.,False,
T100089,V1118,Nelson LLC,IT,INV-44179,34154.02,2025-10-17 17:33:00,Anthony P.,False,
T102495,V1080,Fleming Ltd,HR,INV-97231,49520.17,2025-10-17 17:45:00,Wendy A.,False,
T105332,V1052,Martin Group,Marketing,INV-92100,49883.04,2025-10-20 07:06:00,Jeff L.,False,
T102370,V1092,Johnson-Carlson,Marketing,INV-20070,22633.18,2025-10-20 07:11:00,Derrick S.,False,
T103307,V1034,Allen PLC,Facilities,INV-82841,102890.3,2025-10-20 07:27:00,Angela W.,False,
T102515,V1020,"Ellis, Baker and Wright",Procurement,INV-78521,5899.57,2025-10-20 08:18:00,Brooke G.,False,
T101509,V1104,Campbell Ltd,Operations,INV-99916,39410.36,2025-10-20 09:08:00,Cynthia P.,False,
T105380,V1073,"Walters, Baker and Freeman",Legal,INV-25753,17962.48,2025-10-20 11:21:00,Crystal A.,False,
T102229,V1116,Larsen LLC,Marketing,INV-83695,12628.15,2025-10-20 11:30:00,Sara M.,False,
T104027,V1034,Allen PLC,Marketing,INV-12992,86499.97,2025-10-20 11:46:00,Michael H.,False,
T102058,V1055,Horton-Cross,Operations,INV-13199,83595.94,2025-10-20 11:47:00,Ryan H.,False,
T101652,V1087,Bailey-Hoover,Operations,INV-30278,8711.67,2025-10-20 11:59:00,Kristen J.,False,
T104013,V1050,Ramos PLC,Facilities,INV-30855,46535.14,2025-10-20 12:18:00,Ruben W.,False,
T104112,V1001,Rhodes PLC,Facilities,INV-52436,126241.67,2025-10-20 12:43:00,Cory C.,False,
T103557,V1001,Rhodes PLC,Marketing,INV-75647,64206.87,2025-10-20 12:52:00,Vickie G.,False,
T105647,V1055,Horton-Cross,Marketing,INV-59844,41917.39,2025-10-20 13:12:00,Kelsey B.,False,
T100063,V1008,Munoz-Roman,Marketing,INV-41850,5746.22,2025-10-20 13:36:00,Kimberly J.,False,
T102953,V1070,"Evans, Alvarado and Mcmillan",Procurement,INV-52628,15443.21,2025-10-20 14:08:00,Carl F.,False,
T104873,V1080,Fleming Ltd,IT,INV-59934,45674.21,2025-10-20 14:22:00,Elizabeth J.,False,
T102891,V1012,Delacruz Group,Legal,INV-76143,89709.13,2025-10-20 14:50:00,Kathy R.,False,
T101082,V1121,Daniels-Perry,Legal,INV-74349,45499.24,2025-10-20 15:35:00,Michele S.,False,
T102246,V1011,Stanley LLC,IT,INV-85043,142132.84,2025-10-20 16:24:00,James B.,False,
T101284,V1033,Koch-Decker,HR,INV-64719,76817.41,2025-10-20 16:42:00,Alexander G.,False,
T104847,V1112,Grant Inc,IT,INV-82432,49293.66,2025-10-20 17:48:00,Judy L.,False,
T103629,V1079,Parker Inc,Procurement,INV-90681,291.71,2025-10-20 18:25:00,Crystal P.,False,
T101116,V1081,"Henson, Russell and Oliver",Marketing,INV-14910,10706.13,2025-10-20 18:38:00,Beverly W.,False,
T101098,V1043,"Young, Caldwell and Lewis",Facilities,INV-72424,30011.97,2025-10-21 07:56:00,Kristen S.,False,
T104292,V1051,"Kidd, Huff and Novak",Operations,INV-14885,38125.62,2025-10-21 09:55:00,Shannon B.,False,
T102049,V1080,Fleming Ltd,Procurement,INV-64758,36187.42,2025-10-21 10:57:00,Julie A.,False,
T100400,V1126,Freeman LLC,Legal,INV-66244,20026.67,2025-10-21 11:14:00,Tammy M.,False,
T105842,V1025,James-Ferrell,Legal,INV-27810,25183.31,2025-10-21 11:19:00,Angela F.,False,
T101246,V1033,Koch-Decker,Procurement,INV-75333,46344.68,2025-10-21 11:28:00,Philip D.,False,
T103984,V1052,Martin Group,Facilities,INV-67271,44052.49,2025-10-21 11:30:00,Nicholas D.,False,
T101350,V1102,"Lawson, Morris and Ramos",Marketing,INV-80405,730.63,2025-10-21 12:38:00,Jacob H.,False,
T100652,V1050,Ramos PLC,Operations,INV-14888,44616.59,2025-10-21 13:14:00,William N.,False,
T105436,V1052,Martin Group,IT,INV-74396,71719.55,2025-10-21 13:34:00,Jessica L.,False,
T105349,V1107,Riggs PLC,HR,INV-65146,34865.03,2025-10-21 13:39:00,Ashley O.,False,
T102723,V1073,"Walters, Baker and Freeman",Marketing,INV-59980,24921.6,2025-10-21 13:55:00,Terri C.,False,
T102639,V1126,Freeman LLC,HR,INV-76702,23758.07,2025-10-21 14:08:00,Faith H.,False,
T104714,V1118,Nelson LLC,Legal,INV-36976,29276.02,2025-10-21 14:08:00,Maria M.,False,
T101714,V1050,Ramos PLC,Marketing,INV-50944,41472.57,2025-10-21 14:09:00,Stacey R.,False,
T105499,V1043,"Young, Caldwell and Lewis",Procurement,INV-54588,37361.63,2025-10-21 14:59:00,Susan M.,False,
T101842,V1033,Koch-Decker,Facilities,INV-19337,94839.92,2025-10-21 15:15:00,Ashley K.,False,
T102922,V1069,"Riggs, Roman and Rice",HR,INV-38272,55287.59,2025-10-21 15:30:00,Daniel L.,False,
T100970,V1070,"Evans, Alvarado and Mcmillan",HR,INV-25117,18037.47,2025-10-21 15:43:00,Gary W.,False,
T104358,V1020,"Ellis, Baker and Wright",HR,INV-60783,4757.78,2025-10-21 15:44:00,Russell P.,False,
T101911,V1025,James-Ferrell,IT,INV-65183,4882.43,2025-10-21 15:46:00,Amy L.,False,
T105442,V1043,"Young, Caldwell and Lewis",Marketing,INV-13003,56060.39,2025-10-21 15:48:00,Kristy J.,False,
T105350,V1043,"Young, Caldwell and Lewis",Marketing,INV-96084,62287.31,2025-10-21 16:51:00,Andrew B.,False,
T100542,V1053,Barrera-Martin,Operations,INV-58096,65906.72,2025-10-21 19:08:00,Eric P.,False,
T104161,V1013,"Flowers, Martin and Kelly",Marketing,INV-79168,182.21,2025-10-22 07:21:00,Patrick D.,False,
T104167,V1055,Horton-Cross,IT,INV-85609,36801.65,2025-10-22 07:59:00,Christopher W.,False,
T105479,V1104,Campbell Ltd,Marketing,INV-76296,58869.93,2025-10-22 08:58:00,Mary W.,False,
T104554,V1001,Rhodes PLC,HR,INV-26254,46931.14,2025-10-22 09:12:00,Michelle A.,False,
T104393,V1035,Dennis Inc,Operations,INV-78376,59776.14,2025-10-22 09:44:00,Robert P.,False,
T102001,V1069,"Riggs, Roman and Rice",Facilities,INV-52151,68462.59,2025-10-22 10:34:00,Laura B.,False,
T102477,V1112,Grant Inc,HR,INV-96554,76588.78,2025-10-22 13:03:00,Richard L.,False,
T102962,V1039,"Santos, Kim and Holmes",HR,INV-31130,3321.85,2025-10-22 13:13:00,Katrina B.,False,
T100322,V1104,Campbell Ltd,HR,INV-48696,47284.38,2025-10-22 13:18:00,Steve M.,False,
T102065,V1033,Koch-Decker,Facilities,INV-99740,64894.21,2025-10-22 13:50:00,Randall D.,False,
T101471,V1134,"Williams, Crane and Walker",IT,INV-32942,67778.41,2025-10-22 14:00:00,Jessica O.,False,
T101669,V1062,Donovan-Harris,Procurement,INV-39109,23221.86,2025-10-22 14:32:00,Philip V.,False,
T106026,V1067,Ibarra-Suarez,Facilities,INV-10134,9726.98,2025-10-22 15:23:00,Renee K.,True,just_below_threshold
T103681,V1055,Horton-Cross,HR,INV-35965,54287.07,2025-10-22 15:31:00,Timothy C.,False,
T105274,V1069,"Riggs, Roman and Rice",Operations,INV-76219,89625.96,2025-10-22 15:52:00,Patricia R.,False,
T101970,V1069,"Riggs, Roman and Rice",Operations,INV-74314,165283.32,2025-10-22 17:00:00,Angelica D.,False,
T102936,V1080,Fleming Ltd,HR,INV-29346,40141.73,2025-10-22 17:06:00,Danielle H.,False,
T100505,V1076,Martin-Ramos,HR,INV-28818,52238.49,2025-10-22 18:15:00,Jeffrey G.,False,
T102536,V1062,Donovan-Harris,Procurement,INV-84743,26590.52,2025-10-23 07:48:00,Shannon A.,False,
T102263,V1050,Ramos PLC,Facilities,INV-96613,90826.56,2025-10-23 08:31:00,Kimberly P.,False,
T101071,V1112,Grant Inc,Legal,INV-39567,118337.98,2025-10-23 09:41:00,Morgan Q.,False,
T100592,V1080,Fleming Ltd,IT,INV-34881,22935.39,2025-10-23 09:46:00,Beth P.,False,
T101638,V1052,Martin Group,HR,INV-70125,74461.74,2025-10-23 10:22:00,Ashley B.,False,
T105246,V1139,Oconnell Inc,HR,INV-15488,90981.83,2025-10-23 10:24:00,Gina S.,False,
T105655,V1088,Johnson and Sons,IT,INV-27646,32201.88,2025-10-23 10:42:00,Michael C.,False,
T106087,V9999,Meridian Consulting Partners LLC,Operations,INV-94426,5407.15,2025-10-23 11:00:00,Marcus T.,True,fabricated_invoice_benford
T103372,V1107,Riggs PLC,IT,INV-12337,27334.65,2025-10-23 11:01:00,Ronald N.,False,
T103917,V1033,Koch-Decker,Operations,INV-13742,51984.25,2025-10-23 11:25:00,David F.,False,
T102969,V1127,Price Ltd,HR,INV-51017,27755.34,2025-10-23 11:31:00,Michael L.,False,
T101436,V1134,"Williams, Crane and Walker",Procurement,INV-78126,90790.06,2025-10-23 11:33:00,Charles C.,False,
T100262,V1112,Grant Inc,Legal,INV-32962,49871.28,2025-10-23 12:02:00,Claudia R.,False,
T105091,V1045,Davis Group,Operations,INV-20333,8568.33,2025-10-23 12:13:00,Thomas S.,False,
T104723,V1139,Oconnell Inc,HR,INV-63477,44162.96,2025-10-23 12:22:00,Antonio F.,False,
T105515,V1052,Martin Group,Legal,INV-24836,23856.03,2025-10-23 13:04:00,Jocelyn K.,False,
T103159,V1116,Larsen LLC,HR,INV-46500,27585.24,2025-10-23 13:27:00,Melissa R.,False,
T103168,V1067,Ibarra-Suarez,HR,INV-38748,25257.83,2025-10-23 13:49:00,Jamie W.,False,
T105605,V1055,Horton-Cross,Legal,INV-75289,77949.17,2025-10-23 13:51:00,Drew R.,False,
T104693,V1127,Price Ltd,Procurement,INV-96063,38783.72,2025-10-23 13:57:00,Erika P.,False,
T100858,V1027,"Potter, Mack and Peterson",Legal,INV-80371,5180.01,2025-10-23 14:06:00,Stephen T.,False,
T104036,V1055,Horton-Cross,Marketing,INV-42118,50965.94,2025-10-23 14:29:00,Felicia T.,False,
T103396,V1034,Allen PLC,HR,INV-74238,84076.6,2025-10-23 14:30:00,David V.,False,
T105874,V1073,"Walters, Baker and Freeman",IT,INV-68207,28836.63,2025-10-23 14:38:00,Melanie D.,False,
T104222,V1025,James-Ferrell,IT,INV-27263,45315.71,2025-10-23 14:56:00,Susan P.,False,
T100016,V1127,Price Ltd,HR,INV-19116,43513.56,2025-10-23 15:12:00,Debra G.,False,
T101834,V1078,"Johnson, Wood and Tran",IT,INV-93735,3913.63,2025-10-23 15:48:00,Nicolas G.,False,
T100619,V1127,Price Ltd,HR,INV-16731,56212.66,2025-10-23 17:14:00,Paula F.,False,
T105598,V1104,Campbell Ltd,Operations,INV-36632,51971.48,2025-10-23 17:54:00,Michael B.,False,
T102181,V1115,"Griffin, Moore and Hensley",Procurement,INV-79315,40331.18,2025-10-24 07:48:00,Frank Q.,False,
T106079,V9999,Meridian Consulting Partners LLC,Operations,INV-10393,6689.34,2025-10-24 11:07:00,Marcus T.,True,fabricated_invoice_benford
T101271,V1035,Dennis Inc,HR,INV-26827,43673.66,2025-10-24 11:11:00,Zachary D.,False,
T100332,V1007,Davis Inc,HR,INV-27224,28646.71,2025-10-24 11:23:00,Julie W.,False,
T102849,V1114,Salazar-Ball,Legal,INV-31158,12934.2,2025-10-24 11:42:00,Victoria J.,False,
T101916,V1067,Ibarra-Suarez,Operations,INV-16765,30256.41,2025-10-24 12:10:00,Colleen B.,False,
T105032,V1136,"Hernandez, Martinez and Caldwell",Marketing,INV-44782,9151.86,2025-10-24 12:16:00,Mary M.,False,
T105424,V1034,Allen PLC,Procurement,INV-28461,65852.17,2025-10-24 12:20:00,Antonio S.,False,
T105772,V1073,"Walters, Baker and Freeman",Legal,INV-72539,34130.67,2025-10-24 12:42:00,Nancy L.,False,
T103481,V1009,"Martinez, Nielsen and Miller",HR,INV-36149,28981.54,2025-10-24 13:08:00,Bianca L.,False,
T104224,V1049,White-Ford,Legal,INV-14485,361.77,2025-10-24 13:47:00,Michael A.,False,
T102708,V1112,Grant Inc,HR,INV-11558,47923.34,2025-10-24 14:48:00,Marisa R.,False,
T103324,V1043,"Young, Caldwell and Lewis",Procurement,INV-24540,127204.84,2025-10-24 14:55:00,Evan F.,False,
T102048,V1009,"Martinez, Nielsen and Miller",Operations,INV-29525,3939.09,2025-10-24 15:14:00,David T.,False,
T101908,V1033,Koch-Decker,Operations,INV-16917,47941.94,2025-10-24 15:19:00,Karla E.,False,
T100081,V1094,"Lee, Williams and Graham",Operations,INV-17989,30217.06,2025-10-24 15:47:00,Brian S.,False,
T103461,V1097,Alvarado-Martinez,HR,INV-54993,1773.15,2025-10-24 16:33:00,Ryan P.,False,
T105923,V1011,Stanley LLC,Operations,INV-79165,53636.66,2025-10-24 18:27:00,Danny M.,False,
T104878,V1134,"Williams, Crane and Walker",Operations,INV-88525,45117.13,2025-10-27 10:41:00,James W.,False,
T103827,V1009,"Martinez, Nielsen and Miller",IT,INV-58139,8307.03,2025-10-27 10:46:00,Michael M.,False,
T101339,V1139,Oconnell Inc,HR,INV-19514,158798.74,2025-10-27 11:02:00,Stephen R.,False,
T105226,V1104,Campbell Ltd,Procurement,INV-34958,58687.36,2025-10-27 11:05:00,Amanda R.,False,
T104273,V1001,Rhodes PLC,HR,INV-73871,215930.58,2025-10-27 12:10:00,Amanda C.,False,
T103081,V1052,Martin Group,Procurement,INV-23941,63633.21,2025-10-27 12:24:00,William D.,False,
T101270,V1007,Davis Inc,Operations,INV-33226,24185.88,2025-10-27 12:30:00,Austin D.,False,
T101149,V1012,Delacruz Group,Procurement,INV-77045,19871.0,2025-10-27 13:06:00,Lisa D.,False,
T104758,V1052,Martin Group,HR,INV-77729,78419.18,2025-10-27 13:07:00,Lee M.,False,
T103895,V1053,Barrera-Martin,Facilities,INV-80510,44295.26,2025-10-27 13:24:00,Joshua D.,False,
T102798,V1112,Grant Inc,Marketing,INV-76981,100228.29,2025-10-27 13:28:00,Michael S.,False,
T104165,V1069,"Riggs, Roman and Rice",Legal,INV-52810,114336.1,2025-10-27 13:43:00,Alison F.,False,
T102369,V1080,Fleming Ltd,Operations,INV-10540,65142.5,2025-10-27 14:13:00,Theresa T.,False,
T102957,V1139,Oconnell Inc,HR,INV-95419,135190.71,2025-10-27 14:34:00,Isaiah R.,False,
T105594,V1076,Martin-Ramos,HR,INV-49740,31128.94,2025-10-27 15:04:00,Christina M.,False,
T104849,V1027,"Potter, Mack and Peterson",Legal,INV-38819,5086.79,2025-10-27 15:20:00,Nicholas A.,False,
T104786,V1139,Oconnell Inc,Procurement,INV-49759,63301.77,2025-10-27 15:33:00,Nicolas K.,False,
T102571,V1050,Ramos PLC,Operations,INV-46872,139764.9,2025-10-27 16:53:00,Antonio C.,False,
T103394,V1107,Riggs PLC,Legal,INV-64171,28365.01,2025-10-27 17:56:00,Carol G.,False,
T100261,V1121,Daniels-Perry,Legal,INV-98117,21041.24,2025-10-28 07:01:00,Eddie M.,False,
T104352,V1126,Freeman LLC,Legal,INV-19307,15639.55,2025-10-28 07:07:00,Emily S.,False,
T102800,V1048,Lee PLC,Procurement,INV-40488,3814.35,2025-10-28 08:45:00,Randy M.,False,
T105561,V1043,"Young, Caldwell and Lewis",HR,INV-74307,51700.74,2025-10-28 09:39:00,Jesse G.,False,
T104403,V1011,Stanley LLC,Operations,INV-81144,50773.84,2025-10-28 09:47:00,Amanda H.,False,
T105284,V1104,Campbell Ltd,HR,INV-26014,74956.69,2025-10-28 10:20:00,Kevin M.,False,
T105798,V1134,"Williams, Crane and Walker",Legal,INV-42543,87329.06,2025-10-28 10:57:00,Amanda G.,False,
T102852,V1139,Oconnell Inc,Procurement,INV-77965,102557.61,2025-10-28 11:57:00,Christopher W.,False,
T105994,V1035,Dennis Inc,Marketing,INV-16998,13347.65,2025-10-28 12:04:00,Amy C.,False,
T105157,V1070,"Evans, Alvarado and Mcmillan",HR,INV-62684,10618.01,2025-10-28 12:12:00,Natalie H.,False,
T102949,V1011,Stanley LLC,Operations,INV-72848,40543.78,2025-10-28 12:36:00,Jillian H.,False,
T104505,V1104,Campbell Ltd,Legal,INV-57498,58068.25,2025-10-28 12:44:00,Steven R.,False,
T104572,V1104,Campbell Ltd,Procurement,INV-56254,60254.16,2025-10-28 13:10:00,Mary M.,False,
T100288,V1126,Freeman LLC,HR,INV-74178,26167.07,2025-10-28 13:37:00,Joshua P.,False,
T102560,V1067,Ibarra-Suarez,Procurement,INV-42285,68759.31,2025-10-28 13:43:00,Julie V.,False,
T105383,V1052,Martin Group,Legal,INV-50729,65589.12,2025-10-28 13:50:00,Bethany M.,False,
T100862,V1051,"Kidd, Huff and Novak",IT,INV-56135,26917.48,2025-10-28 14:07:00,Ryan C.,False,
T101466,V1033,Koch-Decker,Operations,INV-12014,55296.23,2025-10-28 14:12:00,Alicia M.,False,
T103832,V1080,Fleming Ltd,Legal,INV-60193,27217.56,2025-10-28 14:41:00,Lacey G.,False,
T103872,V1052,Martin Group,IT,INV-77677,53743.84,2025-10-28 14:46:00,Denise M.,False,
T101478,V1076,Martin-Ramos,Procurement,INV-73172,21071.21,2025-10-28 14:55:00,Karen F.,False,
T103354,V1050,Ramos PLC,IT,INV-89152,150879.53,2025-10-28 15:26:00,Lindsey W.,False,
T105003,V1076,Martin-Ramos,HR,INV-37495,28142.93,2025-10-28 16:19:00,Lisa G.,False,
T102555,V1034,Allen PLC,Marketing,INV-76666,91259.28,2025-10-28 17:15:00,Brian M.,False,
T102636,V1001,Rhodes PLC,Procurement,INV-23459,67832.82,2025-10-28 18:12:00,Earl H.,False,
T101534,V1011,Stanley LLC,Marketing,INV-64262,24815.91,2025-10-28 19:33:00,Amy W.,False,
T103079,V1001,Rhodes PLC,Operations,INV-58705,75469.2,2025-10-29 07:33:00,Ronald C.,False,
T103905,V1126,Freeman LLC,Procurement,INV-52253,35533.01,2025-10-29 08:57:00,William M.,False,
T101267,V1127,Price Ltd,Legal,INV-69048,74727.42,2025-10-29 10:07:00,Sharon A.,False,
T102519,V1076,Martin-Ramos,Procurement,INV-49998,14404.45,2025-10-29 10:26:00,David S.,False,
T101112,V1001,Rhodes PLC,Legal,INV-23133,44192.65,2025-10-29 10:37:00,Joshua W.,False,
T101431,V1126,Freeman LLC,HR,INV-85513,29604.87,2025-10-29 10:51:00,Haley C.,False,
T102245,V1050,Ramos PLC,IT,INV-59510,67438.57,2025-10-29 11:01:00,Susan C.,False,
T105505,V1070,"Evans, Alvarado and Mcmillan",Legal,INV-39133,33808.84,2025-10-29 12:14:00,Nicole J.,False,
T100368,V1055,Horton-Cross,Procurement,INV-32838,52992.76,2025-10-29 13:20:00,Brian M.,False,
T103995,V1113,Contreras-Travis,HR,INV-88018,39750.66,2025-10-29 13:26:00,Tonya W.,False,
T103536,V1034,Allen PLC,IT,INV-86610,119016.12,2025-10-29 13:37:00,Paul W.,False,
T100242,V1118,Nelson LLC,IT,INV-84531,65313.44,2025-10-29 15:27:00,Caitlin R.,False,
T100840,V1086,Garrison and Sons,Operations,INV-29758,8094.82,2025-10-29 15:44:00,Sherry W.,False,
T102506,V1055,Horton-Cross,Operations,INV-61744,28085.29,2025-10-29 16:35:00,Charles M.,False,
T102993,V1033,Koch-Decker,Legal,INV-74175,47607.64,2025-10-29 16:52:00,Deborah M.,False,
T105721,V1033,Koch-Decker,HR,INV-71257,124388.34,2025-10-29 17:31:00,Margaret F.,False,
T105871,V1139,Oconnell Inc,Marketing,INV-73071,60883.11,2025-10-29 17:33:00,Toni C.,False,
T104970,V1034,Allen PLC,Marketing,INV-66374,55063.84,2025-10-29 18:13:00,Nicole L.,False,
T101197,V1115,"Griffin, Moore and Hensley",Facilities,INV-26143,19229.64,2025-10-29 18:32:00,Daniel F.,False,
T103776,V1051,"Kidd, Huff and Novak",Marketing,INV-35465,38062.28,2025-10-29 19:50:00,Amber S.,False,
T105118,V1069,"Riggs, Roman and Rice",HR,INV-43152,56123.71,2025-10-30 07:12:00,Deborah M.,False,
T105769,V1043,"Young, Caldwell and Lewis",Legal,INV-31672,40756.62,2025-10-30 07:17:00,Matthew G.,False,
T104381,V1050,Ramos PLC,Facilities,INV-23070,31123.87,2025-10-30 08:33:00,Nicholas G.,False,
T102916,V1051,"Kidd, Huff and Novak",Procurement,INV-61814,32139.47,2025-10-30 09:14:00,Alicia C.,False,
T101377,V1073,"Walters, Baker and Freeman",Procurement,INV-82298,35424.01,2025-10-30 10:13:00,Erin M.,False,
T101419,V1081,"Henson, Russell and Oliver",Facilities,INV-59572,8336.68,2025-10-30 11:04:00,Jamie J.,False,
T102975,V1112,Grant Inc,IT,INV-26841,68494.49,2025-10-30 12:22:00,Jose C.,False,
T105022,V1053,Barrera-Martin,Operations,INV-35776,119207.86,2025-10-30 12:39:00,Stephanie F.,False,
T104180,V1121,Daniels-Perry,Procurement,INV-22170,124587.34,2025-10-30 13:52:00,Roger B.,False,
T105114,V1034,Allen PLC,Operations,INV-47704,51376.38,2025-10-30 14:26:00,James W.,False,
T102431,V1035,Dennis Inc,Operations,INV-98954,21668.95,2025-10-30 14:46:00,Michael R.,False,
T104283,V1025,James-Ferrell,HR,INV-44832,17259.95,2025-10-30 15:27:00,Ashley H.,False,
T103690,V1050,Ramos PLC,Operations,INV-24125,53806.67,2025-10-30 16:38:00,Victoria M.,False,
T101996,V1114,Salazar-Ball,Legal,INV-23937,3345.72,2025-10-30 17:04:00,Samantha R.,False,
T101228,V1012,Delacruz Group,Legal,INV-84572,19392.62,2025-10-30 17:30:00,Nicholas P.,False,
T105697,V1069,"Riggs, Roman and Rice",Legal,INV-24179,60264.44,2025-10-31 07:01:00,Lynn W.,False,
T100372,V1096,Jones-Beck,Marketing,INV-76039,5092.1,2025-10-31 09:06:00,Tamara M.,False,
T105076,V1011,Stanley LLC,Marketing,INV-74794,167751.7,2025-10-31 09:08:00,Jessica R.,False,
T102951,V1053,Barrera-Martin,Marketing,INV-73463,64926.98,2025-10-31 09:11:00,Samantha G.,False,
T106032,V1056,"Higgins, Moore and Phillips",Facilities,INV-99192,9720.91,2025-10-31 09:20:00,Renee K.,True,just_below_threshold
T100417,V1070,"Evans, Alvarado and Mcmillan",Operations,INV-97442,11537.37,2025-10-31 09:31:00,Nathaniel H.,False,
T104666,V1134,"Williams, Crane and Walker",IT,INV-57308,71405.9,2025-10-31 09:52:00,Michele T.,False,
T105932,V1126,Freeman LLC,Facilities,INV-78349,62582.5,2025-10-31 10:28:00,Christopher M.,False,
T100820,V1139,Oconnell Inc,Facilities,INV-99353,83650.4,2025-10-31 10:34:00,Anne K.,False,
T102818,V1062,Donovan-Harris,Legal,INV-36787,36076.01,2025-10-31 10:35:00,Joan G.,False,
T103697,V1074,Davis Group,IT,INV-98330,5914.96,2025-10-31 10:37:00,Roger W.,False,
T102638,V1052,Martin Group,Legal,INV-35377,171837.08,2025-10-31 11:50:00,Andrew B.,False,
T101408,V1038,"Campos, Vaughn and Marquez",Facilities,INV-92515,8715.32,2025-10-31 12:10:00,Jeffrey M.,False,
T100196,V1062,Donovan-Harris,Legal,INV-92213,27092.56,2025-10-31 12:44:00,Kristin W.,False,
T100996,V1069,"Riggs, Roman and Rice",Procurement,INV-67014,134114.24,2025-10-31 13:36:00,Kristina S.,False,
T104580,V1052,Martin Group,Facilities,INV-22431,52244.21,2025-10-31 14:11:00,Calvin P.,False,
T102489,V1115,"Griffin, Moore and Hensley",Facilities,INV-49838,18217.54,2025-10-31 14:16:00,Tammy G.,False,
T104129,V1054,Baker-Bowers,Procurement,INV-96431,4453.63,2025-10-31 14:30:00,Aaron W.,False,
T102030,V1001,Rhodes PLC,IT,INV-64927,72199.42,2025-10-31 14:37:00,Kelsey H.,False,
T105289,V1037,Rose-Obrien,HR,INV-98969,181.57,2025-10-31 15:05:00,Ashley C.,False,
T103469,V1126,Freeman LLC,Procurement,INV-74011,21360.54,2025-10-31 15:07:00,Edgar W.,False,
T102206,V1018,Clark PLC,Legal,INV-94388,4012.41,2025-10-31 15:17:00,Dustin J.,False,
T102092,V1073,"Walters, Baker and Freeman",HR,INV-79489,14439.73,2025-10-31 15:42:00,James H.,False,
T100921,V1002,Johnson-Davis,Operations,INV-99126,8467.01,2025-10-31 16:14:00,Laura R.,False,
T103912,V1139,Oconnell Inc,HR,INV-67012,18855.33,2025-10-31 17:36:00,Regina S.,False,
T101847,V1113,Contreras-Travis,Legal,INV-68436,26215.14,2025-10-31 17:40:00,Joanna K.,False,
T102010,V1121,Daniels-Perry,IT,INV-64555,33137.53,2025-10-31 18:56:00,Julie M.,False,
T100613,V1116,Larsen LLC,Operations,INV-76809,32755.08,2025-10-31 19:21:00,Toni W.,False,
T103101,V1001,Rhodes PLC,Procurement,INV-77213,59297.77,2025-10-31 19:44:00,Kevin L.,False,
T104551,V1069,"Riggs, Roman and Rice",Legal,INV-18030,126042.94,2025-10-31 19:55:00,Stephen C.,False,
T106050,V1035,Dennis Inc,HR,INV-42947,9433.41,2025-11-01 02:35:00,Joanna F.,True,weekend_after_hours
T104207,V1121,Daniels-Perry,Operations,INV-32248,115963.27,2025-11-03 07:46:00,Richard J.,False,
T104811,V1113,Contreras-Travis,Legal,INV-85233,53904.65,2025-11-03 11:42:00,Alexander P.,False,
T101872,V1011,Stanley LLC,HR,INV-88172,38179.33,2025-11-03 12:06:00,Matthew E.,False,
T102569,V1112,Grant Inc,Legal,INV-99128,59087.94,2025-11-03 12:16:00,James H.,False,
T104713,V1060,Powell PLC,Operations,INV-92928,1699.69,2025-11-03 12:21:00,Lori R.,False,
T103742,V1112,Grant Inc,Operations,INV-73040,74170.42,2025-11-03 12:22:00,Joseph T.,False,
T104093,V1073,"Walters, Baker and Freeman",IT,INV-84623,11736.21,2025-11-03 12:31:00,Sonya S.,False,
T102960,V1052,Martin Group,Facilities,INV-10697,80254.34,2025-11-03 12:44:00,Barbara R.,False,
T103093,V1075,Smith and Sons,HR,INV-26899,34727.5,2025-11-03 13:17:00,Lisa C.,False,
T103798,V1088,Johnson and Sons,Legal,INV-10730,124353.12,2025-11-03 13:26:00,Lawrence J.,False,
T104802,V1080,Fleming Ltd,IT,INV-75160,76929.97,2025-11-03 13:33:00,Susan M.,False,
T105929,V1115,"Griffin, Moore and Hensley",HR,INV-59982,18291.76,2025-11-03 13:34:00,Melissa G.,False,
T105830,V1069,"Riggs, Roman and Rice",Facilities,INV-17679,79815.53,2025-11-03 13:43:00,Clinton P.,False,
T104593,V1067,Ibarra-Suarez,Operations,INV-46948,28109.83,2025-11-03 14:08:00,John G.,False,
T105464,V1104,Campbell Ltd,HR,INV-42869,132374.23,2025-11-03 14:45:00,Michelle P.,False,
T104925,V1007,Davis Inc,IT,INV-77182,39296.26,2025-11-03 15:18:00,Mike C.,False,
T104268,V1134,"Williams, Crane and Walker",Facilities,INV-96562,155869.03,2025-11-03 15:30:00,Eric G.,False,
T105088,V1115,"Griffin, Moore and Hensley",Procurement,INV-57517,29355.12,2025-11-03 15:54:00,Aaron H.,False,
T100460,V1115,"Griffin, Moore and Hensley",Legal,INV-92691,29450.62,2025-11-03 16:03:00,Brandon R.,False,
T100284,V1126,Freeman LLC,HR,INV-27892,38221.12,2025-11-03 16:32:00,Dale R.,False,
T105673,V1121,Daniels-Perry,Procurement,INV-68079,18201.19,2025-11-03 16:39:00,Brandon C.,False,
T100707,V1052,Martin Group,HR,INV-16380,63718.18,2025-11-03 18:43:00,David H.,False,
T102127,V1107,Riggs PLC,Facilities,INV-37234,16072.91,2025-11-03 19:05:00,Kayla D.,False,
T105770,V1073,"Walters, Baker and Freeman",Marketing,INV-83359,30604.66,2025-11-04 07:42:00,Dean C.,False,
T103748,V1120,Mccarthy Inc,HR,INV-40783,22401.42,2025-11-04 08:26:00,Theresa M.,False,
T104424,V1034,Allen PLC,HR,INV-61834,51326.77,2025-11-04 10:00:00,Lori C.,False,
T104803,V1069,"Riggs, Roman and Rice",Marketing,INV-18694,99393.24,2025-11-04 10:01:00,Victoria A.,False,
T103649,V1034,Allen PLC,IT,INV-24308,48828.62,2025-11-04 11:15:00,Latoya P.,False,
T102586,V1118,Nelson LLC,Marketing,INV-33224,23931.06,2025-11-04 11:22:00,Robin V.,False,
T103277,V1035,Dennis Inc,Facilities,INV-55624,23111.59,2025-11-04 11:24:00,Katherine B.,False,
T101453,V1062,Donovan-Harris,Procurement,INV-18399,9425.92,2025-11-04 11:27:00,Olivia J.,False,
T104866,V1052,Martin Group,HR,INV-99558,60690.52,2025-11-04 11:53:00,Christopher C.,False,
T103306,V1034,Allen PLC,IT,INV-32336,58721.56,2025-11-04 13:20:00,Robin S.,False,
T102622,V1094,"Lee, Williams and Graham",Marketing,INV-22539,16404.74,2025-11-04 13:39:00,Luke H.,False,
T104557,V1003,"Johnson, Gonzalez and Santos",Operations,INV-93964,6589.79,2025-11-04 14:26:00,Dylan J.,False,
T101255,V1126,Freeman LLC,HR,INV-96136,24772.71,2025-11-04 14:30:00,Joseph M.,False,
T104375,V1009,"Martinez, Nielsen and Miller",Operations,INV-33190,9417.16,2025-11-04 16:23:00,Anthony G.,False,
T104355,V1119,Taylor and Sons,Legal,INV-33506,3656.44,2025-11-04 17:49:00,Mary S.,False,
T102282,V1033,Koch-Decker,Legal,INV-18333,99354.35,2025-11-05 07:19:00,Monica C.,False,
T102873,V1137,Marshall LLC,Legal,INV-44843,10040.2,2025-11-05 08:33:00,Joshua K.,False,
T100464,V1086,Garrison and Sons,Facilities,INV-53694,15695.25,2025-11-05 10:55:00,Matthew L.,False,
T100607,V1088,Johnson and Sons,Marketing,INV-75546,43523.39,2025-11-05 12:32:00,Amanda P.,False,
T100529,V1056,"Higgins, Moore and Phillips",Facilities,INV-81496,141.66,2025-11-05 12:52:00,Brittany C.,False,
T105796,V1012,Delacruz Group,Procurement,INV-65694,20080.55,2025-11-05 13:36:00,Colin L.,False,
T103201,V1073,"Walters, Baker and Freeman",Legal,INV-53970,20179.34,2025-11-05 13:49:00,Dawn C.,False,
T103132,V1121,Daniels-Perry,Marketing,INV-60330,116324.86,2025-11-05 14:06:00,Shane G.,False,
T101402,V1050,Ramos PLC,Legal,INV-25509,184335.47,2025-11-05 14:45:00,Abigail W.,False,
T102208,V1007,Davis Inc,Marketing,INV-77032,41157.91,2025-11-05 15:25:00,Mark M.,False,
T104275,V1080,Fleming Ltd,Legal,INV-57520,35729.14,2025-11-05 15:38:00,Daniel M.,False,
T100175,V1017,Underwood LLC,Facilities,INV-73993,4840.38,2025-11-05 16:57:00,Hannah B.,False,
T101301,V1118,Nelson LLC,Legal,INV-35362,28941.95,2025-11-05 18:12:00,Larry C.,False,
T103834,V1116,Larsen LLC,Legal,INV-90725,52379.6,2025-11-06 07:17:00,Kevin P.,False,
T104808,V1082,Hancock and Sons,IT,INV-71592,1178.37,2025-11-06 09:20:00,Benjamin H.,False,
T105533,V1073,"Walters, Baker and Freeman",Legal,INV-27253,28512.63,2025-11-06 09:46:00,Eric P.,False,
T100259,V1134,"Williams, Crane and Walker",Procurement,INV-21970,124261.71,2025-11-06 10:16:00,Jennifer W.,False,
T100575,V1088,Johnson and Sons,Legal,INV-83874,55272.79,2025-11-06 10:21:00,Drew M.,False,
T102739,V1028,Chavez Ltd,IT,INV-87003,9026.2,2025-11-06 10:36:00,Michael T.,False,
T100786,V1120,Mccarthy Inc,Operations,INV-88067,11157.48,2025-11-06 10:49:00,Stephen B.,False,
T103987,V1052,Martin Group,Facilities,INV-98894,24679.64,2025-11-06 11:25:00,Diana G.,False,
T101859,V1092,Johnson-Carlson,Facilities,INV-76577,24780.76,2025-11-06 11:36:00,Maurice J.,False,
T101250,V1043,"Young, Caldwell and Lewis",HR,INV-49924,99342.13,2025-11-06 11:39:00,Timothy D.,False,
T102455,V1134,"Williams, Crane and Walker",Procurement,INV-16608,70751.68,2025-11-06 11:42:00,Shawn C.,False,
T105463,V1139,Oconnell Inc,HR,INV-40120,188252.08,2025-11-06 11:44:00,Emily D.,False,
T102874,V1034,Allen PLC,IT,INV-58599,135641.44,2025-11-06 12:27:00,Amanda S.,False,
T102119,V1126,Freeman LLC,Procurement,INV-97394,44727.74,2025-11-06 12:32:00,Ashley S.,False,
T104147,V1001,Rhodes PLC,Procurement,INV-28385,41676.47,2025-11-06 12:47:00,Rebecca L.,False,
T100485,V1033,Koch-Decker,Legal,INV-42768,82700.14,2025-11-06 13:08:00,Eric C.,False,
T104750,V1134,"Williams, Crane and Walker",Procurement,INV-52319,38418.67,2025-11-06 13:30:00,Samantha A.,False,
T105014,V1112,Grant Inc,IT,INV-36510,30565.36,2025-11-06 13:31:00,Kevin S.,False,
T104613,V1052,Martin Group,Operations,INV-36222,58312.25,2025-11-06 13:56:00,Kristin C.,False,
T103775,V1011,Stanley LLC,Facilities,INV-22524,56182.08,2025-11-06 13:58:00,Stephanie O.,False,
T105783,V1139,Oconnell Inc,Marketing,INV-93840,113426.28,2025-11-06 13:59:00,Scott H.,False,
T103151,V1051,"Kidd, Huff and Novak",Facilities,INV-66181,22592.98,2025-11-06 14:09:00,Erica T.,False,
T101715,V1011,Stanley LLC,Marketing,INV-81071,108785.77,2025-11-06 14:21:00,Catherine R.,False,
T103759,V1028,Chavez Ltd,Procurement,INV-12767,6264.89,2025-11-06 15:34:00,Marco S.,False,
T104769,V1055,Horton-Cross,Procurement,INV-67422,66853.15,2025-11-06 15:36:00,Luis W.,False,
T103955,V1134,"Williams, Crane and Walker",Legal,INV-69017,58452.25,2025-11-06 15:51:00,Virginia G.,False,
T100730,V1039,"Santos, Kim and Holmes",Procurement,INV-19539,2200.77,2025-11-06 17:38:00,Adriana G.,False,
T101124,V1001,Rhodes PLC,Procurement,INV-34633,41649.55,2025-11-06 18:41:00,Sherry T.,False,
T102445,V1113,Contreras-Travis,Procurement,INV-64523,24836.46,2025-11-07 07:31:00,Christine B.,False,
T101470,V1052,Martin Group,Marketing,INV-62947,113965.27,2025-11-07 08:12:00,Christine R.,False,
T104585,V1139,Oconnell Inc,Marketing,INV-66735,68839.95,2025-11-07 09:46:00,Brendan T.,False,
T104831,V1115,"Griffin, Moore and Hensley",IT,INV-26309,65348.23,2025-11-07 10:04:00,Melissa F.,False,
T101423,V1088,Johnson and Sons,Facilities,INV-72373,37637.1,2025-11-07 10:06:00,Robert R.,False,
T100414,V1051,"Kidd, Huff and Novak",Marketing,INV-45804,21517.89,2025-11-07 10:28:00,Renee V.,False,
T103545,V1025,James-Ferrell,Legal,INV-13861,28841.18,2025-11-07 10:40:00,Shawn W.,False,
T104011,V1139,Oconnell Inc,Procurement,INV-22711,160016.35,2025-11-07 10:54:00,Danny B.,False,
T101342,V1117,"Washington, Allen and Gonzales",IT,INV-67367,327.89,2025-11-07 11:05:00,Adrian K.,False,
T103777,V1053,Barrera-Martin,IT,INV-52431,23262.67,2025-11-07 11:54:00,George R.,False,
T101523,V1034,Allen PLC,Operations,INV-85483,29512.1,2025-11-07 12:12:00,Raymond C.,False,
T104865,V1050,Ramos PLC,IT,INV-28941,113020.72,2025-11-07 13:13:00,Susan O.,False,
T102886,V1127,Price Ltd,Marketing,INV-90293,7556.24,2025-11-07 13:31:00,Lisa F.,False,
T100325,V1075,Smith and Sons,Marketing,INV-47512,25220.56,2025-11-07 14:47:00,Keith S.,False,
T105344,V1012,Delacruz Group,Procurement,INV-76505,42266.1,2025-11-07 14:52:00,Corey C.,False,
T102768,V1051,"Kidd, Huff and Novak",Facilities,INV-48554,32522.56,2025-11-07 15:06:00,Carolyn M.,False,
T101414,V1067,Ibarra-Suarez,Legal,INV-73133,17015.16,2025-11-07 15:30:00,Brittney W.,False,
T100143,V1011,Stanley LLC,IT,INV-70946,90597.46,2025-11-07 15:41:00,Tammy R.,False,
T103226,V1107,Riggs PLC,Facilities,INV-84304,37169.9,2025-11-07 16:04:00,Elizabeth B.,False,
T105712,V1050,Ramos PLC,Facilities,INV-67603,78948.14,2025-11-07 16:25:00,Daniel C.,False,
T103533,V1050,Ramos PLC,Facilities,INV-85502,53679.9,2025-11-07 16:42:00,Robin B.,False,
T101626,V1055,Horton-Cross,Procurement,INV-11715,46464.02,2025-11-07 18:45:00,Tammy C.,False,
T101240,V1134,"Williams, Crane and Walker",Procurement,INV-94331,63703.55,2025-11-10 09:03:00,Catherine H.,False,
T103462,V1080,Fleming Ltd,Marketing,INV-69641,58604.33,2025-11-10 09:07:00,David A.,False,
T101726,V1104,Campbell Ltd,IT,INV-89377,41198.26,2025-11-10 09:39:00,Catherine T.,False,
T102747,V1129,"Ferguson, Meadows and Vargas",Legal,INV-32954,2588.08,2025-11-10 10:52:00,Jennifer P.,False,
T105865,V1069,"Riggs, Roman and Rice",Marketing,INV-13637,119672.74,2025-11-10 11:04:00,Marie B.,False,
T105495,V1053,Barrera-Martin,Facilities,INV-93663,32387.84,2025-11-10 12:18:00,Ethan S.,False,
T102007,V1127,Price Ltd,Legal,INV-30677,35233.24,2025-11-10 12:24:00,James S.,False,
T101750,V1055,Horton-Cross,Procurement,INV-77760,125194.74,2025-11-10 12:58:00,Amanda C.,False,
T103578,V1086,Garrison and Sons,Procurement,INV-82276,10070.54,2025-11-10 12:59:00,Karina G.,False,
T101727,V1011,Stanley LLC,Operations,INV-40432,51896.41,2025-11-10 13:14:00,Rachel G.,False,
T103543,V1018,Clark PLC,Procurement,INV-14904,1839.63,2025-11-10 13:16:00,Paul H.,False,
T104932,V1011,Stanley LLC,IT,INV-91496,100087.45,2025-11-10 13:29:00,Derrick R.,False,
T100559,V1011,Stanley LLC,Procurement,INV-18617,89395.94,2025-11-10 13:56:00,Stephen A.,False,
T104543,V1011,Stanley LLC,Procurement,INV-28181,82022.9,2025-11-10 14:07:00,Brandon S.,False,
T100547,V1126,Freeman LLC,HR,INV-74382,23755.74,2025-11-10 14:18:00,Kathleen R.,False,
T106081,V9999,Meridian Consulting Partners LLC,Operations,INV-47252,8045.56,2025-11-10 14:44:00,Marcus T.,True,fabricated_invoice_benford
T101062,V1134,"Williams, Crane and Walker",HR,INV-84127,75447.45,2025-11-10 15:14:00,John M.,False,
T103994,V1113,Contreras-Travis,HR,INV-89864,32135.87,2025-11-10 15:18:00,Stacy M.,False,
T104326,V1094,"Lee, Williams and Graham",Legal,INV-67534,10880.24,2025-11-10 15:30:00,Ronald D.,False,
T101881,V1011,Stanley LLC,Marketing,INV-26718,96118.71,2025-11-10 15:32:00,Kara C.,False,
T104821,V1034,Allen PLC,Legal,INV-28255,85370.04,2025-11-10 15:56:00,Kristin G.,False,
T102043,V1033,Koch-Decker,Facilities,INV-85775,84902.27,2025-11-10 15:57:00,Dawn J.,False,
T101741,V1007,Davis Inc,Operations,INV-87831,119523.44,2025-11-10 16:47:00,Renee M.,False,
T104383,V1067,Ibarra-Suarez,IT,INV-69594,34726.35,2025-11-10 16:58:00,Douglas J.,False,
T103113,V1043,"Young, Caldwell and Lewis",IT,INV-17505,99502.05,2025-11-10 17:18:00,Darren B.,False,
T105785,V1050,Ramos PLC,Procurement,INV-44818,24518.97,2025-11-10 18:27:00,Jacob S.,False,
T102265,V1104,Campbell Ltd,Legal,INV-66849,26002.53,2025-11-11 07:54:00,Joseph M.,False,
T101076,V1034,Allen PLC,Marketing,INV-14062,98796.92,2025-11-11 07:57:00,Tyler D.,False,
T101384,V1120,Mccarthy Inc,Facilities,INV-77388,22989.03,2025-11-11 09:43:00,Marvin H.,False,
T104096,V1012,Delacruz Group,Marketing,INV-10064,23940.89,2025-11-11 09:48:00,Mark H.,False,
T105794,V1112,Grant Inc,Marketing,INV-28017,32650.83,2025-11-11 10:02:00,Maria P.,False,
T101462,V1034,Allen PLC,HR,INV-14726,61909.75,2025-11-11 10:10:00,Timothy F.,False,
T105017,V1108,Gibson Ltd,IT,INV-10358,653.16,2025-11-11 10:23:00,Russell W.,False,
T105151,V1075,Smith and Sons,Legal,INV-79457,13420.41,2025-11-11 10:36:00,Sarah D.,False,
T100402,V1127,Price Ltd,HR,INV-82972,20515.89,2025-11-11 10:43:00,Erika H.,False,
T102681,V1043,"Young, Caldwell and Lewis",Facilities,INV-76665,52288.42,2025-11-11 11:04:00,Cathy L.,False,
T104852,V1051,"Kidd, Huff and Novak",Legal,INV-73734,16662.66,2025-11-11 11:17:00,Stephanie B.,False,
T101024,V1118,Nelson LLC,Operations,INV-42215,56783.54,2025-11-11 11:39:00,Michael L.,False,
T103870,V1012,Delacruz Group,Procurement,INV-53603,45785.46,2025-11-11 11:47:00,Caleb H.,False,
T100705,V1120,Mccarthy Inc,Procurement,INV-41544,44199.99,2025-11-11 11:49:00,Tamara B.,False,
T105975,V1134,"Williams, Crane and Walker",IT,INV-14015,97123.82,2025-11-11 12:04:00,Paul S.,False,
T100675,V1088,Johnson and Sons,Facilities,INV-27507,122070.07,2025-11-11 12:14:00,Spencer Z.,False,
T100534,V1075,Smith and Sons,IT,INV-93816,19422.52,2025-11-11 12:27:00,Stacy W.,False,
T100572,V1051,"Kidd, Huff and Novak",Procurement,INV-75873,47443.08,2025-11-11 12:34:00,David D.,False,
T101456,V1073,"Walters, Baker and Freeman",Operations,INV-47548,45856.0,2025-11-11 12:41:00,Dale P.,False,
T104218,V1121,Daniels-Perry,Facilities,INV-39651,133791.45,2025-11-11 13:06:00,Bradley D.,False,
T101183,V1055,Horton-Cross,HR,INV-66283,39938.26,2025-11-11 13:27:00,Michael V.,False,
T101424,V1033,Koch-Decker,Procurement,INV-79655,77226.92,2025-11-11 13:38:00,William W.,False,
T105548,V1088,Johnson and Sons,Procurement,INV-20876,40603.87,2025-11-11 14:58:00,Breanna S.,False,
T103737,V1050,Ramos PLC,HR,INV-86532,55957.9,2025-11-11 15:24:00,Joseph M.,False,
T105967,V1034,Allen PLC,IT,INV-83622,115722.5,2025-11-11 16:00:00,Gina H.,False,
T105846,V1043,"Young, Caldwell and Lewis",Marketing,INV-75208,69744.31,2025-11-11 16:27:00,Lauren C.,False,
T104319,V1062,Donovan-Harris,Procurement,INV-52445,32520.13,2025-11-11 16:36:00,James F.,False,
T103962,V1126,Freeman LLC,Legal,INV-69636,25537.43,2025-11-11 16:46:00,Dennis G.,False,
T106134,V1065,Ellis PLC,Operations,INV-26706,39257.37,2025-11-11 17:18:00,Claire B.,True,statistical_outlier
T104353,V1139,Oconnell Inc,Operations,INV-64225,52918.79,2025-11-11 18:04:00,Regina J.,False,
T105476,V1127,Price Ltd,HR,INV-92289,17651.5,2025-11-11 19:04:00,Caitlin B.,False,
T100449,V1050,Ramos PLC,Operations,INV-60394,104045.86,2025-11-11 19:38:00,Dawn G.,False,
T102654,V1120,Mccarthy Inc,Marketing,INV-53072,12583.93,2025-11-12 07:19:00,Stephanie M.,False,
T101920,V1003,"Johnson, Gonzalez and Santos",IT,INV-43679,7335.93,2025-11-12 08:17:00,Joseph L.,False,
T101848,V1127,Price Ltd,IT,INV-53559,28310.14,2025-11-12 08:22:00,Alec F.,False,
T106015,V1118,Nelson LLC,Marketing,INV-29168,142742.0,2025-11-12 09:07:00,Stephanie G.,True,duplicate_payment
T103513,V1118,Nelson LLC,Marketing,INV-29168,142742.0,2025-11-12 09:07:00,Stephanie G.,False,
T102026,V1009,"Martinez, Nielsen and Miller",Legal,INV-69394,13192.65,2025-11-12 10:51:00,Justin S.,False,
T101293,V1134,"Williams, Crane and Walker",HR,INV-83647,110948.56,2025-11-12 10:55:00,Ashley K.,False,
T101878,V1076,Martin-Ramos,Marketing,INV-35646,14003.28,2025-11-12 11:36:00,Gary D.,False,
T100931,V1076,Martin-Ramos,Marketing,INV-38474,49876.38,2025-11-12 11:43:00,Brittany P.,False,
T101631,V1055,Horton-Cross,Operations,INV-15328,28276.48,2025-11-12 12:17:00,Amy M.,False,
T105531,V1038,"Campos, Vaughn and Marquez",Procurement,INV-87559,14425.88,2025-11-12 12:33:00,Charles D.,False,
T103588,V1034,Allen PLC,IT,INV-56109,90860.93,2025-11-12 12:57:00,Steven M.,False,
T100758,V1114,Salazar-Ball,Marketing,INV-96413,6795.66,2025-11-12 12:58:00,Jane S.,False,
T100951,V1139,Oconnell Inc,IT,INV-20957,95066.31,2025-11-12 13:09:00,Ariel B.,False,
T104882,V1073,"Walters, Baker and Freeman",Operations,INV-16562,34861.3,2025-11-12 13:44:00,Craig B.,False,
T102801,V1007,Davis Inc,Procurement,INV-50481,40882.59,2025-11-12 13:48:00,Erica W.,False,
T101854,V1112,Grant Inc,IT,INV-61390,70509.64,2025-11-12 14:16:00,Frank L.,False,
T104939,V1054,Baker-Bowers,IT,INV-61694,8538.64,2025-11-12 14:24:00,Hailey M.,False,
T102676,V1134,"Williams, Crane and Walker",Facilities,INV-80184,44148.35,2025-11-12 14:37:00,Daniel M.,False,
T104814,V1121,Daniels-Perry,Procurement,INV-42976,16010.15,2025-11-12 14:40:00,Andre S.,False,
T106105,V9999,Meridian Consulting Partners LLC,Operations,INV-10851,6793.78,2025-11-12 14:59:00,Marcus T.,True,fabricated_invoice_benford
T101799,V1106,Walker-Gonzalez,Marketing,INV-15962,1730.64,2025-11-12 15:26:00,Erin M.,False,
T104949,V1053,Barrera-Martin,IT,INV-71463,39249.5,2025-11-12 15:46:00,Tyler A.,False,
T103794,V1120,Mccarthy Inc,Marketing,INV-78603,22535.63,2025-11-12 17:53:00,Kelly R.,False,
T101354,V1050,Ramos PLC,IT,INV-35470,95090.64,2025-11-12 17:53:00,Donald J.,False,
T103982,V1107,Riggs PLC,Operations,INV-41949,33287.49,2025-11-12 18:32:00,Adam H.,False,
T100863,V1050,Ramos PLC,Legal,INV-98288,45709.18,2025-11-13 08:11:00,Debra W.,False,
T100429,V1053,Barrera-Martin,Legal,INV-57428,142100.54,2025-11-13 09:29:00,John M.,False,
T102338,V1035,Dennis Inc,Facilities,INV-58449,21866.04,2025-11-13 10:28:00,Gina C.,False,
T103537,V1088,Johnson and Sons,Marketing,INV-18856,59625.55,2025-11-13 10:53:00,Mark H.,False,
T100304,V1034,Allen PLC,Facilities,INV-92727,89091.6,2025-11-13 11:04:00,Eric W.,False,
T103383,V1055,Horton-Cross,Procurement,INV-39362,33049.33,2025-11-13 12:06:00,Jeremiah N.,False,
T103055,V1112,Grant Inc,HR,INV-77009,87595.02,2025-11-13 12:09:00,Jonathan A.,False,
T104339,V1011,Stanley LLC,Marketing,INV-87471,84185.89,2025-11-13 12:28:00,Cynthia G.,False,
T105823,V1001,Rhodes PLC,Facilities,INV-86253,90856.73,2025-11-13 12:51:00,Kim J.,False,
T100015,V1069,"Riggs, Roman and Rice",Legal,INV-57400,77660.2,2025-11-13 12:56:00,Gregory B.,False,
T101993,V1052,Martin Group,Facilities,INV-95037,54151.31,2025-11-13 13:02:00,Claire G.,False,
T100579,V1104,Campbell Ltd,Procurement,INV-75278,20057.52,2025-11-13 13:40:00,Eduardo B.,False,
T102483,V1012,Delacruz Group,Marketing,INV-55252,30560.78,2025-11-13 13:41:00,Kevin B.,False,
T103194,V1121,Daniels-Perry,Facilities,INV-61418,31158.95,2025-11-13 14:03:00,Nancy K.,False,
T104025,V1002,Johnson-Davis,Facilities,INV-89915,12516.0,2025-11-13 14:14:00,Bryan S.,False,
T105261,V1052,Martin Group,IT,INV-32396,50238.42,2025-11-13 14:43:00,Steven W.,False,
T104314,V1134,"Williams, Crane and Walker",Procurement,INV-36033,108029.14,2025-11-13 14:44:00,Danielle L.,False,
T104540,V1052,Martin Group,Facilities,INV-86382,99591.06,2025-11-13 15:04:00,Alec B.,False,
T105966,V1120,Mccarthy Inc,Procurement,INV-78523,73140.96,2025-11-13 15:30:00,Ashley H.,False,
T105356,V1136,"Hernandez, Martinez and Caldwell",Legal,INV-35487,1889.67,2025-11-13 15:50:00,Robin E.,False,
T104592,V1069,"Riggs, Roman and Rice",Operations,INV-25970,97657.71,2025-11-13 16:27:00,Antonio F.,False,
T100412,V1139,Oconnell Inc,HR,INV-20693,109370.29,2025-11-13 17:03:00,Shannon P.,False,
T100240,V1114,Salazar-Ball,Legal,INV-78494,7809.33,2025-11-13 18:14:00,Lisa H.,False,
T101490,V1069,"Riggs, Roman and Rice",Facilities,INV-23983,99160.1,2025-11-13 19:22:00,Pamela H.,False,
T102641,V1086,Garrison and Sons,Facilities,INV-41870,15620.94,2025-11-14 07:28:00,Joan S.,False,
T101687,V1073,"Walters, Baker and Freeman",Facilities,INV-47707,19201.21,2025-11-14 07:59:00,Tanya S.,False,
T100088,V1011,Stanley LLC,Marketing,INV-96163,39380.57,2025-11-14 08:05:00,Jessica M.,False,
T103428,V1101,Torres and Sons,HR,INV-63026,4141.75,2025-11-14 09:44:00,Brian C.,False,
T101494,V1052,Martin Group,Marketing,INV-85303,62890.22,2025-11-14 10:20:00,Martin S.,False,
T102080,V1069,"Riggs, Roman and Rice",Legal,INV-98251,210663.51,2025-11-14 10:23:00,John O.,False,
T101774,V1069,"Riggs, Roman and Rice",Operations,INV-37215,272363.02,2025-11-14 10:40:00,Alex J.,False,
T105060,V1069,"Riggs, Roman and Rice",Legal,INV-21327,177959.53,2025-11-14 10:51:00,Nathan M.,False,
T101863,V1093,Graham-Joyce,Operations,INV-30843,8457.09,2025-11-14 11:15:00,Tiffany M.,False,
T100621,V1035,Dennis Inc,Legal,INV-59832,28618.68,2025-11-14 11:49:00,Dwayne W.,False,
T104888,V1053,Barrera-Martin,Operations,INV-95802,75909.79,2025-11-14 12:03:00,John C.,False,
T101362,V1055,Horton-Cross,Facilities,INV-51652,19441.94,2025-11-14 12:04:00,Michael E.,False,
T100313,V1116,Larsen LLC,Facilities,INV-75230,15388.59,2025-11-14 12:43:00,Brian H.,False,
T104611,V1003,"Johnson, Gonzalez and Santos",Operations,INV-29152,16333.8,2025-11-14 13:30:00,Katie D.,False,
T101101,V1126,Freeman LLC,Procurement,INV-68856,24332.25,2025-11-14 14:09:00,Kimberly O.,False,
T104026,V1050,Ramos PLC,Procurement,INV-88586,98013.18,2025-11-14 14:32:00,Brett R.,False,
T105305,V1112,Grant Inc,Facilities,INV-61348,41074.15,2025-11-14 14:43:00,Chelsea M.,False,
T102803,V1001,Rhodes PLC,Procurement,INV-28029,150986.1,2025-11-14 15:05:00,Tiffany F.,False,
T101614,V1055,Horton-Cross,IT,INV-18302,97149.81,2025-11-14 15:15:00,Jennifer B.,False,
T104563,V1139,Oconnell Inc,Legal,INV-66373,172363.14,2025-11-14 15:48:00,Nicholas R.,False,
T100243,V1043,"Young, Caldwell and Lewis",Operations,INV-23006,22139.08,2025-11-14 16:03:00,Tracey H.,False,
T101172,V1052,Martin Group,Marketing,INV-35499,46188.61,2025-11-14 18:04:00,Lindsey R.,False,
T102567,V1052,Martin Group,HR,INV-31939,60350.75,2025-11-14 18:18:00,Chelsea T.,False,
T101188,V1002,Johnson-Davis,Facilities,INV-39657,19527.77,2025-11-17 07:46:00,Amber T.,False,
T100163,V1067,Ibarra-Suarez,IT,INV-67654,10524.16,2025-11-17 09:15:00,Ryan S.,False,
T102592,V1112,Grant Inc,Legal,INV-38986,49101.39,2025-11-17 09:19:00,Tyler M.,False,
T103114,V1025,James-Ferrell,Procurement,INV-56593,29353.64,2025-11-17 09:52:00,Joanne W.,False,
T102623,V1063,Baker and Sons,Operations,INV-26361,1272.99,2025-11-17 10:28:00,Wesley H.,False,
T100273,V1104,Campbell Ltd,Legal,INV-16764,62706.89,2025-11-17 11:28:00,Jonathan M.,False,
T103861,V1087,Bailey-Hoover,Operations,INV-13988,17172.13,2025-11-17 12:03:00,Heather D.,False,
T104029,V1050,Ramos PLC,HR,INV-21923,182045.65,2025-11-17 12:30:00,Patty W.,False,
T100251,V1134,"Williams, Crane and Walker",HR,INV-35928,118550.51,2025-11-17 12:37:00,Shane C.,False,
T105821,V1055,Horton-Cross,IT,INV-81554,169029.7,2025-11-17 13:24:00,Tara B.,False,
T101798,V1118,Nelson LLC,Procurement,INV-37175,53901.41,2025-11-17 13:50:00,Matthew R.,False,
T103807,V1134,"Williams, Crane and Walker",Operations,INV-73857,74409.13,2025-11-17 13:51:00,Lisa P.,False,
T101636,V1050,Ramos PLC,Operations,INV-83156,82917.84,2025-11-17 14:11:00,Christina K.,False,
T104541,V1050,Ramos PLC,Marketing,INV-92706,26746.69,2025-11-17 14:55:00,Thomas S.,False,
T101085,V1001,Rhodes PLC,Marketing,INV-36171,50723.09,2025-11-17 16:38:00,Susan J.,False,
T101565,V1080,Fleming Ltd,Operations,INV-90375,56433.25,2025-11-17 17:15:00,Charles R.,False,
T104795,V1075,Smith and Sons,Facilities,INV-44402,11460.66,2025-11-17 17:23:00,Kimberly M.,False,
T106098,V9999,Meridian Consulting Partners LLC,Operations,INV-96703,7183.59,2025-11-18 09:11:00,Marcus T.,True,fabricated_invoice_benford
T103484,V1139,Oconnell Inc,Operations,INV-34034,84736.99,2025-11-18 09:29:00,Shannon Y.,False,
T104656,V1007,Davis Inc,Operations,INV-46885,57643.48,2025-11-18 09:47:00,Diane W.,False,
T105435,V1030,Harrell LLC,IT,INV-78082,17933.07,2025-11-18 10:12:00,Joshua P.,False,
T105184,V1050,Ramos PLC,Procurement,INV-97464,99894.43,2025-11-18 10:36:00,Rachel M.,False,
T103135,V1127,Price Ltd,Procurement,INV-11231,23779.38,2025-11-18 10:38:00,William M.,False,
T104446,V1119,Taylor and Sons,IT,INV-96246,3454.58,2025-11-18 11:12:00,Brandon H.,False,
T102143,V1001,Rhodes PLC,Marketing,INV-25674,37199.66,2025-11-18 11:43:00,Dennis M.,False,
T103314,V1134,"Williams, Crane and Walker",IT,INV-82470,92689.8,2025-11-18 11:58:00,John C.,False,
T100442,V1069,"Riggs, Roman and Rice",Facilities,INV-67640,57106.65,2025-11-18 12:20:00,Bradley H.,False,
T103825,V1092,Johnson-Carlson,Facilities,INV-45989,13449.51,2025-11-18 13:00:00,Andrew L.,False,
T102317,V1118,Nelson LLC,IT,INV-85472,23861.77,2025-11-18 13:19:00,Tony J.,False,
T100580,V1034,Allen PLC,IT,INV-94136,101974.07,2025-11-18 13:34:00,Donald V.,False,
T101810,V1115,"Griffin, Moore and Hensley",Legal,INV-80381,50077.33,2025-11-18 14:29:00,Jeffery B.,False,
T103141,V1043,"Young, Caldwell and Lewis",Procurement,INV-12779,97841.7,2025-11-18 14:34:00,Denise W.,False,
T102377,V1134,"Williams, Crane and Walker",Operations,INV-96246,63509.67,2025-11-18 15:17:00,Tyrone S.,False,
T102941,V1088,Johnson and Sons,Marketing,INV-42112,36145.79,2025-11-18 15:46:00,Samantha T.,False,
T100930,V1088,Johnson and Sons,Facilities,INV-63963,51972.65,2025-11-18 16:47:00,Lauren S.,False,
T103227,V1053,Barrera-Martin,Procurement,INV-11958,41550.91,2025-11-18 18:31:00,Ashley T.,False,
T105514,V1134,"Williams, Crane and Walker",Procurement,INV-98529,73741.52,2025-11-18 18:39:00,Monica L.,False,
T102016,V1002,Johnson-Davis,Legal,INV-49478,12640.59,2025-11-18 18:52:00,Carol M.,False,
T104815,V1035,Dennis Inc,IT,INV-47872,33184.63,2025-11-19 07:17:00,Benjamin H.,False,
T105396,V1104,Campbell Ltd,Facilities,INV-86344,29763.13,2025-11-19 08:33:00,Anna R.,False,
T102678,V1112,Grant Inc,IT,INV-26575,28023.52,2025-11-19 09:50:00,Darryl J.,False,
T105467,V1007,Davis Inc,HR,INV-21011,78228.97,2025-11-19 10:04:00,Jesse P.,False,
T101203,V1028,Chavez Ltd,IT,INV-65164,4623.16,2025-11-19 11:00:00,Danielle F.,False,
T101514,V1050,Ramos PLC,Operations,INV-51383,87559.19,2025-11-19 11:33:00,Angela R.,False,
T103665,V1050,Ramos PLC,HR,INV-64798,75965.06,2025-11-19 11:35:00,Frank G.,False,
T101981,V1043,"Young, Caldwell and Lewis",IT,INV-73766,144851.52,2025-11-19 11:44:00,Christine F.,False,
T103082,V1070,"Evans, Alvarado and Mcmillan",Operations,INV-25775,9461.19,2025-11-19 11:47:00,Robert M.,False,
T102533,V1012,Delacruz Group,Legal,INV-50481,21509.27,2025-11-19 11:50:00,Heather S.,False,
T103642,V1094,"Lee, Williams and Graham",Facilities,INV-90995,34521.08,2025-11-19 12:11:00,Devin J.,False,
T101336,V1043,"Young, Caldwell and Lewis",Marketing,INV-51471,44140.12,2025-11-19 12:25:00,Sherry M.,False,
T103061,V1121,Daniels-Perry,Facilities,INV-40065,66559.05,2025-11-19 12:40:00,Laurie F.,False,
T102428,V1054,Baker-Bowers,HR,INV-66595,4530.92,2025-11-19 12:54:00,Patrick S.,False,
T105815,V1113,Contreras-Travis,Operations,INV-80915,20760.12,2025-11-19 13:02:00,Dorothy C.,False,
T101587,V1116,Larsen LLC,Procurement,INV-82034,14544.39,2025-11-19 14:46:00,Dawn S.,False,
T105229,V1069,"Riggs, Roman and Rice",Operations,INV-13387,86199.57,2025-11-19 15:47:00,Gregory Y.,False,
T103090,V1011,Stanley LLC,Procurement,INV-67163,88144.91,2025-11-19 17:45:00,Jennifer T.,False,
T105749,V1127,Price Ltd,HR,INV-92283,20106.97,2025-11-19 17:51:00,Kimberly J.,False,
T105943,V1055,Horton-Cross,HR,INV-83152,61618.92,2025-11-20 07:38:00,Bradley S.,False,
T101279,V1134,"Williams, Crane and Walker",Facilities,INV-37487,101416.76,2025-11-20 11:13:00,Brooke F.,False,
T105016,V1116,Larsen LLC,HR,INV-54952,14342.73,2025-11-20 12:23:00,Barbara B.,False,
T100890,V1126,Freeman LLC,Facilities,INV-90760,19068.57,2025-11-20 12:27:00,Gabriel S.,False,
T102794,V1067,Ibarra-Suarez,Marketing,INV-98853,53867.35,2025-11-20 12:44:00,Jeremiah R.,False,
T103862,V1050,Ramos PLC,Marketing,INV-32776,123589.21,2025-11-20 13:29:00,Brittany C.,False,
T100901,V1115,"Griffin, Moore and Hensley",HR,INV-64293,59908.41,2025-11-20 14:17:00,Kenneth K.,False,
T105544,V1007,Davis Inc,HR,INV-87112,26994.53,2025-11-20 14:21:00,Richard C.,False,
T104601,V1113,Contreras-Travis,Facilities,INV-87704,74103.63,2025-11-20 14:36:00,James T.,False,
T102845,V1139,Oconnell Inc,HR,INV-13703,203445.68,2025-11-20 14:45:00,David R.,False,
T101529,V1119,Taylor and Sons,Operations,INV-63054,10512.32,2025-11-20 15:39:00,Angela R.,False,
T105981,V1134,"Williams, Crane and Walker",Operations,INV-83278,65885.9,2025-11-20 16:33:00,Courtney C.,False,
T100380,V1001,Rhodes PLC,Operations,INV-52622,41123.48,2025-11-21 08:37:00,Jacqueline V.,False,
T102817,V1139,Oconnell Inc,Facilities,INV-26457,111664.99,2025-11-21 09:09:00,Sherri J.,False,
T102559,V1134,"Williams, Crane and Walker",Procurement,INV-45279,193134.16,2025-11-21 09:14:00,Bethany B.,False,
T100147,V1043,"Young, Caldwell and Lewis",IT,INV-22240,107408.97,2025-11-21 09:39:00,Monica B.,False,
T102981,V1134,"Williams, Crane and Walker",HR,INV-35248,99496.06,2025-11-21 09:44:00,Sarah W.,False,
T100954,V1134,"Williams, Crane and Walker",Legal,INV-95175,60817.32,2025-11-21 10:48:00,Amy R.,False,
T102271,V1034,Allen PLC,Legal,INV-64059,63301.86,2025-11-21 11:13:00,William L.,False,
T103728,V1033,Koch-Decker,Procurement,INV-42232,63998.89,2025-11-21 11:40:00,Karen L.,False,
T101258,V1050,Ramos PLC,IT,INV-81786,41275.96,2025-11-21 11:51:00,Bradley G.,False,
T100788,V1033,Koch-Decker,Legal,INV-69054,103936.41,2025-11-21 12:17:00,Roberta H.,False,
T101591,V1002,Johnson-Davis,IT,INV-11974,25537.78,2025-11-21 12:27:00,Jonathan R.,False,
T103119,V1001,Rhodes PLC,Operations,INV-37021,42898.04,2025-11-21 12:38:00,Curtis A.,False,
T104250,V1087,Bailey-Hoover,Operations,INV-39656,7685.65,2025-11-21 12:54:00,Geoffrey P.,False,
T103009,V1089,Lin-Rasmussen,Procurement,INV-41462,2058.83,2025-11-21 13:05:00,Matthew M.,False,
T104610,V1139,Oconnell Inc,IT,INV-56683,116682.93,2025-11-21 14:00:00,Rita J.,False,
T105557,V1034,Allen PLC,Marketing,INV-82816,118595.4,2025-11-21 14:40:00,Michael J.,False,
T101664,V1025,James-Ferrell,HR,INV-60133,13438.96,2025-11-21 14:49:00,Lisa R.,False,
T103274,V1120,Mccarthy Inc,HR,INV-85809,26710.97,2025-11-21 15:28:00,Kyle B.,False,
T106065,V1052,Martin Group,Marketing,INV-91393,10000.0,2025-11-21 16:01:00,Nicole M.,True,round_dollar
T104062,V1120,Mccarthy Inc,Marketing,INV-67653,47823.51,2025-11-21 16:19:00,James O.,False,
T101299,V1093,Graham-Joyce,HR,INV-94886,2220.8,2025-11-21 18:45:00,Joseph W.,False,
T106005,V1033,Koch-Decker,Procurement,INV-42232,63998.89,2025-11-23 11:40:00,Karen L.,True,duplicate_payment
T100001,V1139,Oconnell Inc,Procurement,INV-46048,81530.1,2025-11-24 07:07:00,Sarah J.,False,
T100853,V1104,Campbell Ltd,Marketing,INV-61849,23546.54,2025-11-24 07:42:00,Dustin J.,False,
T100674,V1127,Price Ltd,IT,INV-58174,51413.95,2025-11-24 07:58:00,Susan M.,False,
T104704,V1074,Davis Group,Marketing,INV-32801,8723.42,2025-11-24 10:22:00,Jared C.,False,
T105869,V1069,"Riggs, Roman and Rice",Procurement,INV-10802,125806.92,2025-11-24 10:24:00,Travis B.,False,
T101552,V1050,Ramos PLC,IT,INV-55504,96568.57,2025-11-24 10:34:00,Laura H.,False,
T101528,V1113,Contreras-Travis,IT,INV-65288,30982.25,2025-11-24 10:51:00,Lee D.,False,
T100664,V1115,"Griffin, Moore and Hensley",Marketing,INV-66059,56150.6,2025-11-24 11:57:00,Sean A.,False,
T104413,V1121,Daniels-Perry,Procurement,INV-15928,39454.66,2025-11-24 12:39:00,Sandra W.,False,
T105800,V1115,"Griffin, Moore and Hensley",Facilities,INV-36813,50883.77,2025-11-24 12:52:00,Michael P.,False,
T104306,V1120,Mccarthy Inc,IT,INV-91500,19025.44,2025-11-24 13:25:00,Jessica B.,False,
T100861,V1069,"Riggs, Roman and Rice",Operations,INV-60939,31255.24,2025-11-24 14:20:00,Michelle A.,False,
T101458,V1007,Davis Inc,Marketing,INV-11403,39931.36,2025-11-24 14:31:00,Samuel C.,False,
T100565,V1009,"Martinez, Nielsen and Miller",Facilities,INV-26912,8898.84,2025-11-24 14:37:00,Joseph D.,False,
T104725,V1112,Grant Inc,Marketing,INV-30408,101717.75,2025-11-24 14:41:00,Brian H.,False,
T105309,V1050,Ramos PLC,Operations,INV-47596,48009.57,2025-11-24 14:49:00,Luis C.,False,
T102650,V1107,Riggs PLC,Facilities,INV-18965,5624.2,2025-11-24 15:58:00,Kirk M.,False,
T102799,V1134,"Williams, Crane and Walker",Facilities,INV-75984,86948.72,2025-11-24 16:47:00,Emily P.,False,
T100502,V1001,Rhodes PLC,Operations,INV-69914,33178.05,2025-11-24 16:50:00,Kevin M.,False,
T101199,V1034,Allen PLC,Legal,INV-80088,136896.96,2025-11-24 18:16:00,Janet B.,False,
T102838,V1033,Koch-Decker,Procurement,INV-63580,40930.7,2025-11-25 09:37:00,Angela R.,False,
T101319,V1000,"Rodriguez, Figueroa and Sanchez",Operations,INV-41958,780.95,2025-11-25 10:39:00,Steven S.,False,
T102316,V1112,Grant Inc,Procurement,INV-62515,179655.71,2025-11-25 11:08:00,Michelle N.,False,
T101239,V1112,Grant Inc,Facilities,INV-83183,63537.0,2025-11-25 11:24:00,Ryan V.,False,
T103893,V1033,Koch-Decker,Marketing,INV-92709,112509.25,2025-11-25 11:33:00,Jason A.,False,
T103382,V1091,Wilson LLC,Procurement,INV-59008,11431.17,2025-11-25 11:58:00,Lindsey M.,False,
T104404,V1074,Davis Group,HR,INV-16285,11725.74,2025-11-25 12:20:00,Kathleen R.,False,
T102315,V1033,Koch-Decker,Facilities,INV-92595,90352.09,2025-11-25 12:41:00,Samantha R.,False,
T105952,V1127,Price Ltd,Facilities,INV-51269,60320.17,2025-11-25 13:08:00,Megan G.,False,
T103197,V1074,Davis Group,Legal,INV-59868,7258.95,2025-11-25 13:25:00,Jennifer E.,False,
T104805,V1114,Salazar-Ball,IT,INV-46357,4525.05,2025-11-25 14:02:00,Felicia H.,False,
T105069,V1094,"Lee, Williams and Graham",Facilities,INV-15500,30760.57,2025-11-25 14:23:00,Clifford E.,False,
T103859,V1050,Ramos PLC,Marketing,INV-15756,96201.29,2025-11-25 14:30:00,Jeffrey M.,False,
T103247,V1121,Daniels-Perry,Legal,INV-70929,66600.22,2025-11-25 14:34:00,Angelica D.,False,
T100359,V1080,Fleming Ltd,Operations,INV-12799,33377.03,2025-11-25 14:40:00,Walter R.,False,
T100927,V1115,"Griffin, Moore and Hensley",Facilities,INV-18966,16630.39,2025-11-25 14:43:00,Philip W.,False,
T102114,V1033,Koch-Decker,Operations,INV-79000,63118.18,2025-11-25 15:12:00,Jeremiah P.,False,
T100573,V1091,Wilson LLC,Operations,INV-86106,6456.65,2025-11-25 16:10:00,Nathaniel H.,False,
T101623,V1028,Chavez Ltd,Marketing,INV-96235,5242.82,2025-11-25 16:53:00,Laura A.,False,
T100748,V1062,Donovan-Harris,Marketing,INV-70401,10137.08,2025-11-25 17:47:00,Brett B.,False,
T104640,V1050,Ramos PLC,Marketing,INV-30314,43054.3,2025-11-25 18:50:00,Jimmy A.,False,
T101986,V1034,Allen PLC,Marketing,INV-79984,223658.68,2025-11-26 09:19:00,Robert M.,False,
T105291,V1088,Johnson and Sons,Facilities,INV-15139,55643.75,2025-11-26 10:20:00,Laura B.,False,
T105629,V1033,Koch-Decker,Facilities,INV-86923,101073.11,2025-11-26 10:36:00,Joseph L.,False,
T102851,V1067,Ibarra-Suarez,Marketing,INV-62122,14401.13,2025-11-26 10:45:00,Jimmy C.,False,
T103373,V1139,Oconnell Inc,Legal,INV-85465,80196.75,2025-11-26 10:50:00,Debra N.,False,
T101028,V1127,Price Ltd,Legal,INV-78919,71879.02,2025-11-26 10:56:00,Donald M.,False,
T106101,V9999,Meridian Consulting Partners LLC,Operations,INV-65280,5570.75,2025-11-26 10:57:00,Marcus T.,True,fabricated_invoice_benford
T105256,V1070,"Evans, Alvarado and Mcmillan",Operations,INV-72081,28189.39,2025-11-26 11:11:00,Monica M.,False,
T101401,V1112,Grant Inc,Facilities,INV-29692,60622.61,2025-11-26 11:17:00,Stacy B.,False,
T100181,V1116,Larsen LLC,Facilities,INV-70515,20806.82,2025-11-26 11:27:00,Randy S.,False,
T100468,V1045,Davis Group,IT,INV-26750,17710.61,2025-11-26 11:50:00,Ryan C.,False,
T104632,V1069,"Riggs, Roman and Rice",IT,INV-84136,113700.12,2025-11-26 12:18:00,Linda H.,False,
T104192,V1127,Price Ltd,Marketing,INV-71782,88318.47,2025-11-26 12:51:00,Brian D.,False,
T102482,V1080,Fleming Ltd,Operations,INV-91836,21781.29,2025-11-26 13:13:00,Victoria C.,False,
T102808,V1032,"Sellers, George and Burns",Legal,INV-15191,163.12,2025-11-26 13:50:00,Roger P.,False,
T106076,V1103,"Kennedy, Santana and Flynn",Facilities,INV-97349,20000.0,2025-11-26 14:01:00,Michael A.,True,round_dollar
T102380,V1008,Munoz-Roman,IT,INV-17279,3945.05,2025-11-26 14:18:00,Arthur J.,False,
T102280,V1069,"Riggs, Roman and Rice",Procurement,INV-73680,36588.99,2025-11-26 14:54:00,Darrell C.,False,
T104444,V1001,Rhodes PLC,Marketing,INV-59811,71860.27,2025-11-26 15:03:00,Lisa G.,False,
T105002,V1121,Daniels-Perry,HR,INV-82367,51542.76,2025-11-26 17:42:00,Arthur B.,False,
T102698,V1120,Mccarthy Inc,IT,INV-20802,56542.35,2025-11-27 07:04:00,Jessica P.,False,
T105341,V1011,Stanley LLC,Operations,INV-26270,51595.78,2025-11-27 09:23:00,Ricardo S.,False,
T100940,V1080,Fleming Ltd,Legal,INV-41370,51468.12,2025-11-27 10:03:00,Jacob W.,False,
T100092,V1065,Ellis PLC,Marketing,INV-51441,4990.75,2025-11-27 10:19:00,Kathy U.,False,
T102580,V1043,"Young, Caldwell and Lewis",Procurement,INV-89794,42676.61,2025-11-27 10:59:00,Michelle R.,False,
T104614,V1043,"Young, Caldwell and Lewis",Operations,INV-89309,50205.99,2025-11-27 11:12:00,Nathan O.,False,
T105232,V1139,Oconnell Inc,Legal,INV-48291,106387.21,2025-11-27 11:18:00,Raymond J.,False,
T104630,V1009,"Martinez, Nielsen and Miller",Marketing,INV-33330,22537.21,2025-11-27 11:20:00,Eric F.,False,
T103130,V1055,Horton-Cross,Procurement,INV-79045,77382.99,2025-11-27 11:25:00,Pamela W.,False,
T105571,V1001,Rhodes PLC,HR,INV-49959,60944.58,2025-11-27 12:00:00,Beth B.,False,
T103376,V1139,Oconnell Inc,Procurement,INV-71589,108653.15,2025-11-27 12:01:00,April S.,False,
T106036,V1110,Stafford Inc,Facilities,INV-84381,9766.97,2025-11-27 12:09:00,Renee K.,True,just_below_threshold
T100455,V1001,Rhodes PLC,Procurement,INV-42472,43278.83,2025-11-27 12:11:00,Nina S.,False,
T103940,V1121,Daniels-Perry,Facilities,INV-75529,26963.57,2025-11-27 12:14:00,Christopher T.,False,
T100834,V1035,Dennis Inc,HR,INV-62378,35433.39,2025-11-27 12:43:00,Norman B.,False,
T102298,V1120,Mccarthy Inc,Operations,INV-14562,22317.21,2025-11-27 12:57:00,Anthony B.,False,
T101809,V1121,Daniels-Perry,Marketing,INV-30366,41217.61,2025-11-27 13:08:00,Gregory E.,False,
T104680,V1136,"Hernandez, Martinez and Caldwell",Marketing,INV-58866,3067.06,2025-11-27 13:12:00,Jesse I.,False,
T104260,V1052,Martin Group,Marketing,INV-87518,48678.08,2025-11-27 13:26:00,Erin A.,False,
T103532,V1011,Stanley LLC,Marketing,INV-71833,60257.33,2025-11-27 13:30:00,Ashley L.,False,
T103355,V1112,Grant Inc,IT,INV-62206,122524.69,2025-11-27 13:33:00,Tina C.,False,
T103185,V1045,Davis Group,Procurement,INV-47587,4580.62,2025-11-27 13:44:00,Sherry R.,False,
T105897,V1104,Campbell Ltd,HR,INV-31804,30354.1,2025-11-27 14:41:00,Erin W.,False,
T102952,V1121,Daniels-Perry,Marketing,INV-49107,64826.64,2025-11-27 14:44:00,Ethan G.,False,
T104872,V1126,Freeman LLC,Procurement,INV-69276,18871.28,2025-11-27 14:44:00,Regina C.,False,
T100436,V1139,Oconnell Inc,Facilities,INV-40968,141626.81,2025-11-27 14:52:00,Michael D.,False,
T103897,V1115,"Griffin, Moore and Hensley",HR,INV-47839,37241.34,2025-11-27 15:51:00,Jorge S.,False,
T103425,V1134,"Williams, Crane and Walker",Procurement,INV-38780,28033.65,2025-11-27 16:15:00,Zachary S.,False,
T100357,V1030,Harrell LLC,Procurement,INV-62184,10152.56,2025-11-27 16:22:00,Regina A.,False,
T100448,V1139,Oconnell Inc,Legal,INV-21835,102382.6,2025-11-27 16:55:00,Michael M.,False,
T102091,V1051,"Kidd, Huff and Novak",IT,INV-73720,41703.02,2025-11-27 18:50:00,Jonathan B.,False,
T103412,V1080,Fleming Ltd,Facilities,INV-70418,52614.59,2025-11-28 07:06:00,Daniel S.,False,
T101025,V1070,"Evans, Alvarado and Mcmillan",Marketing,INV-64000,20096.8,2025-11-28 07:18:00,Kaitlin G.,False,
T102070,V1055,Horton-Cross,HR,INV-18782,81584.82,2025-11-28 08:35:00,Daniel G.,False,
T101330,V1043,"Young, Caldwell and Lewis",Procurement,INV-99921,26695.81,2025-11-28 08:52:00,Jamie P.,False,
T101892,V1055,Horton-Cross,Facilities,INV-73792,31323.65,2025-11-28 09:01:00,Michael H.,False,
T105767,V1120,Mccarthy Inc,Procurement,INV-30687,21816.44,2025-11-28 09:42:00,Robin A.,False,
T103908,V1009,"Martinez, Nielsen and Miller",Procurement,INV-34525,10096.06,2025-11-28 09:57:00,Tamara W.,False,
T103863,V1053,Barrera-Martin,Operations,INV-23616,49039.47,2025-11-28 10:48:00,Zoe P.,False,
T104324,V1080,Fleming Ltd,Facilities,INV-29054,16735.3,2025-11-28 10:51:00,Yolanda G.,False,
T102056,V1053,Barrera-Martin,Procurement,INV-72886,26175.48,2025-11-28 11:05:00,Tasha M.,False,
T101143,V1085,Moore-Haynes,Operations,INV-11109,472.01,2025-11-28 11:11:00,Jeffrey G.,False,
T100661,V1053,Barrera-Martin,HR,INV-34405,47636.11,2025-11-28 11:16:00,Cody H.,False,
T100461,V1104,Campbell Ltd,Procurement,INV-53213,23738.39,2025-11-28 11:21:00,Joshua L.,False,
T102434,V1127,Price Ltd,Marketing,INV-25327,47197.86,2025-11-28 11:26:00,Leah S.,False,
T104045,V1050,Ramos PLC,HR,INV-13109,96507.16,2025-11-28 11:34:00,Lisa L.,False,
T105552,V1052,Martin Group,Facilities,INV-19535,37257.46,2025-11-28 11:56:00,Jennifer R.,False,
T103199,V1113,Contreras-Travis,Facilities,INV-45378,37896.62,2025-11-28 12:27:00,Rachel B.,False,
T100833,V1053,Barrera-Martin,Procurement,INV-83822,49429.78,2025-11-28 12:39:00,Jacob W.,False,
T101978,V1076,Martin-Ramos,Facilities,INV-82676,34621.15,2025-11-28 13:12:00,Kimberly H.,False,
T101406,V1069,"Riggs, Roman and Rice",Marketing,INV-12942,55817.74,2025-11-28 13:53:00,Frederick M.,False,
T100022,V1104,Campbell Ltd,Operations,INV-93227,29107.92,2025-11-28 14:04:00,Karen H.,False,
T100253,V1001,Rhodes PLC,IT,INV-28643,35238.41,2025-11-28 14:09:00,Jeffrey G.,False,
T102327,V1093,Graham-Joyce,HR,INV-39977,3860.44,2025-11-28 14:39:00,Timothy J.,False,
T100849,V1052,Martin Group,HR,INV-31542,71105.14,2025-11-28 15:06:00,Anita H.,False,
T100523,V1055,Horton-Cross,IT,INV-56789,91431.04,2025-11-28 15:12:00,Jeremiah M.,False,
T102239,V1067,Ibarra-Suarez,Operations,INV-21133,72534.35,2025-11-28 15:19:00,Jason D.,False,
T104364,V1007,Davis Inc,Procurement,INV-54527,85695.62,2025-11-28 15:40:00,Louis M.,False,
T104303,V1033,Koch-Decker,HR,INV-62601,55600.11,2025-11-28 16:20:00,James S.,False,
T104071,V1104,Campbell Ltd,Legal,INV-78843,68054.22,2025-11-28 19:10:00,William L.,False,
T105730,V1115,"Griffin, Moore and Hensley",Operations,INV-75130,27535.77,2025-11-28 19:53:00,Lisa H.,False,
T106017,V1113,Contreras-Travis,Facilities,INV-45378,37896.62,2025-11-29 12:27:00,Rachel B.,True,duplicate_payment
T106083,V9999,Meridian Consulting Partners LLC,Operations,INV-90658,5954.46,2025-12-01 07:21:00,Marcus T.,True,fabricated_invoice_benford
T105597,V1055,Horton-Cross,HR,INV-42049,55297.85,2025-12-01 09:23:00,Lisa B.,False,
T103602,V1086,Garrison and Sons,Operations,INV-45066,15523.68,2025-12-01 10:15:00,Curtis V.,False,
T101077,V1054,Baker-Bowers,Operations,INV-66911,5278.54,2025-12-01 11:10:00,Brian V.,False,
T100649,V1027,"Potter, Mack and Peterson",Marketing,INV-72580,1415.85,2025-12-01 11:59:00,Matthew G.,False,
T103219,V1121,Daniels-Perry,Legal,INV-31108,94579.26,2025-12-01 12:09:00,Shelly W.,False,
T103943,V1069,"Riggs, Roman and Rice",Marketing,INV-29758,34615.88,2025-12-01 12:11:00,John D.,False,
T104031,V1001,Rhodes PLC,Operations,INV-77021,117948.52,2025-12-01 12:24:00,Marc M.,False,
T104993,V1007,Davis Inc,Legal,INV-62572,59139.81,2025-12-01 12:45:00,Jennifer R.,False,
T104681,V1101,Torres and Sons,IT,INV-14586,11005.99,2025-12-01 13:01:00,Samantha F.,False,
T103674,V1121,Daniels-Perry,Operations,INV-40192,48855.03,2025-12-01 13:30:00,Stephanie O.,False,
T102943,V1053,Barrera-Martin,Marketing,INV-97914,48005.54,2025-12-01 13:47:00,Kenneth V.,False,
T100769,V1033,Koch-Decker,HR,INV-14152,32751.49,2025-12-01 13:54:00,Brandy C.,False,
T101968,V1088,Johnson and Sons,Procurement,INV-14959,104358.72,2025-12-01 14:40:00,Jennifer K.,False,
T101989,V1050,Ramos PLC,Operations,INV-70079,180295.2,2025-12-01 14:42:00,Gregory J.,False,
T103118,V1112,Grant Inc,Legal,INV-92081,43215.72,2025-12-01 15:16:00,Peter C.,False,
T100885,V1088,Johnson and Sons,Facilities,INV-49021,26519.02,2025-12-01 15:48:00,Robert J.,False,
T101379,V1139,Oconnell Inc,Facilities,INV-57948,32460.49,2025-12-01 15:49:00,Edward G.,False,
T102709,V1033,Koch-Decker,Legal,INV-29566,63499.57,2025-12-01 17:32:00,Tracy C.,False,
T101663,V1069,"Riggs, Roman and Rice",Operations,INV-11498,87402.72,2025-12-01 17:54:00,Melissa W.,False,
T103320,V1033,Koch-Decker,Facilities,INV-48918,57822.74,2025-12-01 17:57:00,Joshua K.,False,
T103772,V1011,Stanley LLC,Facilities,INV-45389,105416.87,2025-12-02 07:25:00,Christopher C.,False,
T102862,V1055,Horton-Cross,HR,INV-66485,24217.18,2025-12-02 09:18:00,Jamie C.,False,
T103762,V1134,"Williams, Crane and Walker",Operations,INV-37585,43571.88,2025-12-02 10:03:00,Jesus W.,False,
T101167,V1035,Dennis Inc,Facilities,INV-56567,29684.9,2025-12-02 10:05:00,Kimberly C.,False,
T100154,V1035,Dennis Inc,Procurement,INV-23970,34195.17,2025-12-02 10:44:00,Tony W.,False,
T101437,V1112,Grant Inc,HR,INV-51405,56755.97,2025-12-02 11:13:00,Rebecca N.,False,
T104392,V1088,Johnson and Sons,Operations,INV-83793,53162.42,2025-12-02 11:20:00,Connie C.,False,
T101719,V1034,Allen PLC,Operations,INV-30715,87205.92,2025-12-02 11:59:00,Cindy D.,False,
T100300,V1001,Rhodes PLC,Procurement,INV-71537,155629.58,2025-12-02 12:09:00,Nicholas C.,False,
T102933,V1127,Price Ltd,Operations,INV-28030,50335.95,2025-12-02 12:10:00,Lauren B.,False,
T101361,V1055,Horton-Cross,Procurement,INV-47373,67639.62,2025-12-02 12:15:00,Thomas S.,False,
T105723,V1139,Oconnell Inc,Operations,INV-40926,32411.44,2025-12-02 12:16:00,Catherine H.,False,
T100974,V1050,Ramos PLC,Facilities,INV-52179,177064.24,2025-12-02 12:26:00,Derek B.,False,
T104232,V1069,"Riggs, Roman and Rice",Operations,INV-54217,46988.78,2025-12-02 12:49:00,Connie C.,False,
T104560,V1033,Koch-Decker,HR,INV-42986,112579.94,2025-12-02 12:56:00,Becky D.,False,
T103643,V1033,Koch-Decker,Facilities,INV-25000,96135.65,2025-12-02 13:03:00,James B.,False,
T100524,V1025,James-Ferrell,IT,INV-26315,13763.57,2025-12-02 13:21:00,April C.,False,
T100466,V1101,Torres and Sons,HR,INV-61374,6759.31,2025-12-02 13:44:00,Laura A.,False,
T103406,V1011,Stanley LLC,Legal,INV-76127,34700.17,2025-12-02 14:09:00,Kristin H.,False,
T103146,V1012,Delacruz Group,Facilities,INV-99707,17965.68,2025-12-02 14:18:00,Eric V.,False,
T105660,V1070,"Evans, Alvarado and Mcmillan",Legal,INV-38130,16279.11,2025-12-02 15:00:00,Donald B.,False,
T103644,V1088,Johnson and Sons,Facilities,INV-99711,59391.13,2025-12-02 16:02:00,Dawn Y.,False,
T103529,V1041,Chapman Inc,Operations,INV-54471,6952.57,2025-12-02 16:46:00,Brenda B.,False,
T101543,V1120,Mccarthy Inc,Marketing,INV-50549,51429.13,2025-12-02 16:59:00,Joseph F.,False,
T105004,V1062,Donovan-Harris,IT,INV-30516,16033.25,2025-12-02 17:02:00,Richard C.,False,
T103949,V1062,Donovan-Harris,Marketing,INV-11602,17102.86,2025-12-02 18:55:00,Tyler J.,False,
T100384,V1094,"Lee, Williams and Graham",Legal,INV-82264,14570.4,2025-12-02 19:41:00,Kyle B.,False,
T102765,V1050,Ramos PLC,HR,INV-67373,84667.57,2025-12-03 07:15:00,Rebekah W.,False,
T103524,V1139,Oconnell Inc,Marketing,INV-15587,49595.74,2025-12-03 07:39:00,Joan P.,False,
T102243,V1119,Taylor and Sons,Marketing,INV-84455,5670.08,2025-12-03 08:55:00,Daniel C.,False,
T102284,V1069,"Riggs, Roman and Rice",Procurement,INV-62021,81498.57,2025-12-03 08:56:00,Katie R.,False,
T103990,V1062,Donovan-Harris,IT,INV-45003,20038.96,2025-12-03 09:08:00,Jenna R.,False,
T101917,V1033,Koch-Decker,Legal,INV-91830,49564.55,2025-12-03 10:18:00,Lauren A.,False,
T105098,V1050,Ramos PLC,IT,INV-16822,35481.7,2025-12-03 10:21:00,Michael R.,False,
T101952,V1069,"Riggs, Roman and Rice",HR,INV-84195,53880.5,2025-12-03 11:48:00,Ryan S.,False,
T105367,V1024,Conner Group,Operations,INV-12293,3751.92,2025-12-03 11:57:00,John B.,False,
T105067,V1050,Ramos PLC,Legal,INV-74798,190242.48,2025-12-03 11:59:00,Victoria S.,False,
T103598,V1069,"Riggs, Roman and Rice",Procurement,INV-42794,60128.92,2025-12-03 12:04:00,Patricia P.,False,
T102359,V1043,"Young, Caldwell and Lewis",Legal,INV-67670,78733.44,2025-12-03 13:40:00,Brittany G.,False,
T104722,V1011,Stanley LLC,Marketing,INV-38714,90561.97,2025-12-03 13:52:00,Traci D.,False,
T104173,V1094,"Lee, Williams and Graham",Facilities,INV-49705,9798.05,2025-12-03 14:13:00,Donald S.,False,
T100514,V1055,Horton-Cross,Procurement,INV-86271,107341.29,2025-12-03 14:40:00,David S.,False,
T106028,V1115,"Griffin, Moore and Hensley",Facilities,INV-51285,9989.41,2025-12-03 15:05:00,Renee K.,True,just_below_threshold
T103001,V1134,"Williams, Crane and Walker",Facilities,INV-59650,113067.44,2025-12-03 15:08:00,Catherine L.,False,
T100832,V1080,Fleming Ltd,IT,INV-31802,65574.11,2025-12-03 16:42:00,Angela B.,False,
T101164,V1113,Contreras-Travis,Operations,INV-33741,15903.32,2025-12-03 16:56:00,Virginia S.,False,
T106132,V1114,Salazar-Ball,Operations,INV-28101,111765.73,2025-12-03 17:06:00,Matthew M.,True,statistical_outlier
T101893,V1115,"Griffin, Moore and Hensley",Facilities,INV-21097,38919.91,2025-12-03 17:27:00,Michelle M.,False,
T102415,V1139,Oconnell Inc,Operations,INV-73795,55355.83,2025-12-03 19:47:00,Mary M.,False,
T100051,V1116,Larsen LLC,Operations,INV-31643,20629.78,2025-12-04 07:30:00,Dana M.,False,
T104522,V1033,Koch-Decker,IT,INV-82256,76226.7,2025-12-04 08:05:00,John P.,False,
T101615,V1033,Koch-Decker,Legal,INV-60789,138951.5,2025-12-04 08:34:00,Julie W.,False,
T105010,V1134,"Williams, Crane and Walker",Legal,INV-84261,25362.24,2025-12-04 10:20:00,Cody C.,False,
T101923,V1050,Ramos PLC,IT,INV-32989,75029.51,2025-12-04 10:28:00,Shawn G.,False,
T104217,V1104,Campbell Ltd,HR,INV-22424,62686.13,2025-12-04 11:05:00,Christopher H.,False,
T103333,V1063,Baker and Sons,HR,INV-89515,831.41,2025-12-04 11:36:00,Eileen M.,False,
T103902,V1043,"Young, Caldwell and Lewis",Facilities,INV-72286,29611.92,2025-12-04 11:40:00,Joseph S.,False,
T100146,V1112,Grant Inc,IT,INV-77561,36631.76,2025-12-04 12:05:00,Alexis T.,False,
T101771,V1093,Graham-Joyce,Marketing,INV-63759,6226.55,2025-12-04 12:30:00,Justin S.,False,
T102172,V1112,Grant Inc,Operations,INV-17768,108582.77,2025-12-04 12:32:00,Debbie D.,False,
T102228,V1127,Price Ltd,HR,INV-80699,70798.24,2025-12-04 12:35:00,Barbara H.,False,
T104384,V1007,Davis Inc,Legal,INV-60966,75398.54,2025-12-04 12:35:00,Traci C.,False,
T105781,V1120,Mccarthy Inc,HR,INV-62187,31326.95,2025-12-04 12:42:00,Kenneth O.,False,
T102882,V1104,Campbell Ltd,Marketing,INV-77490,36236.25,2025-12-04 12:55:00,Zachary L.,False,
T102944,V1073,"Walters, Baker and Freeman",Legal,INV-70774,10334.11,2025-12-04 13:05:00,Ethan G.,False,
T103452,V1061,"Williams, Miller and Sandoval",IT,INV-75251,795.99,2025-12-04 13:09:00,John G.,False,
T102020,V1139,Oconnell Inc,IT,INV-16955,76539.61,2025-12-04 13:13:00,Margaret M.,False,
T100323,V1050,Ramos PLC,IT,INV-11061,52295.43,2025-12-04 13:25:00,Lawrence P.,False,
T102968,V1017,Underwood LLC,Marketing,INV-28331,2810.04,2025-12-04 13:34:00,Juan M.,False,
T101698,V1011,Stanley LLC,Legal,INV-24141,108988.54,2025-12-04 14:23:00,Jerry R.,False,
T101268,V1127,Price Ltd,Operations,INV-27647,32251.68,2025-12-04 14:37:00,Joe E.,False,
T102598,V1134,"Williams, Crane and Walker",Operations,INV-98103,46107.14,2025-12-04 14:47:00,Stephen H.,False,
T102888,V1069,"Riggs, Roman and Rice",HR,INV-23166,120698.13,2025-12-04 14:54:00,Jessica B.,False,
T105129,V1088,Johnson and Sons,HR,INV-46053,109964.07,2025-12-04 15:33:00,Gregory R.,False,
T104475,V1067,Ibarra-Suarez,Operations,INV-57633,31094.43,2025-12-04 15:50:00,Hailey C.,False,
T102959,V1073,"Walters, Baker and Freeman",Procurement,INV-33680,18474.83,2025-12-04 15:57:00,James T.,False,
T102539,V1053,Barrera-Martin,Operations,INV-33559,106286.43,2025-12-04 15:59:00,Cheryl M.,False,
T102718,V1113,Contreras-Travis,IT,INV-54541,18591.05,2025-12-04 16:53:00,Anthony H.,False,
T100938,V1104,Campbell Ltd,IT,INV-36928,87566.06,2025-12-04 17:56:00,Sarah T.,False,
T100065,V1052,Martin Group,IT,INV-65519,48408.57,2025-12-04 19:27:00,Brianna P.,False,
T105748,V1091,Wilson LLC,HR,INV-13595,13872.93,2025-12-05 07:42:00,Joy M.,False,
T101309,V1069,"Riggs, Roman and Rice",Marketing,INV-85061,49295.83,2025-12-05 08:19:00,Todd B.,False,
T103155,V1121,Daniels-Perry,IT,INV-20009,21537.5,2025-12-05 08:23:00,Anna T.,False,
T103727,V1085,Moore-Haynes,HR,INV-14670,1192.88,2025-12-05 09:53:00,Jason H.,False,
T100366,V1001,Rhodes PLC,Procurement,INV-27275,123817.42,2025-12-05 09:55:00,Samantha H.,False,
T102238,V1053,Barrera-Martin,Facilities,INV-40752,26948.37,2025-12-05 10:15:00,Michael S.,False,
T104198,V1050,Ramos PLC,IT,INV-90944,74044.37,2025-12-05 10:18:00,Kevin P.,False,
T103633,V1070,"Evans, Alvarado and Mcmillan",Legal,INV-44670,57839.96,2025-12-05 10:20:00,Tiffany E.,False,
T101156,V1070,"Evans, Alvarado and Mcmillan",HR,INV-28340,22873.03,2025-12-05 10:20:00,Rebekah H.,False,
T101204,V1052,Martin Group,HR,INV-78197,61769.91,2025-12-05 11:06:00,Logan M.,False,
T101200,V1033,Koch-Decker,HR,INV-12587,75553.77,2025-12-05 11:06:00,Brenda R.,False,
T105645,V1116,Larsen LLC,Operations,INV-67361,45121.74,2025-12-05 11:47:00,Wendy L.,False,
T103471,V1055,Horton-Cross,Procurement,INV-16540,38328.08,2025-12-05 11:53:00,David R.,False,
T105757,V1007,Davis Inc,Procurement,INV-19254,36150.58,2025-12-05 12:32:00,James C.,False,
T101874,V1075,Smith and Sons,Procurement,INV-38522,26451.61,2025-12-05 13:03:00,Catherine F.,False,
T100245,V1033,Koch-Decker,Facilities,INV-41439,119625.77,2025-12-05 13:05:00,Daniel D.,False,
T102476,V1088,Johnson and Sons,HR,INV-29785,53077.49,2025-12-05 13:59:00,Kelli M.,False,
T102671,V1001,Rhodes PLC,Operations,INV-91684,52419.72,2025-12-05 14:10:00,Kenneth K.,False,
T101403,V1069,"Riggs, Roman and Rice",Marketing,INV-53283,301862.45,2025-12-05 14:14:00,Ryan M.,False,
T105188,V1118,Nelson LLC,Facilities,INV-91087,33667.14,2025-12-05 14:28:00,Rebecca L.,False,
T103072,V1035,Dennis Inc,IT,INV-37784,63674.33,2025-12-05 14:47:00,Deborah R.,False,
T104579,V1050,Ramos PLC,Facilities,INV-29796,34580.06,2025-12-05 14:57:00,Francisco T.,False,
T105374,V1139,Oconnell Inc,Procurement,INV-82170,191161.73,2025-12-05 16:17:00,Catherine H.,False,
T100079,V1137,Marshall LLC,Marketing,INV-30289,33443.47,2025-12-05 16:45:00,Jeffrey H.,False,
T106044,V1021,Burgess-Patterson,Facilities,INV-99732,441.11,2025-12-06 23:39:00,Jamie B.,True,weekend_after_hours
T104995,V1053,Barrera-Martin,Facilities,INV-41546,121100.34,2025-12-08 07:20:00,Robert T.,False,
T100137,V1087,Bailey-Hoover,IT,INV-62743,5978.94,2025-12-08 07:26:00,Melissa J.,False,
T105422,V1041,Chapman Inc,IT,INV-50251,6527.01,2025-12-08 08:34:00,Kristin V.,False,
T105431,V1139,Oconnell Inc,Facilities,INV-34464,84220.6,2025-12-08 09:32:00,Ian M.,False,
T103517,V1112,Grant Inc,Operations,INV-74613,44849.15,2025-12-08 10:06:00,Taylor O.,False,
T100114,V1052,Martin Group,IT,INV-83385,77742.39,2025-12-08 10:06:00,Crystal L.,False,
T100158,V1034,Allen PLC,Operations,INV-88047,89803.68,2025-12-08 10:33:00,Tiffany H.,False,
T105661,V1092,Johnson-Carlson,Operations,INV-55251,20238.94,2025-12-08 11:36:00,Kimberly G.,False,
T100959,V1034,Allen PLC,HR,INV-33022,65170.22,2025-12-08 11:47:00,John G.,False,
T100315,V1033,Koch-Decker,Legal,INV-70981,48505.04,2025-12-08 12:00:00,Kathryn R.,False,
T105112,V1112,Grant Inc,Facilities,INV-79177,24575.59,2025-12-08 12:24:00,Sarah C.,False,
T103874,V1126,Freeman LLC,Procurement,INV-18513,65410.76,2025-12-08 12:42:00,David A.,False,
T104935,V1127,Price Ltd,Operations,INV-84232,28913.35,2025-12-08 12:49:00,Jeffrey J.,False,
T100551,V1115,"Griffin, Moore and Hensley",HR,INV-18511,16475.38,2025-12-08 13:22:00,Sonia L.,False,
T105263,V1043,"Young, Caldwell and Lewis",IT,INV-63430,38633.46,2025-12-08 13:46:00,Brendan G.,False,
T104286,V1103,"Kennedy, Santana and Flynn",Procurement,INV-88861,1991.79,2025-12-08 14:24:00,Tiffany L.,False,
T104980,V1139,Oconnell Inc,Procurement,INV-15299,204340.21,2025-12-08 14:36:00,Daisy W.,False,
T101590,V1101,Torres and Sons,Procurement,INV-40928,4053.77,2025-12-08 15:13:00,Laura W.,False,
T103295,V1126,Freeman LLC,Legal,INV-65134,21377.42,2025-12-08 15:18:00,Howard R.,False,
T100099,V1080,Fleming Ltd,Operations,INV-49240,36746.99,2025-12-08 15:52:00,Manuel G.,False,
T103268,V1104,Campbell Ltd,Operations,INV-28955,111547.21,2025-12-08 16:37:00,Paul M.,False,
T101956,V1093,Graham-Joyce,Legal,INV-52389,3775.76,2025-12-08 16:49:00,Hannah B.,False,
T103552,V1064,Bryant-Hickman,Facilities,INV-14356,884.32,2025-12-09 08:06:00,Kyle M.,False,
T103395,V1069,"Riggs, Roman and Rice",Operations,INV-79152,245897.28,2025-12-09 08:07:00,Cody G.,False,
T104201,V1116,Larsen LLC,IT,INV-24338,29470.52,2025-12-09 09:11:00,Stephanie P.,False,
T105390,V1115,"Griffin, Moore and Hensley",Legal,INV-90201,53789.51,2025-12-09 09:12:00,Katherine P.,False,
T104948,V1060,Powell PLC,Legal,INV-54923,787.12,2025-12-09 09:29:00,Todd L.,False,
T104235,V1121,Daniels-Perry,IT,INV-78035,49814.39,2025-12-09 10:54:00,Jennifer H.,False,
T103835,V1115,"Griffin, Moore and Hensley",Marketing,INV-37434,25314.89,2025-12-09 10:58:00,Barbara R.,False,
T100508,V1009,"Martinez, Nielsen and Miller",Operations,INV-57265,12225.39,2025-12-09 11:05:00,Ashley M.,False,
T104512,V1134,"Williams, Crane and Walker",HR,INV-52034,156354.86,2025-12-09 11:12:00,Ryan C.,False,
T105960,V1034,Allen PLC,Marketing,INV-45215,56981.0,2025-12-09 11:24:00,Adam S.,False,
T101907,V1121,Daniels-Perry,HR,INV-93058,25035.98,2025-12-09 12:04:00,Gwendolyn V.,False,
T100190,V1134,"Williams, Crane and Walker",Operations,INV-38569,41099.75,2025-12-09 12:07:00,Derrick D.,False,
T104221,V1055,Horton-Cross,Operations,INV-77751,22483.65,2025-12-09 12:37:00,Tina W.,False,
T100753,V1009,"Martinez, Nielsen and Miller",Legal,INV-10836,14439.67,2025-12-09 13:03:00,Rebecca T.,False,
T104294,V1075,Smith and Sons,Procurement,INV-38316,11061.5,2025-12-09 13:58:00,Jack B.,False,
T100062,V1121,Daniels-Perry,Facilities,INV-80678,29863.59,2025-12-09 14:31:00,Caitlin M.,False,
T105741,V1062,Donovan-Harris,Operations,INV-47893,26079.31,2025-12-09 15:37:00,Michael V.,False,
T102948,V1104,Campbell Ltd,Operations,INV-39482,158125.15,2025-12-09 15:58:00,Kimberly V.,False,
T101868,V1118,Nelson LLC,HR,INV-85260,41860.56,2025-12-09 16:04:00,Miranda D.,False,
T105919,V1104,Campbell Ltd,Facilities,INV-94364,65623.26,2025-12-09 16:20:00,Jon S.,False,
T100210,V1025,James-Ferrell,IT,INV-13761,36199.94,2025-12-09 16:24:00,Parker L.,False,
T103930,V1052,Martin Group,Legal,INV-70749,33940.3,2025-12-09 17:24:00,Douglas B.,False,
T105056,V1139,Oconnell Inc,IT,INV-20914,109509.69,2025-12-09 17:39:00,Marcus P.,False,
T105158,V1050,Ramos PLC,Operations,INV-84083,71340.57,2025-12-09 17:53:00,Kyle B.,False,
T105272,V1094,"Lee, Williams and Graham",Marketing,INV-59449,33827.08,2025-12-09 18:05:00,Amanda M.,False,
T102057,V1094,"Lee, Williams and Graham",Facilities,INV-70199,9922.19,2025-12-09 18:19:00,Barbara D.,False,
T104696,V1055,Horton-Cross,Legal,INV-34650,123083.38,2025-12-10 08:17:00,Christopher J.,False,
T101252,V1116,Larsen LLC,IT,INV-57624,81516.41,2025-12-10 08:29:00,Tiffany W.,False,
T106110,V9999,Meridian Consulting Partners LLC,Operations,INV-33485,5230.71,2025-12-10 08:51:00,Marcus T.,True,fabricated_invoice_benford
T100021,V1001,Rhodes PLC,HR,INV-99593,77643.91,2025-12-10 09:17:00,Joshua H.,False,
T103365,V1043,"Young, Caldwell and Lewis",Operations,INV-94707,40308.04,2025-12-10 11:04:00,David M.,False,
T105886,V1001,Rhodes PLC,HR,INV-40482,217123.18,2025-12-10 11:35:00,Gabriella B.,False,
T100469,V1092,Johnson-Carlson,Legal,INV-99838,15287.37,2025-12-10 11:44:00,Henry C.,False,
T105403,V1053,Barrera-Martin,Operations,INV-27982,77594.27,2025-12-10 12:08:00,Jeremy R.,False,
T102177,V1075,Smith and Sons,Procurement,INV-21898,10693.84,2025-12-10 12:22:00,Shawn M.,False,
T101163,V1052,Martin Group,Operations,INV-49347,54606.53,2025-12-10 12:22:00,Laura W.,False,
T102117,V1121,Daniels-Perry,Operations,INV-61697,27075.66,2025-12-10 13:05:00,Erica S.,False,
T104648,V1067,Ibarra-Suarez,Procurement,INV-76879,18994.07,2025-12-10 13:25:00,Keith G.,False,
T100732,V1139,Oconnell Inc,Facilities,INV-72835,89740.18,2025-12-10 13:35:00,Brittany M.,False,
T105987,V1126,Freeman LLC,Facilities,INV-73999,21954.95,2025-12-10 13:47:00,John M.,False,
T105365,V1139,Oconnell Inc,Operations,INV-57422,153401.23,2025-12-10 14:42:00,Linda M.,False,
T101849,V1127,Price Ltd,Operations,INV-20295,44614.1,2025-12-10 14:51:00,Dennis B.,False,
T105711,V1080,Fleming Ltd,Legal,INV-36262,20594.53,2025-12-10 14:51:00,Ryan B.,False,
T100718,V1096,Jones-Beck,Legal,INV-78742,1701.39,2025-12-10 15:24:00,Pamela A.,False,
T104508,V1107,Riggs PLC,IT,INV-54535,15366.28,2025-12-10 15:36:00,Thomas S.,False,
T104662,V1033,Koch-Decker,Legal,INV-63174,87709.52,2025-12-10 16:32:00,Rachel W.,False,
T102261,V1011,Stanley LLC,Operations,INV-33671,131674.79,2025-12-10 17:48:00,Gabriel O.,False,
T102409,V1020,"Ellis, Baker and Wright",Operations,INV-44743,7929.71,2025-12-10 18:28:00,Donna W.,False,
T103730,V1067,Ibarra-Suarez,IT,INV-71618,19989.59,2025-12-11 07:12:00,Monica A.,False,
T105260,V1088,Johnson and Sons,Facilities,INV-62439,42567.04,2025-12-11 09:04:00,Monica G.,False,
T105231,V1069,"Riggs, Roman and Rice",Legal,INV-76062,165914.93,2025-12-11 09:07:00,Aaron G.,False,
T100824,V1067,Ibarra-Suarez,Facilities,INV-93012,16084.65,2025-12-11 09:31:00,Hannah M.,False,
T102498,V1073,"Walters, Baker and Freeman",HR,INV-59501,51076.89,2025-12-11 10:08:00,Tammie C.,False,
T104947,V1092,Johnson-Carlson,Procurement,INV-20481,47924.83,2025-12-11 10:31:00,James H.,False,
T102442,V1094,"Lee, Williams and Graham",HR,INV-57219,25514.42,2025-12-11 10:41:00,Alicia J.,False,
T102871,V1067,Ibarra-Suarez,Procurement,INV-11246,36703.85,2025-12-11 10:48:00,Susan R.,False,
T105641,V1112,Grant Inc,Procurement,INV-24773,99976.09,2025-12-11 11:05:00,Victoria C.,False,
T102412,V1011,Stanley LLC,Marketing,INV-80041,59098.35,2025-12-11 11:06:00,Alison J.,False,
T106139,V1005,Blake and Sons,HR,INV-92221,3791.69,2025-12-11 13:08:00,Kristin G.,True,statistical_outlier
T101779,V1103,"Kennedy, Santana and Flynn",Operations,INV-96628,3003.2,2025-12-11 13:18:00,Michael P.,False,
T104001,V1069,"Riggs, Roman and Rice",IT,INV-62813,135568.07,2025-12-11 13:24:00,David R.,False,
T100067,V1139,Oconnell Inc,HR,INV-22899,64523.62,2025-12-11 13:41:00,Susan G.,False,
T105279,V1069,"Riggs, Roman and Rice",IT,INV-14920,90685.5,2025-12-11 13:44:00,Mark J.,False,
T106001,V1104,Campbell Ltd,Legal,INV-54825,60639.88,2025-12-11 13:47:00,Vernon S.,True,duplicate_payment
T101484,V1104,Campbell Ltd,Legal,INV-54825,60639.88,2025-12-11 13:47:00,Vernon S.,False,
T103303,V1050,Ramos PLC,Procurement,INV-64336,142043.65,2025-12-11 14:15:00,Joseph F.,False,
T104063,V1070,"Evans, Alvarado and Mcmillan",Facilities,INV-26849,17669.74,2025-12-11 14:18:00,Troy P.,False,
T104106,V1114,Salazar-Ball,Procurement,INV-68090,26733.09,2025-12-11 14:19:00,Lisa M.,False,
T103724,V1075,Smith and Sons,Procurement,INV-51262,29305.76,2025-12-11 14:49:00,Jacob T.,False,
T104264,V1080,Fleming Ltd,Facilities,INV-68114,55252.68,2025-12-11 15:09:00,Natalie E.,False,
T101942,V1011,Stanley LLC,Legal,INV-35549,86929.42,2025-12-11 15:37:00,James M.,False,
T100597,V1007,Davis Inc,IT,INV-80345,47205.62,2025-12-11 16:30:00,Ashley G.,False,
T103871,V1087,Bailey-Hoover,IT,INV-32179,8419.39,2025-12-11 16:54:00,Amber F.,False,
T102585,V1107,Riggs PLC,IT,INV-59332,26251.3,2025-12-11 17:07:00,Sara S.,False,
T105270,V1011,Stanley LLC,IT,INV-81233,67905.54,2025-12-12 07:23:00,Jessica S.,False,
T100338,V1001,Rhodes PLC,Legal,INV-83048,62553.89,2025-12-12 07:25:00,Curtis S.,False,
T105409,V1024,Conner Group,IT,INV-18802,2414.97,2025-12-12 07:34:00,Dawn M.,False,
T105778,V1035,Dennis Inc,Legal,INV-82510,37738.01,2025-12-12 07:57:00,Heather R.,False,
T102773,V1007,Davis Inc,Facilities,INV-67941,37950.83,2025-12-12 10:34:00,Melissa N.,False,
T102248,V1139,Oconnell Inc,IT,INV-75107,129479.14,2025-12-12 13:13:00,Thomas J.,False,
T103752,V1121,Daniels-Perry,Marketing,INV-61298,32901.99,2025-12-12 13:20:00,Anthony M.,False,
T100663,V1070,"Evans, Alvarado and Mcmillan",Facilities,INV-33002,17305.27,2025-12-12 13:48:00,Adam R.,False,
T102728,V1134,"Williams, Crane and Walker",Facilities,INV-14202,49165.09,2025-12-12 14:35:00,Michael B.,False,
T101502,V1076,Martin-Ramos,Marketing,INV-86153,36776.25,2025-12-12 15:13:00,Travis U.,False,
T103967,V1067,Ibarra-Suarez,Legal,INV-13084,33341.4,2025-12-12 15:18:00,Michaela R.,False,
T105614,V1007,Davis Inc,Procurement,INV-27657,30680.07,2025-12-12 15:48:00,Aaron A.,False,
T102067,V1088,Johnson and Sons,Procurement,INV-24544,23244.74,2025-12-12 16:23:00,Alexandria A.,False,
T103934,V1062,Donovan-Harris,Legal,INV-65652,18226.2,2025-12-12 16:46:00,Robert E.,False,
T104754,V1001,Rhodes PLC,Procurement,INV-76361,81048.26,2025-12-12 16:49:00,Brandon P.,False,
T101285,V1033,Koch-Decker,Legal,INV-79979,73525.66,2025-12-12 18:47:00,Briana H.,False,
T105501,V1069,"Riggs, Roman and Rice",IT,INV-34458,79998.47,2025-12-15 07:58:00,Brenda B.,False,
T101442,V1113,Contreras-Travis,Legal,INV-36698,57922.58,2025-12-15 08:25:00,Erica S.,False,
T103442,V1114,Salazar-Ball,Legal,INV-39922,7491.9,2025-12-15 09:18:00,Lindsay B.,False,
T100036,V1139,Oconnell Inc,Operations,INV-18326,84720.03,2025-12-15 09:27:00,Angela C.,False,
T101586,V1020,"Ellis, Baker and Wright",IT,INV-30789,6265.05,2025-12-15 10:19:00,Michael A.,False,
T100790,V1092,Johnson-Carlson,HR,INV-59816,19993.17,2025-12-15 10:37:00,Robert S.,False,
T100604,V1069,"Riggs, Roman and Rice",Procurement,INV-26864,80766.08,2025-12-15 10:39:00,Ann B.,False,
T100955,V1008,Munoz-Roman,Procurement,INV-50654,4572.08,2025-12-15 10:41:00,Amber S.,False,
T103512,V1067,Ibarra-Suarez,Legal,INV-96266,7903.26,2025-12-15 11:28:00,Destiny H.,False,
T105167,V1107,Riggs PLC,Marketing,INV-27789,9236.74,2025-12-15 11:35:00,Christopher K.,False,
T100631,V1043,"Young, Caldwell and Lewis",Legal,INV-44650,203941.39,2025-12-15 11:41:00,Mark K.,False,
T103237,V1050,Ramos PLC,Marketing,INV-58068,116357.19,2025-12-15 12:08:00,Kimberly W.,False,
T105512,V1052,Martin Group,Legal,INV-44302,43182.93,2025-12-15 12:18:00,Lisa N.,False,
T104430,V1126,Freeman LLC,HR,INV-62193,28562.48,2025-12-15 12:45:00,Lisa J.,False,
T104711,V1127,Price Ltd,Procurement,INV-55017,47977.65,2025-12-15 13:10:00,Victor W.,False,
T100039,V1118,Nelson LLC,Procurement,INV-99353,55435.41,2025-12-15 13:46:00,Kristopher H.,False,
T100647,V1069,"Riggs, Roman and Rice",Facilities,INV-10679,86792.84,2025-12-15 14:49:00,Benjamin E.,False,
T104350,V1120,Mccarthy Inc,IT,INV-10888,36103.81,2025-12-15 15:37:00,Donna P.,False,
T103886,V1001,Rhodes PLC,Legal,INV-35046,104197.47,2025-12-15 15:41:00,Amanda T.,False,
T105020,V1088,Johnson and Sons,Legal,INV-76188,68401.0,2025-12-15 15:42:00,William R.,False,
T101118,V1034,Allen PLC,Marketing,INV-15083,46651.0,2025-12-15 15:44:00,Brittany B.,False,
T100329,V1050,Ramos PLC,Facilities,INV-92345,85827.11,2025-12-15 15:53:00,Samuel R.,False,
T105445,V1067,Ibarra-Suarez,Procurement,INV-69450,16783.05,2025-12-15 15:59:00,Bridget G.,False,
T102076,V1002,Johnson-Davis,IT,INV-17138,16000.51,2025-12-15 16:27:00,Scott G.,False,
T105109,V1007,Davis Inc,IT,INV-85588,57343.4,2025-12-15 16:33:00,Roger J.,False,
T102479,V1069,"Riggs, Roman and Rice",Operations,INV-49888,82075.55,2025-12-15 16:44:00,Jeremiah C.,False,
T102590,V1069,"Riggs, Roman and Rice",HR,INV-56900,92167.91,2025-12-15 16:58:00,Phillip P.,False,
T106067,V1038,"Campos, Vaughn and Marquez",Procurement,INV-20838,7500.0,2025-12-16 07:11:00,Robert H.,True,round_dollar
T103046,V1092,Johnson-Carlson,Facilities,INV-52583,10985.41,2025-12-16 09:45:00,Diane R.,False,
T105428,V1053,Barrera-Martin,Legal,INV-23318,39766.68,2025-12-16 10:16:00,Christopher Y.,False,
T102086,V1134,"Williams, Crane and Walker",Facilities,INV-72115,28067.6,2025-12-16 10:34:00,Amy C.,False,
T103584,V1043,"Young, Caldwell and Lewis",HR,INV-12371,54373.67,2025-12-16 10:43:00,Reginald L.,False,
T101937,V1073,"Walters, Baker and Freeman",Procurement,INV-79637,61624.46,2025-12-16 11:02:00,Paula W.,False,
T103240,V1088,Johnson and Sons,Operations,INV-94392,13227.99,2025-12-16 11:02:00,Stacie D.,False,
T102576,V1050,Ramos PLC,HR,INV-44257,58239.03,2025-12-16 11:21:00,Laura C.,False,
T104298,V1080,Fleming Ltd,IT,INV-42597,14035.23,2025-12-16 11:22:00,Timothy N.,False,
T101022,V1104,Campbell Ltd,Facilities,INV-56392,34967.01,2025-12-16 11:27:00,Casey E.,False,
T105845,V1139,Oconnell Inc,IT,INV-82974,63010.99,2025-12-16 11:55:00,Mark T.,False,
T101104,V1118,Nelson LLC,Facilities,INV-92211,27416.89,2025-12-16 12:27:00,Andrew W.,False,
T104766,V1051,"Kidd, Huff and Novak",Legal,INV-74664,22475.68,2025-12-16 12:37:00,Kevin R.,False,
T102875,V1104,Campbell Ltd,IT,INV-51317,34923.91,2025-12-16 13:56:00,Michael J.,False,
T105271,V1069,"Riggs, Roman and Rice",IT,INV-35122,36152.38,2025-12-16 14:11:00,Randy T.,False,
T105460,V1127,Price Ltd,Facilities,INV-66355,82500.92,2025-12-16 14:17:00,Adam B.,False,
T105485,V1094,"Lee, Williams and Graham",Legal,INV-41127,10721.96,2025-12-16 14:40:00,Riley B.,False,
T100311,V1114,Salazar-Ball,Facilities,INV-32280,10001.92,2025-12-16 14:50:00,Alison P.,False,
T101142,V1011,Stanley LLC,Marketing,INV-27342,27691.43,2025-12-16 15:00:00,Bryan N.,False,
T106064,V1016,"Hawkins, Cohen and Cameron",Procurement,INV-33219,15000.0,2025-12-16 15:24:00,Leah M.,True,round_dollar
T103077,V1030,Harrell LLC,Legal,INV-27079,10751.97,2025-12-16 15:35:00,Tracey S.,False,
T102599,V1050,Ramos PLC,Operations,INV-33006,109182.08,2025-12-16 15:38:00,Brandy B.,False,
T105974,V1069,"Riggs, Roman and Rice",HR,INV-73608,113586.14,2025-12-16 15:42:00,Jessica M.,False,
T104461,V1052,Martin Group,Operations,INV-42773,78430.25,2025-12-16 16:31:00,Kenneth R.,False,
T104037,V1069,"Riggs, Roman and Rice",Marketing,INV-41704,52590.83,2025-12-17 07:38:00,David W.,False,
T102387,V1069,"Riggs, Roman and Rice",Facilities,INV-57060,105606.38,2025-12-17 07:38:00,Chelsea S.,False,
T104451,V1112,Grant Inc,Marketing,INV-77901,57102.14,2025-12-17 08:04:00,Barbara S.,False,
T104454,V1139,Oconnell Inc,Procurement,INV-59966,91847.24,2025-12-17 08:14:00,Amanda R.,False,
T101815,V1134,"Williams, Crane and Walker",Legal,INV-56346,100467.5,2025-12-17 09:21:00,Jermaine C.,False,
T102154,V1104,Campbell Ltd,IT,INV-45580,47616.04,2025-12-17 09:51:00,Michelle C.,False,
T100305,V1092,Johnson-Carlson,IT,INV-39817,17141.89,2025-12-17 09:58:00,Brandon M.,False,
T103849,V1053,Barrera-Martin,Operations,INV-67070,59426.79,2025-12-17 10:07:00,David S.,False,
T103258,V1050,Ramos PLC,IT,INV-43039,98179.33,2025-12-17 10:27:00,Amy J.,False,
T104745,V1069,"Riggs, Roman and Rice",Procurement,INV-59803,34218.05,2025-12-17 10:31:00,Nicholas M.,False,
T101852,V1050,Ramos PLC,HR,INV-71000,65945.51,2025-12-17 10:41:00,John G.,False,
T101685,V1136,"Hernandez, Martinez and Caldwell",Facilities,INV-21247,2313.69,2025-12-17 11:23:00,Nicole W.,False,
T103019,V1121,Daniels-Perry,Procurement,INV-89609,34386.49,2025-12-17 11:38:00,Jillian H.,False,
T105678,V1139,Oconnell Inc,HR,INV-10993,99465.37,2025-12-17 11:40:00,Charles E.,False,
T102339,V1011,Stanley LLC,Marketing,INV-21237,70761.09,2025-12-17 11:41:00,Lori M.,False,
T104719,V1035,Dennis Inc,Legal,INV-53895,35354.39,2025-12-17 11:45:00,Larry M.,False,
T103464,V1137,Marshall LLC,Marketing,INV-99249,4561.4,2025-12-17 12:09:00,Amanda B.,False,
T101328,V1121,Daniels-Perry,Legal,INV-23621,48976.2,2025-12-17 12:27:00,Kimberly L.,False,
T102987,V1115,"Griffin, Moore and Hensley",Marketing,INV-18645,19036.68,2025-12-17 12:35:00,Jason H.,False,
T101422,V1126,Freeman LLC,Legal,INV-29603,41388.82,2025-12-17 13:26:00,Cindy H.,False,
T105193,V1050,Ramos PLC,Marketing,INV-24224,50744.33,2025-12-17 13:53:00,Jessica W.,False,
T101678,V1069,"Riggs, Roman and Rice",Operations,INV-21743,126138.71,2025-12-17 13:59:00,Monica T.,False,
T100804,V1034,Allen PLC,Facilities,INV-28198,123094.98,2025-12-17 14:24:00,Richard B.,False,
T101717,V1115,"Griffin, Moore and Hensley",Facilities,INV-28102,44835.77,2025-12-17 14:51:00,Robert T.,False,
T100777,V1050,Ramos PLC,IT,INV-81176,67488.18,2025-12-17 14:59:00,Michael T.,False,
T104111,V1120,Mccarthy Inc,Operations,INV-37563,16956.63,2025-12-17 15:19:00,Karen S.,False,
T102155,V1035,Dennis Inc,HR,INV-57516,17435.69,2025-12-17 15:44:00,Ronald P.,False,
T104401,V1052,Martin Group,Procurement,INV-79147,118118.27,2025-12-17 15:44:00,Aimee S.,False,
T103487,V1007,Davis Inc,IT,INV-71391,49201.31,2025-12-17 15:45:00,Megan S.,False,
T100198,V1052,Martin Group,Legal,INV-25866,165955.84,2025-12-17 16:38:00,Joseph M.,False,
T102022,V1011,Stanley LLC,Marketing,INV-75210,108525.83,2025-12-17 17:54:00,Nicholas P.,False,
T102320,V1012,Delacruz Group,Legal,INV-51864,27460.51,2025-12-18 08:26:00,Michael A.,False,
T106085,V9999,Meridian Consulting Partners LLC,Operations,INV-54625,6908.39,2025-12-18 09:36:00,Marcus T.,True,fabricated_invoice_benford
T102273,V1121,Daniels-Perry,Facilities,INV-63197,21542.93,2025-12-18 09:38:00,Matthew W.,False,
T101713,V1074,Davis Group,Marketing,INV-41504,10524.0,2025-12-18 11:14:00,Jessica N.,False,
T105638,V1055,Horton-Cross,HR,INV-70338,76702.61,2025-12-18 11:59:00,Timothy M.,False,
T103929,V1139,Oconnell Inc,HR,INV-37851,84789.71,2025-12-18 12:25:00,Jennifer S.,False,
T105489,V1062,Donovan-Harris,Operations,INV-15022,54875.65,2025-12-18 12:29:00,Jonathan W.,False,
T100673,V1121,Daniels-Perry,HR,INV-50760,87382.7,2025-12-18 12:32:00,Michael W.,False,
T103128,V1126,Freeman LLC,Facilities,INV-19103,11751.52,2025-12-18 12:38:00,Barbara T.,False,
T101597,V1113,Contreras-Travis,IT,INV-91937,28383.44,2025-12-18 12:39:00,Cody B.,False,
T100237,V1093,Graham-Joyce,Facilities,INV-29555,5064.43,2025-12-18 13:03:00,Vanessa B.,False,
T103411,V1115,"Griffin, Moore and Hensley",Legal,INV-85660,83772.04,2025-12-18 13:19:00,Zachary M.,False,
T102813,V1011,Stanley LLC,HR,INV-39156,54491.52,2025-12-18 13:44:00,Stephanie A.,False,
T103000,V1033,Koch-Decker,HR,INV-30380,70359.23,2025-12-18 14:32:00,Thomas G.,False,
T105831,V1073,"Walters, Baker and Freeman",Marketing,INV-57358,40278.6,2025-12-18 14:49:00,Jaclyn J.,False,
T105191,V1052,Martin Group,Facilities,INV-18292,91859.12,2025-12-18 15:27:00,Scott J.,False,
T100103,V1050,Ramos PLC,Legal,INV-44600,107850.07,2025-12-18 15:40:00,Benjamin M.,False,
T103894,V1055,Horton-Cross,Facilities,INV-14814,58169.73,2025-12-18 15:53:00,Andrea V.,False,
T100133,V1002,Johnson-Davis,HR,INV-97900,20310.63,2025-12-18 16:46:00,Martin H.,False,
T101162,V1033,Koch-Decker,HR,INV-72355,90330.59,2025-12-18 18:34:00,Robert D.,False,
T105437,V1139,Oconnell Inc,Marketing,INV-40653,99937.04,2025-12-18 18:38:00,Rebecca A.,False,
T100783,V1012,Delacruz Group,Procurement,INV-75639,44382.42,2025-12-19 07:46:00,Adam T.,False,
T101603,V1092,Johnson-Carlson,IT,INV-27659,43258.81,2025-12-19 08:24:00,Natalie F.,False,
T100838,V1055,Horton-Cross,Facilities,INV-68429,46857.66,2025-12-19 08:36:00,Eric P.,False,
T101595,V1129,"Ferguson, Meadows and Vargas",Facilities,INV-58679,7295.77,2025-12-19 08:38:00,Kenneth P.,False,
T103770,V1122,Price-Carrillo,Procurement,INV-45711,1266.76,2025-12-19 09:15:00,Kristen M.,False,
T104130,V1050,Ramos PLC,HR,INV-73837,59161.51,2025-12-19 09:58:00,Jeremy C.,False,
T105302,V1007,Davis Inc,IT,INV-71901,27306.89,2025-12-19 10:24:00,Colton W.,False,
T103385,V1001,Rhodes PLC,Marketing,INV-39667,64897.0,2025-12-19 10:46:00,James M.,False,
T100617,V1069,"Riggs, Roman and Rice",Procurement,INV-88238,74816.05,2025-12-19 11:40:00,Jennifer R.,False,
T101718,V1025,James-Ferrell,Operations,INV-27727,31107.39,2025-12-19 11:45:00,Brandi S.,False,
T102240,V1035,Dennis Inc,Legal,INV-49965,9422.18,2025-12-19 12:04:00,Hannah K.,False,
T100889,V1061,"Williams, Miller and Sandoval",Legal,INV-89988,770.04,2025-12-19 12:22:00,John O.,False,
T105959,V1033,Koch-Decker,Marketing,INV-66734,87051.1,2025-12-19 13:02:00,Rachel S.,False,
T104822,V1086,Garrison and Sons,Facilities,INV-99912,16813.77,2025-12-19 13:18:00,Troy P.,False,
T100256,V1050,Ramos PLC,HR,INV-62757,167094.11,2025-12-19 13:19:00,Dawn J.,False,
T102842,V1075,Smith and Sons,HR,INV-17563,16213.71,2025-12-19 13:23:00,Nicholas R.,False,
T100025,V1092,Johnson-Carlson,Facilities,INV-99733,12415.07,2025-12-19 13:35:00,Tony K.,False,
T102168,V1038,"Campos, Vaughn and Marquez",IT,INV-26429,16219.68,2025-12-19 14:14:00,Kim M.,False,
T104990,V1104,Campbell Ltd,Procurement,INV-61562,57222.26,2025-12-19 14:18:00,Brandon C.,False,
T102796,V1002,Johnson-Davis,Legal,INV-97342,7628.47,2025-12-19 14:20:00,Melissa J.,False,
T103878,V1127,Price Ltd,Marketing,INV-32671,21200.85,2025-12-19 14:32:00,Denise M.,False,
T103975,V1113,Contreras-Travis,Facilities,INV-78623,37935.23,2025-12-19 14:39:00,Adam S.,False,
T104724,V1033,Koch-Decker,Procurement,INV-39597,140070.47,2025-12-19 14:48:00,James B.,False,
T103505,V1001,Rhodes PLC,Procurement,INV-18800,23187.33,2025-12-19 15:12:00,Cassandra T.,False,
T105141,V1052,Martin Group,IT,INV-72499,97010.18,2025-12-19 15:55:00,Elizabeth B.,False,
T101558,V1033,Koch-Decker,Marketing,INV-72530,92575.73,2025-12-19 15:59:00,Misty D.,False,
T101059,V1033,Koch-Decker,Facilities,INV-33292,75840.69,2025-12-19 16:18:00,Debra D.,False,
T104744,V1116,Larsen LLC,Operations,INV-56013,13677.0,2025-12-19 16:37:00,Timothy H.,False,
T103288,V1034,Allen PLC,Marketing,INV-93113,52933.99,2025-12-19 16:43:00,Andrew R.,False,
T102729,V1012,Delacruz Group,Marketing,INV-13517,43318.49,2025-12-19 18:38:00,Michael F.,False,
T104057,V1112,Grant Inc,IT,INV-69031,41737.52,2025-12-19 19:28:00,Alexandra F.,False,
T102511,V1069,"Riggs, Roman and Rice",Marketing,INV-72043,158041.83,2025-12-22 07:13:00,Rebecca H.,False,
T102795,V1069,"Riggs, Roman and Rice",IT,INV-32980,52006.8,2025-12-22 10:08:00,Traci P.,False,
T102685,V1080,Fleming Ltd,HR,INV-74853,28157.24,2025-12-22 10:30:00,Erica R.,False,
T102652,V1094,"Lee, Williams and Graham",Marketing,INV-88612,19816.48,2025-12-22 10:44:00,Keith B.,False,
T104055,V1062,Donovan-Harris,Marketing,INV-74431,62116.91,2025-12-22 11:04:00,Crystal W.,False,
T105470,V1069,"Riggs, Roman and Rice",Marketing,INV-22014,141257.59,2025-12-22 11:41:00,Sara C.,False,
T101057,V1053,Barrera-Martin,Operations,INV-56769,40050.5,2025-12-22 11:56:00,Eric M.,False,
T103821,V1050,Ramos PLC,Operations,INV-70108,91587.26,2025-12-22 12:06:00,Sandra P.,False,
T100167,V1033,Koch-Decker,HR,INV-38043,59910.08,2025-12-22 12:09:00,Felicia J.,False,
T100815,V1103,"Kennedy, Santana and Flynn",Marketing,INV-51180,2703.04,2025-12-22 12:12:00,Dominique W.,False,
T101282,V1033,Koch-Decker,IT,INV-25126,72870.4,2025-12-22 12:40:00,Andrea G.,False,
T102011,V1118,Nelson LLC,Legal,INV-72391,19323.76,2025-12-22 13:51:00,Barbara C.,False,
T104726,V1103,"Kennedy, Santana and Flynn",Legal,INV-34684,1523.22,2025-12-22 13:57:00,Lisa R.,False,
T103095,V1052,Martin Group,HR,INV-62100,97050.6,2025-12-22 14:12:00,Jordan N.,False,
T100817,V1094,"Lee, Williams and Graham",Marketing,INV-85481,11362.7,2025-12-22 14:40:00,Jamie T.,False,
T106091,V9999,Meridian Consulting Partners LLC,Operations,INV-26424,8500.45,2025-12-22 14:43:00,Marcus T.,True,fabricated_invoice_benford
T100988,V1088,Johnson and Sons,Procurement,INV-53911,33361.73,2025-12-22 14:56:00,Melanie D.,False,
T101189,V1076,Martin-Ramos,IT,INV-50906,22613.4,2025-12-22 14:56:00,Benjamin B.,False,
T103400,V1113,Contreras-Travis,Procurement,INV-74828,29101.74,2025-12-22 15:04:00,Leah B.,False,
T104729,V1030,Harrell LLC,Facilities,INV-63230,3557.11,2025-12-22 15:19:00,Linda E.,False,
T102674,V1112,Grant Inc,IT,INV-88584,36595.62,2025-12-22 15:23:00,Lauren C.,False,
T104810,V1115,"Griffin, Moore and Hensley",HR,INV-89325,55509.21,2025-12-22 15:35:00,Denise I.,False,
T103983,V1139,Oconnell Inc,Procurement,INV-59051,73880.49,2025-12-22 15:51:00,John R.,False,
T102314,V1115,"Griffin, Moore and Hensley",Legal,INV-16828,45899.12,2025-12-22 16:01:00,Michael W.,False,
T101566,V1076,Martin-Ramos,IT,INV-47313,31397.06,2025-12-22 16:43:00,Jill W.,False,
T101693,V1051,"Kidd, Huff and Novak",HR,INV-12410,13223.45,2025-12-22 16:44:00,Teresa W.,False,
T105205,V1121,Daniels-Perry,Procurement,INV-40112,47450.21,2025-12-22 17:08:00,Ashley T.,False,
T100867,V1121,Daniels-Perry,Operations,INV-60916,40152.85,2025-12-22 17:09:00,Luis N.,False,
T105860,V1055,Horton-Cross,HR,INV-65770,55247.5,2025-12-22 17:59:00,Felicia L.,False,
T104248,V1118,Nelson LLC,Facilities,INV-59082,27090.92,2025-12-22 19:33:00,Laura J.,False,
T101122,V1134,"Williams, Crane and Walker",Procurement,INV-39878,54699.23,2025-12-23 07:43:00,Marie N.,False,
T102052,V1139,Oconnell Inc,Procurement,INV-69302,61056.54,2025-12-23 07:52:00,Alice F.,False,
T102084,V1009,"Martinez, Nielsen and Miller",Marketing,INV-29726,18385.31,2025-12-23 09:09:00,Thomas R.,False,
T100351,V1139,Oconnell Inc,Marketing,INV-86983,123210.5,2025-12-23 09:34:00,Benjamin W.,False,
T100171,V1062,Donovan-Harris,Legal,INV-85456,51827.83,2025-12-23 10:01:00,Steven R.,False,
T103586,V1069,"Riggs, Roman and Rice",Marketing,INV-65945,52773.88,2025-12-23 11:08:00,Jenna T.,False,
T105082,V1115,"Griffin, Moore and Hensley",Legal,INV-59752,26925.35,2025-12-23 11:16:00,David B.,False,
T105726,V1078,"Johnson, Wood and Tran",Operations,INV-10396,603.32,2025-12-23 11:17:00,Dawn G.,False,
T105528,V1134,"Williams, Crane and Walker",HR,INV-24300,119322.71,2025-12-23 11:55:00,Morgan M.,False,
T106090,V9999,Meridian Consulting Partners LLC,Operations,INV-41671,8262.51,2025-12-23 11:57:00,Marcus T.,True,fabricated_invoice_benford
T102774,V1033,Koch-Decker,Legal,INV-93203,133603.32,2025-12-23 12:03:00,Chloe W.,False,
T101754,V1043,"Young, Caldwell and Lewis",Facilities,INV-61520,61692.65,2025-12-23 12:34:00,Guy H.,False,
T105882,V1115,"Griffin, Moore and Hensley",HR,INV-60576,52139.46,2025-12-23 12:37:00,Tracy H.,False,
T102930,V1055,Horton-Cross,Facilities,INV-81828,42305.37,2025-12-23 12:59:00,Michael P.,False,
T105183,V1092,Johnson-Carlson,Procurement,INV-22780,10547.29,2025-12-23 13:10:00,Anne B.,False,
T100138,V1112,Grant Inc,Operations,INV-26683,82090.09,2025-12-23 13:18:00,Louis K.,False,
T101606,V1093,Graham-Joyce,Facilities,INV-84278,9980.56,2025-12-23 13:31:00,Andrew L.,False,
T101451,V1069,"Riggs, Roman and Rice",HR,INV-16822,103824.22,2025-12-23 14:43:00,Mary V.,False,
T100496,V1001,Rhodes PLC,Facilities,INV-71487,48051.22,2025-12-23 14:53:00,Derek J.,False,
T100922,V1127,Price Ltd,Legal,INV-25806,32408.06,2025-12-23 15:21:00,Lauren H.,False,
T103266,V1011,Stanley LLC,IT,INV-84752,50945.44,2025-12-23 15:27:00,Jessica D.,False,
T103860,V1094,"Lee, Williams and Graham",IT,INV-45936,14888.71,2025-12-23 15:45:00,Vanessa M.,False,
T102861,V1088,Johnson and Sons,Operations,INV-64636,36653.08,2025-12-23 16:26:00,Tracy V.,False,
T102587,V1069,"Riggs, Roman and Rice",Procurement,INV-70646,222788.69,2025-12-23 19:00:00,Robert W.,False,
T104650,V1009,"Martinez, Nielsen and Miller",Operations,INV-18907,10724.67,2025-12-23 19:26:00,Joshua C.,False,
T101042,V1050,Ramos PLC,Operations,INV-13697,37916.83,2025-12-24 07:22:00,Pamela S.,False,
T102750,V1073,"Walters, Baker and Freeman",Procurement,INV-61583,63437.25,2025-12-24 07:36:00,David S.,False,
T102846,V1115,"Griffin, Moore and Hensley",HR,INV-29383,30206.86,2025-12-24 10:42:00,Lisa S.,False,
T104600,V1118,Nelson LLC,Facilities,INV-52183,46531.93,2025-12-24 11:12:00,John B.,False,
T101851,V1034,Allen PLC,Procurement,INV-69714,36753.89,2025-12-24 11:29:00,Leslie T.,False,
T102859,V1052,Martin Group,Procurement,INV-32072,78706.73,2025-12-24 12:19:00,Leslie H.,False,
T100956,V1065,Ellis PLC,HR,INV-41278,3322.27,2025-12-24 12:27:00,Kathleen A.,False,
T102751,V1052,Martin Group,Facilities,INV-30700,94424.77,2025-12-24 13:02:00,Michael V.,False,
T105276,V1115,"Griffin, Moore and Hensley",Operations,INV-33390,17944.77,2025-12-24 13:32:00,Samantha B.,False,
T103919,V1001,Rhodes PLC,Facilities,INV-84447,95396.46,2025-12-24 13:33:00,Lindsay D.,False,
T101549,V1007,Davis Inc,Facilities,INV-87441,38347.07,2025-12-24 13:34:00,Emma H.,False,
T100231,V1080,Fleming Ltd,HR,INV-74340,23515.11,2025-12-24 14:08:00,Deanna B.,False,
T105218,V1011,Stanley LLC,Procurement,INV-77889,57401.22,2025-12-24 14:40:00,Phillip L.,False,
T104410,V1080,Fleming Ltd,Facilities,INV-22930,61507.11,2025-12-24 15:02:00,Jean P.,False,
T100292,V1139,Oconnell Inc,Operations,INV-60196,41692.43,2025-12-24 15:15:00,Chelsea B.,False,
T100009,V1002,Johnson-Davis,IT,INV-46421,36860.94,2025-12-24 15:27:00,Amanda S.,False,
T104961,V1011,Stanley LLC,Operations,INV-57578,42031.34,2025-12-24 15:34:00,Crystal H.,False,
T104567,V1055,Horton-Cross,Operations,INV-98892,26237.0,2025-12-24 15:43:00,Gregory L.,False,
T100905,V1127,Price Ltd,Legal,INV-18300,50090.68,2025-12-24 17:22:00,Adriana B.,False,
T101429,V1033,Koch-Decker,Marketing,INV-40079,57305.31,2025-12-24 17:33:00,Robert M.,False,
T105805,V1001,Rhodes PLC,Facilities,INV-57227,83176.03,2025-12-25 07:01:00,Calvin F.,False,
T101043,V1120,Mccarthy Inc,Operations,INV-83873,20029.96,2025-12-25 09:22:00,Michael S.,False,
T104742,V1112,Grant Inc,Legal,INV-60299,37375.25,2025-12-25 09:30:00,Cathy G.,False,
T101780,V1121,Daniels-Perry,Operations,INV-83685,26551.97,2025-12-25 09:38:00,Theresa M.,False,
T104143,V1076,Martin-Ramos,HR,INV-51151,6071.59,2025-12-25 09:45:00,Gloria W.,False,
T102294,V1011,Stanley LLC,IT,INV-81531,87359.21,2025-12-25 10:07:00,Sherry B.,False,
T104618,V1115,"Griffin, Moore and Hensley",Legal,INV-11430,89697.55,2025-12-25 10:52:00,Steven H.,False,
T105360,V1112,Grant Inc,Operations,INV-71994,35065.26,2025-12-25 11:01:00,Calvin J.,False,
T104058,V1119,Taylor and Sons,Operations,INV-46083,3271.72,2025-12-25 11:16:00,Krystal J.,False,
T104312,V1053,Barrera-Martin,Operations,INV-48824,89034.23,2025-12-25 11:41:00,Vanessa H.,False,
T103803,V1055,Horton-Cross,Marketing,INV-26683,77381.5,2025-12-25 12:04:00,Sarah M.,False,
T105857,V1094,"Lee, Williams and Graham",Procurement,INV-24208,53789.82,2025-12-25 12:18:00,Pamela L.,False,
T103242,V1112,Grant Inc,Operations,INV-11041,48145.74,2025-12-25 12:52:00,William W.,False,
T102746,V1069,"Riggs, Roman and Rice",HR,INV-48987,46728.02,2025-12-25 12:53:00,Stephanie M.,False,
T105716,V1139,Oconnell Inc,Marketing,INV-12487,69003.52,2025-12-25 12:54:00,John K.,False,
T104501,V1074,Davis Group,HR,INV-42688,32742.87,2025-12-25 13:17:00,James R.,False,
T102301,V1087,Bailey-Hoover,Legal,INV-99816,7317.49,2025-12-25 13:23:00,Janet V.,False,
T105105,V1121,Daniels-Perry,Procurement,INV-92685,36109.63,2025-12-25 13:55:00,David Y.,False,
T105011,V1070,"Evans, Alvarado and Mcmillan",Procurement,INV-31519,26283.99,2025-12-25 14:11:00,Peter D.,False,
T101110,V1033,Koch-Decker,Operations,INV-78493,77066.74,2025-12-25 14:39:00,Robert W.,False,
T102926,V1104,Campbell Ltd,Procurement,INV-33464,141698.47,2025-12-25 14:47:00,Daniel G.,False,
T102897,V1115,"Griffin, Moore and Hensley",Procurement,INV-67002,29242.84,2025-12-25 15:05:00,John H.,False,
T101571,V1087,Bailey-Hoover,Marketing,INV-34613,11647.59,2025-12-25 15:39:00,Bill M.,False,
T105206,V1052,Martin Group,Legal,INV-24832,64605.35,2025-12-25 16:34:00,Elizabeth K.,False,
T103059,V1002,Johnson-Davis,Operations,INV-90098,27853.01,2025-12-25 16:46:00,Deborah B.,False,
T103576,V1007,Davis Inc,Legal,INV-14634,50257.27,2025-12-26 07:53:00,Robert G.,False,
T103906,V1113,Contreras-Travis,HR,INV-57039,18745.28,2025-12-26 08:06:00,Lorraine S.,False,
T105926,V1001,Rhodes PLC,Legal,INV-72828,46840.43,2025-12-26 08:08:00,Jody M.,False,
T103169,V1001,Rhodes PLC,Facilities,INV-57409,90130.45,2025-12-26 09:05:00,Jessica E.,False,
T104555,V1087,Bailey-Hoover,Procurement,INV-34667,6968.26,2025-12-26 09:48:00,Todd N.,False,
T101202,V1094,"Lee, Williams and Graham",Facilities,INV-99881,19439.62,2025-12-26 10:09:00,Jessica K.,False,
T104653,V1045,Davis Group,Operations,INV-58249,3851.02,2025-12-26 11:05:00,Justin W.,False,
T100119,V1104,Campbell Ltd,Marketing,INV-15075,42514.15,2025-12-26 11:06:00,Deborah M.,False,
T105752,V1104,Campbell Ltd,Operations,INV-84915,44236.8,2025-12-26 12:48:00,Linda C.,False,
T100213,V1092,Johnson-Carlson,IT,INV-82848,16077.02,2025-12-26 12:56:00,Sherry M.,False,
T100961,V1034,Allen PLC,Facilities,INV-75065,65239.33,2025-12-26 13:00:00,Michelle M.,False,
T100772,V1076,Martin-Ramos,Procurement,INV-75517,46236.43,2025-12-26 13:10:00,John P.,False,
T104337,V1034,Allen PLC,Operations,INV-39355,48428.95,2025-12-26 13:41:00,Dale B.,False,
T103252,V1034,Allen PLC,Marketing,INV-24984,32581.23,2025-12-26 13:47:00,Nicholas C.,False,
T100830,V1043,"Young, Caldwell and Lewis",Legal,INV-80373,88908.56,2025-12-26 13:57:00,Cynthia B.,False,
T103501,V1052,Martin Group,Operations,INV-28894,94559.57,2025-12-26 15:13:00,Amy C.,False,
T101639,V1055,Horton-Cross,Marketing,INV-23644,41256.32,2025-12-26 15:42:00,Karen B.,False,
T102920,V1080,Fleming Ltd,Operations,INV-51961,25213.5,2025-12-26 16:02:00,Linda M.,False,
T102074,V1052,Martin Group,Legal,INV-39548,82493.95,2025-12-26 16:13:00,Michael U.,False,
T105303,V1052,Martin Group,IT,INV-47178,52233.32,2025-12-26 16:31:00,Jenna W.,False,
T100007,V1052,Martin Group,Marketing,INV-38893,132933.15,2025-12-26 17:34:00,Linda H.,False,
T105980,V1034,Allen PLC,IT,INV-69579,27841.53,2025-12-26 17:48:00,Vanessa M.,False,
T102577,V1115,"Griffin, Moore and Hensley",IT,INV-42234,38483.08,2025-12-29 09:28:00,Rebecca L.,False,
T102376,V1126,Freeman LLC,Marketing,INV-69513,123441.06,2025-12-29 09:42:00,Roger S.,False,
T100822,V1104,Campbell Ltd,Marketing,INV-48185,20979.97,2025-12-29 10:13:00,Amber R.,False,
T104771,V1073,"Walters, Baker and Freeman",HR,INV-58272,17811.65,2025-12-29 10:33:00,Robert S.,False,
T100204,V1033,Koch-Decker,Marketing,INV-33086,69110.55,2025-12-29 11:09:00,Erica C.,False,
T103961,V1069,"Riggs, Roman and Rice",IT,INV-35901,115138.62,2025-12-29 11:37:00,Gregory R.,False,
T100456,V1073,"Walters, Baker and Freeman",Marketing,INV-78690,50841.28,2025-12-29 12:28:00,Kyle S.,False,
T104390,V1035,Dennis Inc,Legal,INV-87481,18050.89,2025-12-29 12:48:00,Craig P.,False,
T104881,V1033,Koch-Decker,Facilities,INV-22108,49018.83,2025-12-29 12:58:00,Jennifer H.,False,
T101065,V1112,Grant Inc,HR,INV-54007,52997.27,2025-12-29 13:42:00,Diane T.,False,
T105995,V1011,Stanley LLC,IT,INV-58030,107707.01,2025-12-29 13:56:00,Rebecca S.,False,
T104362,V1052,Martin Group,IT,INV-75494,104524.59,2025-12-29 14:27:00,Sheila M.,False,
T101160,V1086,Garrison and Sons,Legal,INV-34892,34201.7,2025-12-29 14:36:00,Nicole M.,False,
T103137,V1112,Grant Inc,Facilities,INV-28249,71830.18,2025-12-29 15:05:00,Melissa E.,False,
T104284,V1118,Nelson LLC,Operations,INV-89513,44486.84,2025-12-29 15:31:00,Kim B.,False,
T105568,V1043,"Young, Caldwell and Lewis",Legal,INV-23875,112168.22,2025-12-29 15:34:00,James W.,False,
T100229,V1043,"Young, Caldwell and Lewis",Facilities,INV-45954,145702.19,2025-12-29 15:34:00,Michael P.,False,
T103534,V1113,Contreras-Travis,Operations,INV-96364,17390.07,2025-12-29 15:59:00,Peter J.,False,
T100467,V1008,Munoz-Roman,IT,INV-83259,4256.83,2025-12-29 16:05:00,Christopher C.,False,
T101951,V1139,Oconnell Inc,Procurement,INV-89257,103643.81,2025-12-29 16:07:00,Teresa Y.,False,
T103104,V1050,Ramos PLC,Operations,INV-25611,151891.58,2025-12-29 16:17:00,Linda M.,False,
T104549,V1080,Fleming Ltd,Operations,INV-34387,30217.96,2025-12-29 17:31:00,Michael G.,False,
T102342,V1034,Allen PLC,HR,INV-88275,48356.99,2025-12-29 18:27:00,Beverly F.,False,
T100876,V1074,Davis Group,Marketing,INV-74054,5972.83,2025-12-30 07:53:00,Lauren G.,False,
T101701,V1070,"Evans, Alvarado and Mcmillan",IT,INV-73525,18777.34,2025-12-30 10:06:00,Lisa G.,False,
T105930,V1011,Stanley LLC,Facilities,INV-45101,41337.81,2025-12-30 10:16:00,Kathleen F.,False,
T102166,V1034,Allen PLC,Procurement,INV-25544,203132.92,2025-12-30 10:19:00,Sydney L.,False,
T100427,V1115,"Griffin, Moore and Hensley",Marketing,INV-47947,24093.79,2025-12-30 10:40:00,Shelby L.,False,
T104902,V1052,Martin Group,HR,INV-42534,76564.97,2025-12-30 11:07:00,Gregory S.,False,
T101281,V1096,Jones-Beck,Facilities,INV-76046,4879.33,2025-12-30 11:41:00,Christopher H.,False,
T103232,V1115,"Griffin, Moore and Hensley",Marketing,INV-43809,24629.35,2025-12-30 11:49:00,Ronald J.,False,
T105008,V1070,"Evans, Alvarado and Mcmillan",IT,INV-68931,18901.85,2025-12-30 11:55:00,Andrew N.,False,
T103448,V1112,Grant Inc,Operations,INV-97023,66275.0,2025-12-30 12:21:00,Michael H.,False,
T102738,V1092,Johnson-Carlson,Marketing,INV-30811,29916.31,2025-12-30 12:42:00,Michael F.,False,
T100848,V1112,Grant Inc,Procurement,INV-54967,42009.5,2025-12-30 13:07:00,Kimberly H.,False,
T101532,V1043,"Young, Caldwell and Lewis",Operations,INV-94494,30960.65,2025-12-30 13:17:00,David P.,False,
T104694,V1139,Oconnell Inc,HR,INV-72805,62695.69,2025-12-30 15:18:00,Judy H.,False,
T100277,V1126,Freeman LLC,IT,INV-82199,37330.48,2025-12-30 16:10:00,Nathan A.,False,
T102346,V1055,Horton-Cross,Legal,INV-15965,30902.93,2025-12-30 17:47:00,Sergio H.,False,
T103847,V1080,Fleming Ltd,Legal,INV-67310,37696.69,2025-12-31 08:09:00,Ryan H.,False,
T100487,V1118,Nelson LLC,Operations,INV-26341,48338.75,2025-12-31 08:54:00,Chase T.,False,
T103398,V1028,Chavez Ltd,IT,INV-83205,9947.94,2025-12-31 09:05:00,Pamela S.,False,
T105094,V1092,Johnson-Carlson,Operations,INV-81573,20509.49,2025-12-31 10:35:00,Ronald R.,False,
T100966,V1069,"Riggs, Roman and Rice",HR,INV-20101,87732.15,2025-12-31 10:36:00,Ronnie J.,False,
T105991,V1038,"Campos, Vaughn and Marquez",Marketing,INV-28057,22475.32,2025-12-31 10:37:00,Michelle C.,False,
T105208,V1104,Campbell Ltd,Legal,INV-27723,28739.41,2025-12-31 10:47:00,Laura T.,False,
T103190,V1011,Stanley LLC,IT,INV-84981,33955.42,2025-12-31 10:53:00,Phillip J.,False,
T103070,V1065,Ellis PLC,Facilities,INV-51922,9414.39,2025-12-31 11:26:00,Christopher P.,False,
T104474,V1053,Barrera-Martin,Operations,INV-35506,14132.05,2025-12-31 12:12:00,Kevin B.,False,
T103689,V1034,Allen PLC,Procurement,INV-54146,63128.48,2025-12-31 12:18:00,Charles D.,False,
T104860,V1082,Hancock and Sons,Marketing,INV-29711,1408.24,2025-12-31 12:28:00,Barbara B.,False,
T103261,V1034,Allen PLC,Legal,INV-65013,54826.42,2025-12-31 12:28:00,Matthew B.,False,
T102510,V1121,Daniels-Perry,Facilities,INV-77264,18539.66,2025-12-31 12:29:00,Alexis C.,False,
T100553,V1116,Larsen LLC,HR,INV-93584,37776.23,2025-12-31 12:45:00,Rachel L.,False,
T101765,V1001,Rhodes PLC,Marketing,INV-50378,53892.66,2025-12-31 13:03:00,Linda M.,False,
T102890,V1121,Daniels-Perry,Legal,INV-78164,47086.01,2025-12-31 13:09:00,John F.,False,
T103957,V1104,Campbell Ltd,Legal,INV-80126,51915.03,2025-12-31 13:21:00,Sierra S.,False,
T105872,V1112,Grant Inc,Operations,INV-26757,29236.26,2025-12-31 13:31:00,Megan K.,False,
T101145,V1033,Koch-Decker,HR,INV-46094,69153.44,2025-12-31 13:45:00,Sharon M.,False,
T105546,V1112,Grant Inc,Operations,INV-47753,108026.73,2025-12-31 13:53:00,Alan M.,False,
T103684,V1001,Rhodes PLC,Marketing,INV-23237,90748.09,2025-12-31 13:59:00,Michelle C.,False,
T101758,V1033,Koch-Decker,Facilities,INV-26193,66332.69,2025-12-31 14:50:00,Michelle W.,False,
T100377,V1050,Ramos PLC,Marketing,INV-19632,136801.13,2025-12-31 14:58:00,Jeanne M.,False,
T103661,V1134,"Williams, Crane and Walker",Facilities,INV-59655,143656.49,2025-12-31 15:22:00,David T.,False,
T104929,V1075,Smith and Sons,IT,INV-17849,38179.45,2025-12-31 15:35:00,Jennifer C.,False,
T104892,V1069,"Riggs, Roman and Rice",Procurement,INV-23305,98306.86,2025-12-31 16:04:00,Charles M.,False,
T106013,V1126,Freeman LLC,IT,INV-82199,37330.48,2025-12-31 16:10:00,Nathan A.,True,duplicate_payment
T102502,V1134,"Williams, Crane and Walker",Legal,INV-64008,80019.28,2025-12-31 16:27:00,Jason V.,False,
T101457,V1033,Koch-Decker,Procurement,INV-32973,78541.69,2025-12-31 16:38:00,Timothy C.,False,
T100780,V1104,Campbell Ltd,Marketing,INV-20084,74200.44,2025-12-31 16:52:00,Susan W.,False,
T105121,V1118,Nelson LLC,Facilities,INV-42767,48338.47,2025-12-31 17:02:00,Brian A.,False,
T102792,V1001,Rhodes PLC,Legal,INV-84606,65195.65,2025-12-31 17:34:00,Stephen F.,False,
T104823,V1080,Fleming Ltd,Operations,INV-52092,31648.02,2025-12-31 17:34:00,Greg P.,False,
T105937,V1043,"Young, Caldwell and Lewis",Operations,INV-37799,78766.08,2025-12-31 17:36:00,Heather J.,False,
