Age,Income,Bank_Balance,Num_Kids,Pushups_Per_Day
58,59395.206461000686,46043.907871647534,6,29
71,76052.57642403262,55815.18632576166,2,5
48,45095.60932988243,37493.312396585185,3,23
34,31374.15096410926,23420.75868784752,5,31
62,59143.09917122929,48841.0500781515,2,10
27,22379.585811264475,23295.440933825215,5,47
80,66937.254936532,69618.97606207558,7,11
40,44751.848411984516,33288.4660437592,3,38
58,62082.22540475664,47144.43833044536,3,17
77,69380.62001192069,61069.128675815096,2,20
